#----------------------------------------------------------
# KonaKart v6.5.1.0 demo database script for MySQL database
#----------------------------------------------------------
#
# Note: 
# This demo script contains a copy of the demo script downloadable 
# from the osCommerce web site http://www.oscommerce.com and so retains the
# osCommerce copyright.  KonaKart uses many additional tables and configuration parameters
# which are appended to the original script and are released with a DS Data Systems UK Ltd. copyright.
#
# $Id: oscommerce.sql,v 1.84 2003/05/27 17:32:16 hpdl Exp $
#
# osCommerce, Open Source E-Commerce Solutions
# http://www.oscommerce.com
# 
# Copyright (c) 2003 osCommerce
#
# Released under the GNU General Public License
#
DROP TABLE IF EXISTS address_book;
CREATE TABLE address_book (
   address_book_id int NOT NULL auto_increment,
   customers_id int NOT NULL,
   entry_gender char(1) NOT NULL,
   entry_company varchar(32),
   entry_firstname varchar(32) NOT NULL,
   entry_lastname varchar(32) NOT NULL,
   entry_street_address varchar(64) NOT NULL,
   entry_suburb varchar(32),
   entry_postcode varchar(10) NOT NULL,
   entry_city varchar(32) NOT NULL,
   entry_state varchar(32),
   entry_country_id int DEFAULT '0' NOT NULL,
   entry_zone_id int DEFAULT '0' NOT NULL,
   PRIMARY KEY (address_book_id),
   KEY idx_address_book_customers_id (customers_id)
);

DROP TABLE IF EXISTS address_format;
CREATE TABLE address_format (
  address_format_id int NOT NULL auto_increment,
  address_format varchar(128) NOT NULL,
  address_summary varchar(48) NOT NULL,
  PRIMARY KEY (address_format_id)
);

DROP TABLE IF EXISTS banners;
CREATE TABLE banners (
  banners_id int NOT NULL auto_increment,
  banners_title varchar(64) NOT NULL,
  banners_url varchar(255) NOT NULL,
  banners_image varchar(64) NOT NULL,
  banners_group varchar(10) NOT NULL,
  banners_html_text text,
  expires_impressions int(7) DEFAULT '0',
  expires_date datetime DEFAULT NULL,
  date_scheduled datetime DEFAULT NULL,
  date_added datetime NOT NULL,
  date_status_change datetime DEFAULT NULL,
  status int(1) DEFAULT '1' NOT NULL,
  PRIMARY KEY  (banners_id)
);

DROP TABLE IF EXISTS banners_history;
CREATE TABLE banners_history (
  banners_history_id int NOT NULL auto_increment,
  banners_id int NOT NULL,
  banners_shown int(5) NOT NULL DEFAULT '0',
  banners_clicked int(5) NOT NULL DEFAULT '0',
  banners_history_date datetime NOT NULL,
  PRIMARY KEY  (banners_history_id)
);

DROP TABLE IF EXISTS categories;
CREATE TABLE categories (
   categories_id int NOT NULL auto_increment,
   categories_image varchar(64),
   parent_id int DEFAULT '0' NOT NULL,
   sort_order int(3),
   date_added datetime,
   last_modified datetime,
   PRIMARY KEY (categories_id),
   KEY idx_categories_parent_id (parent_id)
);

DROP TABLE IF EXISTS categories_description;
CREATE TABLE categories_description (
   categories_id int DEFAULT '0' NOT NULL,
   language_id int DEFAULT '1' NOT NULL,
   categories_name varchar(32) NOT NULL,
   PRIMARY KEY (categories_id, language_id),
   KEY idx_categories_name (categories_name)
);

DROP TABLE IF EXISTS configuration;
CREATE TABLE configuration (
  configuration_id int NOT NULL auto_increment,
  configuration_title varchar(64) NOT NULL,
  configuration_key varchar(64) NOT NULL,
  configuration_value varchar(255) NOT NULL,
  configuration_description varchar(255) NOT NULL,
  configuration_group_id int NOT NULL,
  sort_order int(5) NULL,
  last_modified datetime NULL,
  date_added datetime NOT NULL,
  use_function varchar(255) NULL,
  set_function varchar(255) NULL,
  PRIMARY KEY (configuration_id)
);

DROP TABLE IF EXISTS configuration_group;
CREATE TABLE configuration_group (
  configuration_group_id int NOT NULL auto_increment,
  configuration_group_title varchar(64) NOT NULL,
  configuration_group_description varchar(255) NOT NULL,
  sort_order int(5) NULL,
  visible int(1) DEFAULT '1' NULL,
  PRIMARY KEY (configuration_group_id)
);

DROP TABLE IF EXISTS counter;
CREATE TABLE counter (
  startdate char(8),
  counter int(12)
);

DROP TABLE IF EXISTS counter_history;
CREATE TABLE counter_history (
  month char(8),
  counter int(12)
);

DROP TABLE IF EXISTS countries;
CREATE TABLE countries (
  countries_id int NOT NULL auto_increment,
  countries_name varchar(64) NOT NULL,
  countries_iso_code_2 char(2) NOT NULL,
  countries_iso_code_3 char(3) NOT NULL,
  address_format_id int NOT NULL,
  PRIMARY KEY (countries_id),
  KEY IDX_COUNTRIES_NAME (countries_name)
);

DROP TABLE IF EXISTS currencies;
CREATE TABLE currencies (
  currencies_id int NOT NULL auto_increment,
  title varchar(32) NOT NULL,
  code char(3) NOT NULL,
  symbol_left varchar(12),
  symbol_right varchar(12),
  decimal_point char(1),
  thousands_point char(1),
  decimal_places char(1),
  value float(13,8),
  last_updated datetime NULL,
  PRIMARY KEY (currencies_id)
);

DROP TABLE IF EXISTS customers;
CREATE TABLE customers (
   customers_id int NOT NULL auto_increment,
   customers_gender char(1) NOT NULL,
   customers_firstname varchar(32) NOT NULL,
   customers_lastname varchar(32) NOT NULL,
   customers_dob datetime DEFAULT '0000-00-00 00:00:00' NOT NULL,
   customers_email_address varchar(96) NOT NULL,
   customers_default_address_id int NOT NULL,
   customers_telephone varchar(32) NOT NULL,
   customers_fax varchar(32),
   customers_password varchar(40) NOT NULL,
   customers_newsletter char(1),
   PRIMARY KEY (customers_id)
);

DROP TABLE IF EXISTS customers_basket;
CREATE TABLE customers_basket (
  customers_basket_id int NOT NULL auto_increment,
  customers_id int NOT NULL,
  products_id tinytext NOT NULL,
  customers_basket_quantity int(2) NOT NULL,
  final_price decimal(15,4) NOT NULL,
  customers_basket_date_added char(8),
  PRIMARY KEY (customers_basket_id)
);

DROP TABLE IF EXISTS customers_basket_attributes;
CREATE TABLE customers_basket_attributes (
  customers_basket_attributes_id int NOT NULL auto_increment,
  customers_id int NOT NULL,
  products_id tinytext NOT NULL,
  products_options_id int NOT NULL,
  products_options_value_id int NOT NULL,
  PRIMARY KEY (customers_basket_attributes_id)
);

DROP TABLE IF EXISTS customers_info;
CREATE TABLE customers_info (
  customers_info_id int NOT NULL,
  customers_info_date_of_last_logon datetime,
  customers_info_number_of_logons int(5),
  customers_info_date_account_created datetime,
  customers_info_date_account_last_modified datetime,
  global_product_notifications int(1) DEFAULT '0',
  PRIMARY KEY (customers_info_id)
);

DROP TABLE IF EXISTS languages;
CREATE TABLE languages (
  languages_id int NOT NULL auto_increment,
  name varchar(32)  NOT NULL,
  code char(2) NOT NULL,
  image varchar(64),
  directory varchar(32),
  sort_order int(3),
  PRIMARY KEY (languages_id),
  KEY IDX_LANGUAGES_NAME (name)
);


DROP TABLE IF EXISTS manufacturers;
CREATE TABLE manufacturers (
  manufacturers_id int NOT NULL auto_increment,
  manufacturers_name varchar(32) NOT NULL,
  manufacturers_image varchar(64),
  date_added datetime NULL,
  last_modified datetime NULL,
  PRIMARY KEY (manufacturers_id),
  KEY IDX_MANUFACTURERS_NAME (manufacturers_name)
);

DROP TABLE IF EXISTS manufacturers_info;
CREATE TABLE manufacturers_info (
  manufacturers_id int NOT NULL,
  languages_id int NOT NULL,
  manufacturers_url varchar(255) NOT NULL,
  url_clicked int(5) NOT NULL default '0',
  date_last_click datetime NULL,
  PRIMARY KEY (manufacturers_id, languages_id)
);

DROP TABLE IF EXISTS newsletters;
CREATE TABLE newsletters (
  newsletters_id int NOT NULL auto_increment,
  title varchar(255) NOT NULL,
  content text NOT NULL,
  module varchar(255) NOT NULL,
  date_added datetime NOT NULL,
  date_sent datetime,
  status int(1),
  locked int(1) DEFAULT '0',
  PRIMARY KEY (newsletters_id)
);

DROP TABLE IF EXISTS orders;
CREATE TABLE orders (
  orders_id int NOT NULL auto_increment,
  customers_id int NOT NULL,
  customers_name varchar(64) NOT NULL,
  customers_company varchar(32),
  customers_street_address varchar(64) NOT NULL,
  customers_suburb varchar(32),
  customers_city varchar(32) NOT NULL,
  customers_postcode varchar(10) NOT NULL,
  customers_state varchar(32),
  customers_country varchar(32) NOT NULL,
  customers_telephone varchar(32) NOT NULL,
  customers_email_address varchar(96) NOT NULL,
  customers_address_format_id int(5) NOT NULL,
  delivery_name varchar(64) NOT NULL,
  delivery_company varchar(32),
  delivery_street_address varchar(64) NOT NULL,
  delivery_suburb varchar(32),
  delivery_city varchar(32) NOT NULL,
  delivery_postcode varchar(10) NOT NULL,
  delivery_state varchar(32),
  delivery_country varchar(32) NOT NULL,
  delivery_address_format_id int(5) NOT NULL,
  billing_name varchar(64) NOT NULL,
  billing_company varchar(32),
  billing_street_address varchar(64) NOT NULL,
  billing_suburb varchar(32),
  billing_city varchar(32) NOT NULL,
  billing_postcode varchar(10) NOT NULL,
  billing_state varchar(32),
  billing_country varchar(32) NOT NULL,
  billing_address_format_id int(5) NOT NULL,
  payment_method varchar(32) NOT NULL,
  cc_type varchar(20),
  cc_owner varchar(64),
  cc_number varchar(32),
  cc_expires varchar(4),
  last_modified datetime,
  date_purchased datetime,
  orders_status int(5) NOT NULL,
  orders_date_finished datetime,
  currency char(3),
  currency_value decimal(14,6),
  PRIMARY KEY (orders_id)
);

DROP TABLE IF EXISTS orders_products;
CREATE TABLE orders_products (
  orders_products_id int NOT NULL auto_increment,
  orders_id int NOT NULL,
  products_id int NOT NULL,
  products_model varchar(12),
  products_name varchar(64) NOT NULL,
  products_price decimal(15,4) NOT NULL,
  final_price decimal(15,4) NOT NULL,
  products_tax decimal(7,4) NOT NULL,
  products_quantity int(2) NOT NULL,
  PRIMARY KEY (orders_products_id)
);

DROP TABLE IF EXISTS orders_status;
CREATE TABLE orders_status (
   orders_status_id int DEFAULT '0' NOT NULL,
   language_id int DEFAULT '1' NOT NULL,
   orders_status_name varchar(32) NOT NULL,
   PRIMARY KEY (orders_status_id, language_id),
   KEY idx_orders_status_name (orders_status_name)
);

DROP TABLE IF EXISTS orders_status_history;
CREATE TABLE orders_status_history (
   orders_status_history_id int NOT NULL auto_increment,
   orders_id int NOT NULL,
   orders_status_id int(5) NOT NULL,
   date_added datetime NOT NULL,
   customer_notified int(1) DEFAULT '0',
   comments text,
   PRIMARY KEY (orders_status_history_id)
);

DROP TABLE IF EXISTS orders_products_attributes;
CREATE TABLE orders_products_attributes (
  orders_products_attributes_id int NOT NULL auto_increment,
  orders_id int NOT NULL,
  orders_products_id int NOT NULL,
  products_options varchar(32) NOT NULL,
  products_options_values varchar(32) NOT NULL,
  options_values_price decimal(15,4) NOT NULL,
  price_prefix char(1) NOT NULL,
  PRIMARY KEY (orders_products_attributes_id)
);

DROP TABLE IF EXISTS orders_products_download;
CREATE TABLE orders_products_download (
  orders_products_download_id int NOT NULL auto_increment,
  orders_id int NOT NULL default '0',
  orders_products_id int NOT NULL default '0',
  orders_products_filename varchar(255) NOT NULL default '',
  download_maxdays int(2) NOT NULL default '0',
  download_count int(2) NOT NULL default '0',
  PRIMARY KEY  (orders_products_download_id)
);

DROP TABLE IF EXISTS orders_total;
CREATE TABLE orders_total (
  orders_total_id int unsigned NOT NULL auto_increment,
  orders_id int NOT NULL,
  title varchar(255) NOT NULL,
  text varchar(255) NOT NULL,
  value decimal(15,4) NOT NULL,
  class varchar(32) NOT NULL,
  sort_order int NOT NULL,
  PRIMARY KEY (orders_total_id),
  KEY idx_orders_total_orders_id (orders_id)
);

DROP TABLE IF EXISTS products;
CREATE TABLE products (
  products_id int NOT NULL auto_increment,
  products_quantity int(4) NOT NULL,
  products_model varchar(12),
  products_image varchar(64),
  products_price decimal(15,4) NOT NULL,
  products_date_added datetime NOT NULL,
  products_last_modified datetime,
  products_date_available datetime,
  products_weight decimal(5,2) NOT NULL,
  products_status tinyint(1) NOT NULL,
  products_tax_class_id int NOT NULL,
  manufacturers_id int NULL,
  products_ordered int NOT NULL default '0',
  PRIMARY KEY (products_id),
  KEY idx_products_date_added (products_date_added)
);

DROP TABLE IF EXISTS products_attributes;
CREATE TABLE products_attributes (
  products_attributes_id int NOT NULL auto_increment,
  products_id int NOT NULL,
  options_id int NOT NULL,
  options_values_id int NOT NULL,
  options_values_price decimal(15,4) NOT NULL,
  price_prefix char(1) NOT NULL,
  PRIMARY KEY (products_attributes_id)
);

DROP TABLE IF EXISTS products_attributes_download;
CREATE TABLE products_attributes_download (
  products_attributes_id int NOT NULL,
  products_attributes_filename varchar(255) NOT NULL default '',
  products_attributes_maxdays int(2) default '0',
  products_attributes_maxcount int(2) default '0',
  PRIMARY KEY  (products_attributes_id)
);

DROP TABLE IF EXISTS products_description;
CREATE TABLE products_description (
  products_id int NOT NULL auto_increment,
  language_id int NOT NULL default '1',
  products_name varchar(64) NOT NULL default '',
  products_description text,
  products_url varchar(255) default NULL,
  products_viewed int(5) default '0',
  PRIMARY KEY  (products_id,language_id),
  KEY products_name (products_name)
);

DROP TABLE IF EXISTS products_notifications;
CREATE TABLE products_notifications (
  products_id int NOT NULL,
  customers_id int NOT NULL,
  date_added datetime NOT NULL,
  PRIMARY KEY (products_id, customers_id)
);

DROP TABLE IF EXISTS products_options;
CREATE TABLE products_options (
  products_options_id int NOT NULL default '0',
  language_id int NOT NULL default '1',
  products_options_name varchar(32) NOT NULL default '',
  PRIMARY KEY  (products_options_id,language_id)
);

DROP TABLE IF EXISTS products_options_values;
CREATE TABLE products_options_values (
  products_options_values_id int NOT NULL default '0',
  language_id int NOT NULL default '1',
  products_options_values_name varchar(64) NOT NULL default '',
  PRIMARY KEY  (products_options_values_id,language_id)
);

DROP TABLE IF EXISTS products_options_values_to_products_options;
CREATE TABLE products_options_values_to_products_options (
  products_options_values_to_products_options_id int NOT NULL auto_increment,
  products_options_id int NOT NULL,
  products_options_values_id int NOT NULL,
  PRIMARY KEY (products_options_values_to_products_options_id)
);

DROP TABLE IF EXISTS products_to_categories;
CREATE TABLE products_to_categories (
  products_id int NOT NULL,
  categories_id int NOT NULL,
  PRIMARY KEY (products_id,categories_id)
);

DROP TABLE IF EXISTS reviews;
CREATE TABLE reviews (
  reviews_id int NOT NULL auto_increment,
  products_id int NOT NULL,
  customers_id int,
  customers_name varchar(64) NOT NULL,
  reviews_rating int(1),
  date_added datetime,
  last_modified datetime,
  reviews_read int(5) NOT NULL default '0',
  PRIMARY KEY (reviews_id)
);

DROP TABLE IF EXISTS reviews_description;
CREATE TABLE reviews_description (
  reviews_id int NOT NULL,
  languages_id int NOT NULL,
  reviews_text text NOT NULL,
  PRIMARY KEY (reviews_id, languages_id)
);

DROP TABLE IF EXISTS sessions;
CREATE TABLE sessions (
  sesskey varchar(32) NOT NULL,
  expiry int(11) unsigned NOT NULL,
  value text NOT NULL,
  PRIMARY KEY (sesskey)
);

DROP TABLE IF EXISTS specials;
CREATE TABLE specials (
  specials_id int NOT NULL auto_increment,
  products_id int NOT NULL,
  specials_new_products_price decimal(15,4) NOT NULL,
  specials_date_added datetime,
  specials_last_modified datetime,
  expires_date datetime,
  date_status_change datetime,
  status int(1) NOT NULL DEFAULT '1',
  PRIMARY KEY (specials_id)
);

DROP TABLE IF EXISTS tax_class;
CREATE TABLE tax_class (
  tax_class_id int NOT NULL auto_increment,
  tax_class_title varchar(32) NOT NULL,
  tax_class_description varchar(255) NOT NULL,
  last_modified datetime NULL,
  date_added datetime NOT NULL,
  PRIMARY KEY (tax_class_id)
);

DROP TABLE IF EXISTS tax_rates;
CREATE TABLE tax_rates (
  tax_rates_id int NOT NULL auto_increment,
  tax_zone_id int NOT NULL,
  tax_class_id int NOT NULL,
  tax_priority int(5) DEFAULT 1,
  tax_rate decimal(7,4) NOT NULL,
  tax_description varchar(255) NOT NULL,
  last_modified datetime NULL,
  date_added datetime NOT NULL,
  PRIMARY KEY (tax_rates_id)
);

DROP TABLE IF EXISTS geo_zones;
CREATE TABLE geo_zones (
  geo_zone_id int NOT NULL auto_increment,
  geo_zone_name varchar(32) NOT NULL,
  geo_zone_description varchar(255) NOT NULL,
  last_modified datetime NULL,
  date_added datetime NOT NULL,
  PRIMARY KEY (geo_zone_id)
);

DROP TABLE IF EXISTS whos_online;
CREATE TABLE whos_online (
  customer_id int,
  full_name varchar(64) NOT NULL,
  session_id varchar(128) NOT NULL,
  ip_address varchar(15) NOT NULL,
  time_entry varchar(14) NOT NULL,
  time_last_click varchar(14) NOT NULL,
  last_page_url varchar(64) NOT NULL
);

DROP TABLE IF EXISTS zones;
CREATE TABLE zones (
  zone_id int NOT NULL auto_increment,
  zone_country_id int NOT NULL,
  zone_code varchar(32) NOT NULL,
  zone_name varchar(32) NOT NULL,
  PRIMARY KEY (zone_id)
);

DROP TABLE IF EXISTS zones_to_geo_zones;
CREATE TABLE zones_to_geo_zones (
   association_id int NOT NULL auto_increment,
   zone_country_id int NOT NULL,
   zone_id int NULL,
   geo_zone_id int NULL,
   last_modified datetime NULL,
   date_added datetime NOT NULL,
   PRIMARY KEY (association_id)
);


# data

INSERT INTO address_book VALUES ( 1, 1, 'm', 'ACME Inc.', 'John', 'Doe', '1 Way Street', '', '12345', 'NeverNever', '', 223, 12);

# 1 - Default, 2 - USA, 3 - Spain, 4 - Singapore, 5 - Germany
INSERT INTO address_format VALUES (1, '$firstname $lastname$cr$streets$cr$city, $postcode$cr$statecomma$country','$city / $country');
INSERT INTO address_format VALUES (2, '$firstname $lastname$cr$streets$cr$city, $state    $postcode$cr$country','$city, $state / $country');
INSERT INTO address_format VALUES (3, '$firstname $lastname$cr$streets$cr$city$cr$postcode - $statecomma$country','$state / $country');
INSERT INTO address_format VALUES (4, '$firstname $lastname$cr$streets$cr$city ($postcode)$cr$country', '$postcode / $country');
INSERT INTO address_format VALUES (5, '$firstname $lastname$cr$streets$cr$postcode $city$cr$country','$city / $country');

INSERT INTO categories VALUES ('1', 'category_hardware.gif', '0', '1', now(), null);
INSERT INTO categories VALUES ('2', 'category_software.gif', '0', '2', now(), null);
INSERT INTO categories VALUES ('3', 'category_dvd_movies.gif', '0', '3', now(), null);
INSERT INTO categories VALUES ('4', 'subcategory_graphic_cards.gif', '1', '0', now(), null);
INSERT INTO categories VALUES ('5', 'subcategory_printers.gif', '1', '0', now(), null);
INSERT INTO categories VALUES ('6', 'subcategory_monitors.gif', '1', '0', now(), null);
INSERT INTO categories VALUES ('7', 'subcategory_speakers.gif', '1', '0', now(), null);
INSERT INTO categories VALUES ('8', 'subcategory_keyboards.gif', '1', '0', now(), null);
INSERT INTO categories VALUES ('9', 'subcategory_mice.gif', '1', '0', now(), null);
INSERT INTO categories VALUES ('10', 'subcategory_action.gif', '3', '0', now(), null);
INSERT INTO categories VALUES ('11', 'subcategory_science_fiction.gif', '3', '0', now(), null);
INSERT INTO categories VALUES ('12', 'subcategory_comedy.gif', '3', '0', now(), null);
INSERT INTO categories VALUES ('13', 'subcategory_cartoons.gif', '3', '0', now(), null);
INSERT INTO categories VALUES ('14', 'subcategory_thriller.gif', '3', '0', now(), null);
INSERT INTO categories VALUES ('15', 'subcategory_drama.gif', '3', '0', now(), null);
INSERT INTO categories VALUES ('16', 'subcategory_memory.gif', '1', '0', now(), null);
INSERT INTO categories VALUES ('17', 'subcategory_cdrom_drives.gif', '1', '0', now(), null);
INSERT INTO categories VALUES ('18', 'subcategory_simulation.gif', '2', '0', now(), null);
INSERT INTO categories VALUES ('19', 'subcategory_action_games.gif', '2', '0', now(), null);
INSERT INTO categories VALUES ('20', 'subcategory_strategy.gif', '2', '0', now(), null);

INSERT INTO categories_description VALUES ( '1', '1', 'Hardware');
INSERT INTO categories_description VALUES ( '2', '1', 'Software');
INSERT INTO categories_description VALUES ( '3', '1', 'DVD Movies');
INSERT INTO categories_description VALUES ( '4', '1', 'Graphics Cards');
INSERT INTO categories_description VALUES ( '5', '1', 'Printers');
INSERT INTO categories_description VALUES ( '6', '1', 'Monitors');
INSERT INTO categories_description VALUES ( '7', '1', 'Speakers');
INSERT INTO categories_description VALUES ( '8', '1', 'Keyboards');
INSERT INTO categories_description VALUES ( '9', '1', 'Mice');
INSERT INTO categories_description VALUES ( '10', '1', 'Action');
INSERT INTO categories_description VALUES ( '11', '1', 'Science Fiction');
INSERT INTO categories_description VALUES ( '12', '1', 'Comedy');
INSERT INTO categories_description VALUES ( '13', '1', 'Cartoons');
INSERT INTO categories_description VALUES ( '14', '1', 'Thriller');
INSERT INTO categories_description VALUES ( '15', '1', 'Drama');
INSERT INTO categories_description VALUES ( '16', '1', 'Memory');
INSERT INTO categories_description VALUES ( '17', '1', 'CDROM Drives');
INSERT INTO categories_description VALUES ( '18', '1', 'Simulation');
INSERT INTO categories_description VALUES ( '19', '1', 'Action');
INSERT INTO categories_description VALUES ( '20', '1', 'Strategy');
INSERT INTO categories_description VALUES ( '1', '2', 'Hardware');
INSERT INTO categories_description VALUES ( '2', '2', 'Software');
INSERT INTO categories_description VALUES ( '3', '2', 'DVD Filme');
INSERT INTO categories_description VALUES ( '4', '2', 'Grafikkarten');
INSERT INTO categories_description VALUES ( '5', '2', 'Drucker');
INSERT INTO categories_description VALUES ( '6', '2', 'Bildschirme');
INSERT INTO categories_description VALUES ( '7', '2', 'Lautsprecher');
INSERT INTO categories_description VALUES ( '8', '2', 'Tastaturen');
INSERT INTO categories_description VALUES ( '9', '2', 'Mäuse');
INSERT INTO categories_description VALUES ( '10', '2', 'Action');
INSERT INTO categories_description VALUES ( '11', '2', 'Science Fiction');
INSERT INTO categories_description VALUES ( '12', '2', 'Komödie');
INSERT INTO categories_description VALUES ( '13', '2', 'Zeichentrick');
INSERT INTO categories_description VALUES ( '14', '2', 'Thriller');
INSERT INTO categories_description VALUES ( '15', '2', 'Drama');
INSERT INTO categories_description VALUES ( '16', '2', 'Speicher');
INSERT INTO categories_description VALUES ( '17', '2', 'CDROM Laufwerke');
INSERT INTO categories_description VALUES ( '18', '2', 'Simulation');
INSERT INTO categories_description VALUES ( '19', '2', 'Action');
INSERT INTO categories_description VALUES ( '20', '2', 'Strategie');
INSERT INTO categories_description VALUES ( '1', '3', 'Hardware');
INSERT INTO categories_description VALUES ( '2', '3', 'Software');
INSERT INTO categories_description VALUES ( '3', '3', 'Peliculas DVD');
INSERT INTO categories_description VALUES ( '4', '3', 'Tarjetas Graficas');
INSERT INTO categories_description VALUES ( '5', '3', 'Impresoras');
INSERT INTO categories_description VALUES ( '6', '3', 'Monitores');
INSERT INTO categories_description VALUES ( '7', '3', 'Altavoces');
INSERT INTO categories_description VALUES ( '8', '3', 'Teclados');
INSERT INTO categories_description VALUES ( '9', '3', 'Ratones');
INSERT INTO categories_description VALUES ( '10', '3', 'Accion');
INSERT INTO categories_description VALUES ( '11', '3', 'Ciencia Ficcion');
INSERT INTO categories_description VALUES ( '12', '3', 'Comedia');
INSERT INTO categories_description VALUES ( '13', '3', 'Dibujos Animados');
INSERT INTO categories_description VALUES ( '14', '3', 'Suspense');
INSERT INTO categories_description VALUES ( '15', '3', 'Drama');
INSERT INTO categories_description VALUES ( '16', '3', 'Memoria');
INSERT INTO categories_description VALUES ( '17', '3', 'Unidades CDROM');
INSERT INTO categories_description VALUES ( '18', '3', 'Simulacion');
INSERT INTO categories_description VALUES ( '19', '3', 'Accion');
INSERT INTO categories_description VALUES ( '20', '3', 'Estrategia');

#
# Configuration groups
#

# 1
INSERT INTO configuration (configuration_title, configuration_key, configuration_value, configuration_description, configuration_group_id, sort_order, date_added) VALUES ('Store Name', 'STORE_NAME', 'KonaKart', 'The name of my store', '1', '1', now());
INSERT INTO configuration (configuration_title, configuration_key, configuration_value, configuration_description, configuration_group_id, sort_order, date_added) VALUES ('Store Owner', 'STORE_OWNER', 'Kenny Kart', 'The name of my store owner', '1', '2', now());
INSERT INTO configuration (configuration_title, configuration_key, configuration_value, configuration_description, configuration_group_id, sort_order, date_added) VALUES ('E-Mail Address', 'STORE_OWNER_EMAIL_ADDRESS', 'root@localhost', 'The e-mail address of my store owner', '1', '3', now());
INSERT INTO configuration (configuration_title, configuration_key, configuration_value, configuration_description, configuration_group_id, sort_order, date_added) VALUES ('E-Mail From', 'EMAIL_FROM', 'KonaKart <root@localhost>', 'The e-mail address used in (sent) e-mails', '1', '4', now());
INSERT INTO configuration (configuration_title, configuration_key, configuration_value, configuration_description, configuration_group_id, sort_order, use_function, set_function, date_added) VALUES ('Country', 'STORE_COUNTRY', '223', 'The country my store is located in', '1', '6', 'tep_get_country_name', 'tep_cfg_pull_down_country_list(', now());
INSERT INTO configuration (configuration_title, configuration_key, configuration_value, configuration_description, configuration_group_id, sort_order, use_function, set_function, date_added) VALUES ('Zone', 'STORE_ZONE', '18', 'The zone my store is located in', '1', '7', 'tep_cfg_get_zone_name', 'tep_cfg_pull_down_zone_list(', now());
#INSERT INTO configuration (configuration_title, configuration_key, configuration_value, configuration_description, configuration_group_id, sort_order, set_function, date_added) VALUES ('Expected Sort Order', 'EXPECTED_PRODUCTS_SORT', 'desc', 'This is the sort order used in the expected products box.', '1', '8', 'tep_cfg_select_option(array(\'asc\', \'desc\'), ', now());
#INSERT INTO configuration (configuration_title, configuration_key, configuration_value, configuration_description, configuration_group_id, sort_order, set_function, date_added) VALUES ('Expected Sort Field', 'EXPECTED_PRODUCTS_FIELD', 'date_expected', 'The column to sort by in the expected products box.', '1', '9', 'tep_cfg_select_option(array(\'products_name\', \'date_expected\'), ', now());
#INSERT INTO configuration (configuration_title, configuration_key, configuration_value, configuration_description, configuration_group_id, sort_order, set_function, date_added) VALUES ('Switch To Default Language Currency', 'USE_DEFAULT_LANGUAGE_CURRENCY', 'false', 'Automatically switch to the language\'s currency when it is changed', '1', '10', 'tep_cfg_select_option(array(\'true\', \'false\'), ', now());
#INSERT INTO configuration (configuration_title, configuration_key, configuration_value, configuration_description, configuration_group_id, sort_order, set_function, date_added) VALUES ('Use Search-Engine Safe URLs (still in development)', 'SEARCH_ENGINE_FRIENDLY_URLS', 'false', 'Use search-engine safe urls for all site links', '1', '12', 'tep_cfg_select_option(array(\'true\', \'false\'), ', now());
#INSERT INTO configuration (configuration_title, configuration_key, configuration_value, configuration_description, configuration_group_id, sort_order, set_function, date_added) VALUES ('Display Cart After Adding Product', 'DISPLAY_CART', 'true', 'Display the shopping cart after adding a product (or return back to their origin)', '1', '14', 'tep_cfg_select_option(array(\'true\', \'false\'), ', now());
#INSERT INTO configuration (configuration_title, configuration_key, configuration_value, configuration_description, configuration_group_id, sort_order, set_function, date_added) VALUES ('Allow Guest To Tell A Friend', 'ALLOW_GUEST_TO_TELL_A_FRIEND', 'false', 'Allow guests to tell a friend about a product', '1', '15', 'tep_cfg_select_option(array(\'true\', \'false\'), ', now());
#INSERT INTO configuration (configuration_title, configuration_key, configuration_value, configuration_description, configuration_group_id, sort_order, set_function, date_added) VALUES ('Default Search Operator', 'ADVANCED_SEARCH_DEFAULT_OPERATOR', 'and', 'Default search operators', '1', '17', 'tep_cfg_select_option(array(\'and\', \'or\'), ', now());
#INSERT INTO configuration (configuration_title, configuration_key, configuration_value, configuration_description, configuration_group_id, sort_order, set_function, date_added) VALUES ('Store Address and Phone', 'STORE_NAME_ADDRESS', 'Store Name\nAddress\nCountry\nPhone', 'This is the Store Name, Address and Phone used on printable documents and displayed online', '1', '18', 'tep_cfg_textarea(', now());
INSERT INTO configuration (configuration_title, configuration_key, configuration_value, configuration_description, configuration_group_id, sort_order, set_function, date_added) VALUES ('Show Category Counts', 'SHOW_COUNTS', 'true', 'Count recursively how many products are in each category', '1', '19', 'tep_cfg_select_option(array(\'true\', \'false\'), ', now());
#INSERT INTO configuration (configuration_title, configuration_key, configuration_value, configuration_description, configuration_group_id, sort_order, date_added) VALUES ('Tax Decimal Places', 'TAX_DECIMAL_PLACES', '0', 'Pad the tax value this amount of decimal places', '1', '20', now());
INSERT INTO configuration (configuration_title, configuration_key, configuration_value, configuration_description, configuration_group_id, sort_order, set_function, date_added) VALUES ('Display Prices with Tax', 'DISPLAY_PRICE_WITH_TAX', 'false', 'Display prices with tax included (true) or add the tax at the end (false)', '1', '21', 'tep_cfg_select_option(array(\'true\', \'false\'), ', now());

# 2
INSERT INTO configuration (configuration_title, configuration_key, configuration_value, configuration_description, configuration_group_id, sort_order, set_function, date_added) VALUES ('First Name', 'ENTRY_FIRST_NAME_MIN_LENGTH', '2', 'Minimum length of first name', '2', '1','integer(0,null)', now());
INSERT INTO configuration (configuration_title, configuration_key, configuration_value, configuration_description, configuration_group_id, sort_order, set_function, date_added) VALUES ('Last Name', 'ENTRY_LAST_NAME_MIN_LENGTH', '2', 'Minimum length of last name', '2', '2', 'integer(0,null)', now());
INSERT INTO configuration (configuration_title, configuration_key, configuration_value, configuration_description, configuration_group_id, sort_order, set_function, date_added) VALUES ('Date of Birth', 'ENTRY_DOB_MIN_LENGTH', '10', 'Minimum length of date of birth', '2', '3', 'integer(0,null)', now());
INSERT INTO configuration (configuration_title, configuration_key, configuration_value, configuration_description, configuration_group_id, sort_order, set_function, date_added) VALUES ('E-Mail Address', 'ENTRY_EMAIL_ADDRESS_MIN_LENGTH', '6', 'Minimum length of e-mail address', '2', '4', 'integer(0,null)', now());
INSERT INTO configuration (configuration_title, configuration_key, configuration_value, configuration_description, configuration_group_id, sort_order, set_function, date_added) VALUES ('Street Address', 'ENTRY_STREET_ADDRESS_MIN_LENGTH', '5', 'Minimum length of street address', '2', '5', 'integer(0,null)', now());
INSERT INTO configuration (configuration_title, configuration_key, configuration_value, configuration_description, configuration_group_id, sort_order, set_function, date_added) VALUES ('Company', 'ENTRY_COMPANY_MIN_LENGTH', '2', 'Minimum length of company name', '2', '6', 'integer(0,null)', now());
INSERT INTO configuration (configuration_title, configuration_key, configuration_value, configuration_description, configuration_group_id, sort_order, set_function, date_added) VALUES ('Post Code', 'ENTRY_POSTCODE_MIN_LENGTH', '4', 'Minimum length of post code', '2', '7', 'integer(0,null)', now());
INSERT INTO configuration (configuration_title, configuration_key, configuration_value, configuration_description, configuration_group_id, sort_order, set_function, date_added) VALUES ('City', 'ENTRY_CITY_MIN_LENGTH', '3', 'Minimum length of city', '2', '8', 'integer(0,null)', now());
INSERT INTO configuration (configuration_title, configuration_key, configuration_value, configuration_description, configuration_group_id, sort_order, set_function, date_added) VALUES ('State', 'ENTRY_STATE_MIN_LENGTH', '2', 'Minimum length of state', '2', '9', 'integer(0,null)', now());
INSERT INTO configuration (configuration_title, configuration_key, configuration_value, configuration_description, configuration_group_id, sort_order, set_function, date_added) VALUES ('Telephone Number', 'ENTRY_TELEPHONE_MIN_LENGTH', '3', 'Minimum length of telephone number', '2', '10', 'integer(0,null)', now());
INSERT INTO configuration (configuration_title, configuration_key, configuration_value, configuration_description, configuration_group_id, sort_order, set_function, date_added) VALUES ('Password', 'ENTRY_PASSWORD_MIN_LENGTH', '5', 'Minimum length of password', '2', '11', 'integer(0,null)', now());
#INSERT INTO configuration (configuration_title, configuration_key, configuration_value, configuration_description, configuration_group_id, sort_order, date_added) VALUES ('Credit Card Owner Name', 'CC_OWNER_MIN_LENGTH', '3', 'Minimum length of credit card owner name', '2', '12', now());
#INSERT INTO configuration (configuration_title, configuration_key, configuration_value, configuration_description, configuration_group_id, sort_order, date_added) VALUES ('Credit Card Number', 'CC_NUMBER_MIN_LENGTH', '10', 'Minimum length of credit card number', '2', '13', now());
#INSERT INTO configuration (configuration_title, configuration_key, configuration_value, configuration_description, configuration_group_id, sort_order, date_added) VALUES ('Review Text', 'REVIEW_TEXT_MIN_LENGTH', '50', 'Minimum length of review text', '2', '14', now());
#INSERT INTO configuration (configuration_title, configuration_key, configuration_value, configuration_description, configuration_group_id, sort_order, date_added) VALUES ('Best Sellers', 'MIN_DISPLAY_BESTSELLERS', '1', 'Minimum number of best sellers to display', '2', '15', now());
#INSERT INTO configuration (configuration_title, configuration_key, configuration_value, configuration_description, configuration_group_id, sort_order, date_added) VALUES ('Also Purchased', 'MIN_DISPLAY_ALSO_PURCHASED', '1', 'Minimum number of products to display in the \'This Customer Also Purchased\' box', '2', '16', now());

# 3
INSERT INTO configuration (configuration_title, configuration_key, configuration_value, configuration_description, configuration_group_id, sort_order, set_function, date_added) VALUES ('Address Book Entries', 'MAX_ADDRESS_BOOK_ENTRIES', '5', 'Maximum address book entries a customer is allowed to have', '3', '1', 'integer(0,null)', now());
INSERT INTO configuration (configuration_title, configuration_key, configuration_value, configuration_description, configuration_group_id, sort_order, set_function, date_added) VALUES ('Search Results', 'MAX_DISPLAY_SEARCH_RESULTS', '20', 'Number of products to list', '3', '2', 'integer(0,null)', now());
#INSERT INTO configuration (configuration_title, configuration_key, configuration_value, configuration_description, configuration_group_id, sort_order, date_added) VALUES ('Page Links', 'MAX_DISPLAY_PAGE_LINKS', '5', 'Number of \'number\' links use for page-sets', '3', '3', now());
#INSERT INTO configuration (configuration_title, configuration_key, configuration_value, configuration_description, configuration_group_id, sort_order, date_added) VALUES ('Special Products', 'MAX_DISPLAY_SPECIAL_PRODUCTS', '9', 'Maximum number of products on special to display', '3', '4', now());
INSERT INTO configuration (configuration_title, configuration_key, configuration_value, configuration_description, configuration_group_id, sort_order, set_function, date_added) VALUES ('New Products Module', 'MAX_DISPLAY_NEW_PRODUCTS', '9', 'Maximum number of new products to display in a category', '3', '5', 'integer(0,null)', now());
#INSERT INTO configuration (configuration_title, configuration_key, configuration_value, configuration_description, configuration_group_id, sort_order, date_added) VALUES ('Products Expected', 'MAX_DISPLAY_UPCOMING_PRODUCTS', '10', 'Maximum number of products expected to display', '3', '6', now());
INSERT INTO configuration (configuration_title, configuration_key, configuration_value, configuration_description, configuration_group_id, sort_order, set_function, date_added) VALUES ('Manufacturers List', 'MAX_DISPLAY_MANUFACTURERS_IN_A_LIST', '0', 'Used in manufacturers box; when the number of manufacturers exceeds this number, a drop-down list will be displayed instead of the default list', '3', '7', 'integer(0,null)', now());
#INSERT INTO configuration (configuration_title, configuration_key, configuration_value, configuration_description, configuration_group_id, sort_order, date_added) VALUES ('Manufacturers Select Size', 'MAX_MANUFACTURERS_LIST', '1', 'Used in manufacturers box; when this value is \'1\' the classic drop-down list will be used for the manufacturers box. Otherwise, a list-box with the specified number of rows will be displayed.', '3', '7', now());
INSERT INTO configuration (configuration_title, configuration_key, configuration_value, configuration_description, configuration_group_id, sort_order, set_function, date_added) VALUES ('Length of Manufacturers Name', 'MAX_DISPLAY_MANUFACTURER_NAME_LEN', '15', 'Used in manufacturers box; maximum length of manufacturers name to display', '3', '8', 'integer(0,null)', now());
INSERT INTO configuration (configuration_title, configuration_key, configuration_value, configuration_description, configuration_group_id, sort_order, set_function, date_added) VALUES ('New Reviews', 'MAX_DISPLAY_NEW_REVIEWS', '5', 'Maximum number of new reviews to display', '3', '9', 'integer(0,null)', now());
INSERT INTO configuration (configuration_title, configuration_key, configuration_value, configuration_description, configuration_group_id, sort_order, set_function, date_added) VALUES ('Selection of Random Reviews', 'MAX_RANDOM_SELECT_REVIEWS', '10', 'How many records to select from to choose one random product review', '3', '10', 'integer(0,null)', now());
INSERT INTO configuration (configuration_title, configuration_key, configuration_value, configuration_description, configuration_group_id, sort_order, set_function, date_added) VALUES ('Selection of Random New Products', 'MAX_RANDOM_SELECT_NEW', '10', 'How many records to select from to choose one random new product to display', '3', '11', 'integer(0,null)', now());
INSERT INTO configuration (configuration_title, configuration_key, configuration_value, configuration_description, configuration_group_id, sort_order, set_function, date_added) VALUES ('Selection of Products on Special', 'MAX_RANDOM_SELECT_SPECIALS', '10', 'How many records to select from to choose one random product special to display', '3', '12', 'integer(0,null)', now());
INSERT INTO configuration (configuration_title, configuration_key, configuration_value, configuration_description, configuration_group_id, sort_order, set_function, date_added) VALUES ('Categories To List Per Row', 'MAX_DISPLAY_CATEGORIES_PER_ROW', '3', 'How many categories to list per row', '3', '13', 'integer(0,null)', now());
#INSERT INTO configuration (configuration_title, configuration_key, configuration_value, configuration_description, configuration_group_id, sort_order, date_added) VALUES ('New Products Listing', 'MAX_DISPLAY_PRODUCTS_NEW', '10', 'Maximum number of new products to display in new products page', '3', '14', now());
INSERT INTO configuration (configuration_title, configuration_key, configuration_value, configuration_description, configuration_group_id, sort_order, set_function, date_added) VALUES ('Best Sellers', 'MAX_DISPLAY_BESTSELLERS', '10', 'Maximum number of best sellers to display', '3', '15', 'integer(0,null)', now());
INSERT INTO configuration (configuration_title, configuration_key, configuration_value, configuration_description, configuration_group_id, sort_order, set_function, date_added) VALUES ('Also Purchased', 'MAX_DISPLAY_ALSO_PURCHASED', '6', 'Maximum number of products to display in the \'This Customer Also Purchased\' box', '3', '16', 'integer(0,null)', now());
INSERT INTO configuration (configuration_title, configuration_key, configuration_value, configuration_description, configuration_group_id, sort_order, set_function, date_added) VALUES ('Customer Order History Box', 'MAX_DISPLAY_PRODUCTS_IN_ORDER_HISTORY_BOX', '6', 'Maximum number of products to display in the customer order history box', '3', '17', 'integer(0,null)', now());
INSERT INTO configuration (configuration_title, configuration_key, configuration_value, configuration_description, configuration_group_id, sort_order, set_function, date_added) VALUES ('Order History', 'MAX_DISPLAY_ORDER_HISTORY', '10', 'Maximum number of orders to display in the order history page', '3', '18', 'integer(0,null)', now());

# 4
INSERT INTO configuration (configuration_title, configuration_key, configuration_value, configuration_description, configuration_group_id, sort_order, set_function, date_added) VALUES ('Small Image Width', 'SMALL_IMAGE_WIDTH', '100', 'The pixel width of small images', '4', '1', 'integer(0,null)', now());
INSERT INTO configuration (configuration_title, configuration_key, configuration_value, configuration_description, configuration_group_id, sort_order, set_function, date_added) VALUES ('Small Image Height', 'SMALL_IMAGE_HEIGHT', '80', 'The pixel height of small images', '4', '2', 'integer(0,null)', now());
INSERT INTO configuration (configuration_title, configuration_key, configuration_value, configuration_description, configuration_group_id, sort_order, set_function, date_added) VALUES ('Heading Image Width', 'HEADING_IMAGE_WIDTH', '57', 'The pixel width of heading images', '4', '3', 'integer(0,null)', now());
INSERT INTO configuration (configuration_title, configuration_key, configuration_value, configuration_description, configuration_group_id, sort_order, set_function, date_added) VALUES ('Heading Image Height', 'HEADING_IMAGE_HEIGHT', '40', 'The pixel height of heading images', '4', '4', 'integer(0,null)', now());
INSERT INTO configuration (configuration_title, configuration_key, configuration_value, configuration_description, configuration_group_id, sort_order, set_function, date_added) VALUES ('Subcategory Image Width', 'SUBCATEGORY_IMAGE_WIDTH', '100', 'The pixel width of subcategory images', '4', '5', 'integer(0,null)', now());
INSERT INTO configuration (configuration_title, configuration_key, configuration_value, configuration_description, configuration_group_id, sort_order, set_function, date_added) VALUES ('Subcategory Image Height', 'SUBCATEGORY_IMAGE_HEIGHT', '57', 'The pixel height of subcategory images', '4', '6', 'integer(0,null)', now());
#INSERT INTO configuration (configuration_title, configuration_key, configuration_value, configuration_description, configuration_group_id, sort_order, set_function, date_added) VALUES ('Calculate Image Size', 'CONFIG_CALCULATE_IMAGE_SIZE', 'true', 'Calculate the size of images?', '4', '7', 'tep_cfg_select_option(array(\'true\', \'false\'), ', now());
#INSERT INTO configuration (configuration_title, configuration_key, configuration_value, configuration_description, configuration_group_id, sort_order, set_function, date_added) VALUES ('Image Required', 'IMAGE_REQUIRED', 'true', 'Enable to display broken images. Good for development.', '4', '8', 'tep_cfg_select_option(array(\'true\', \'false\'), ', now());

# 5
INSERT INTO configuration (configuration_title, configuration_key, configuration_value, configuration_description, configuration_group_id, sort_order, set_function, date_added) VALUES ('Gender', 'ACCOUNT_GENDER', 'true', 'Display gender in the customers account', '5', '1', 'tep_cfg_select_option(array(\'true\', \'false\'), ', now());
INSERT INTO configuration (configuration_title, configuration_key, configuration_value, configuration_description, configuration_group_id, sort_order, set_function, date_added) VALUES ('Date of Birth', 'ACCOUNT_DOB', 'true', 'Display date of birth in the customers account', '5', '2', 'tep_cfg_select_option(array(\'true\', \'false\'), ', now());
INSERT INTO configuration (configuration_title, configuration_key, configuration_value, configuration_description, configuration_group_id, sort_order, set_function, date_added) VALUES ('Company', 'ACCOUNT_COMPANY', 'true', 'Display company in the customers account', '5', '3', 'tep_cfg_select_option(array(\'true\', \'false\'), ', now());
INSERT INTO configuration (configuration_title, configuration_key, configuration_value, configuration_description, configuration_group_id, sort_order, set_function, date_added) VALUES ('Suburb', 'ACCOUNT_SUBURB', 'true', 'Display suburb in the customers account', '5', '4', 'tep_cfg_select_option(array(\'true\', \'false\'), ', now());
INSERT INTO configuration (configuration_title, configuration_key, configuration_value, configuration_description, configuration_group_id, sort_order, set_function, date_added) VALUES ('State', 'ACCOUNT_STATE', 'true', 'Display state in the customers account', '5', '5', 'tep_cfg_select_option(array(\'true\', \'false\'), ', now());

# 6 - Modules installed
INSERT INTO configuration (configuration_title, configuration_key, configuration_value, configuration_description, configuration_group_id, sort_order, date_added) VALUES ('Installed Modules', 'MODULE_PAYMENT_INSTALLED', 'cod.php', 'List of payment module filenames separated by a semi-colon. This is automatically updated. No need to edit. (Example: cc.php;cod.php;paypal.php)', '6', '0', now());
INSERT INTO configuration (configuration_title, configuration_key, configuration_value, configuration_description, configuration_group_id, sort_order, date_added) VALUES ('Installed Modules', 'MODULE_ORDER_TOTAL_INSTALLED', 'ot_subtotal.php;ot_tax.php;ot_shipping.php;ot_total.php', 'List of order_total module filenames separated by a semi-colon. This is automatically updated. No need to edit. (Example: ot_subtotal.php;ot_tax.php;ot_shipping.php;ot_total.php)', '6', '0', now());
INSERT INTO configuration (configuration_title, configuration_key, configuration_value, configuration_description, configuration_group_id, sort_order, date_added) VALUES ('Installed Modules', 'MODULE_SHIPPING_INSTALLED', 'flat.php', 'List of shipping module filenames separated by a semi-colon. This is automatically updated. No need to edit. (Example: ups.php;flat.php;item.php)', '6', '0', now());

# 6 - COD module
INSERT INTO configuration (configuration_title, configuration_key, configuration_value, configuration_description, configuration_group_id, sort_order, set_function, date_added) VALUES ('Enable Cash On Delivery Module', 'MODULE_PAYMENT_COD_STATUS', 'True', 'Do you want to accept Cash On Delevery payments?', '6', '1', 'tep_cfg_select_option(array(\'true\', \'false\'), ', now());
INSERT INTO configuration (configuration_title, configuration_key, configuration_value, configuration_description, configuration_group_id, sort_order, use_function, set_function, date_added) VALUES ('Payment Zone', 'MODULE_PAYMENT_COD_ZONE', '0', 'If a zone is selected, only enable this payment method for that zone.', '6', '2', 'tep_get_zone_class_title', 'tep_cfg_pull_down_zone_classes(', now());
INSERT INTO configuration (configuration_title, configuration_key, configuration_value, configuration_description, configuration_group_id, sort_order, date_added) VALUES ('Sort order of display.', 'MODULE_PAYMENT_COD_SORT_ORDER', '0', 'Sort order of display. Lowest is displayed first.', '6', '0', now());
INSERT INTO configuration (configuration_title, configuration_key, configuration_value, configuration_description, configuration_group_id, sort_order, set_function, use_function, date_added) VALUES ('Set Order Status', 'MODULE_PAYMENT_COD_ORDER_STATUS_ID', '0', 'Set the status of orders made with this payment module to this value', '6', '0', 'tep_cfg_pull_down_order_statuses(', 'tep_get_order_status_name', now());

#6 - Shipping Flat
INSERT INTO configuration (configuration_title, configuration_key, configuration_value, configuration_description, configuration_group_id, sort_order, set_function, date_added) VALUES ('Enable Flat Shipping', 'MODULE_SHIPPING_FLAT_STATUS', 'True', 'Do you want to offer flat rate shipping?', '6', '0', 'tep_cfg_select_option(array(\'true\', \'false\'), ', now());
INSERT INTO configuration (configuration_title, configuration_key, configuration_value, configuration_description, configuration_group_id, sort_order, date_added) VALUES ('Shipping Cost', 'MODULE_SHIPPING_FLAT_COST', '5.00', 'The shipping cost for all orders using this shipping method.', '6', '0', now());
INSERT INTO configuration (configuration_title, configuration_key, configuration_value, configuration_description, configuration_group_id, sort_order, use_function, set_function, date_added) VALUES ('Tax Class', 'MODULE_SHIPPING_FLAT_TAX_CLASS', '0', 'Use the following tax class on the shipping fee.', '6', '0', 'tep_get_tax_class_title', 'tep_cfg_pull_down_tax_classes(', now());
INSERT INTO configuration (configuration_title, configuration_key, configuration_value, configuration_description, configuration_group_id, sort_order, use_function, set_function, date_added) VALUES ('Shipping Zone', 'MODULE_SHIPPING_FLAT_ZONE', '0', 'If a zone is selected, only enable this shipping method for that zone.', '6', '0', 'tep_get_zone_class_title', 'tep_cfg_pull_down_zone_classes(', now());
INSERT INTO configuration (configuration_title, configuration_key, configuration_value, configuration_description, configuration_group_id, sort_order, date_added) VALUES ('Sort Order', 'MODULE_SHIPPING_FLAT_SORT_ORDER', '0', 'Sort order of display.', '6', '0', now());

#6 - Order Totals
INSERT INTO configuration (configuration_title, configuration_key, configuration_value, configuration_description, configuration_group_id, sort_order, set_function, date_added) VALUES ('Display Shipping', 'MODULE_ORDER_TOTAL_SHIPPING_STATUS', 'true', 'Do you want to display the order shipping cost?', '6', '1','tep_cfg_select_option(array(\'true\', \'false\'), ', now());
INSERT INTO configuration (configuration_title, configuration_key, configuration_value, configuration_description, configuration_group_id, sort_order, date_added) VALUES ('Sort Order', 'MODULE_ORDER_TOTAL_SHIPPING_SORT_ORDER', '2', 'Sort order of display.', '6', '2', now());
INSERT INTO configuration (configuration_title, configuration_key, configuration_value, configuration_description, configuration_group_id, sort_order, set_function, date_added) VALUES ('Display Sub-Total', 'MODULE_ORDER_TOTAL_SUBTOTAL_STATUS', 'true', 'Do you want to display the order sub-total cost?', '6', '1','tep_cfg_select_option(array(\'true\', \'false\'), ', now());
INSERT INTO configuration (configuration_title, configuration_key, configuration_value, configuration_description, configuration_group_id, sort_order, date_added) VALUES ('Sort Order', 'MODULE_ORDER_TOTAL_SUBTOTAL_SORT_ORDER', '1', 'Sort order of display.', '6', '2', now());
INSERT INTO configuration (configuration_title, configuration_key, configuration_value, configuration_description, configuration_group_id, sort_order, set_function, date_added) VALUES ('Display Tax', 'MODULE_ORDER_TOTAL_TAX_STATUS', 'true', 'Do you want to display the order tax value?', '6', '1','tep_cfg_select_option(array(\'true\', \'false\'), ', now());
INSERT INTO configuration (configuration_title, configuration_key, configuration_value, configuration_description, configuration_group_id, sort_order, date_added) VALUES ('Sort Order', 'MODULE_ORDER_TOTAL_TAX_SORT_ORDER', '3', 'Sort order of display.', '6', '2', now());
INSERT INTO configuration (configuration_title, configuration_key, configuration_value, configuration_description, configuration_group_id, sort_order, set_function, date_added) VALUES ('Display Total', 'MODULE_ORDER_TOTAL_TOTAL_STATUS', 'true', 'Do you want to display the total order value?', '6', '1','tep_cfg_select_option(array(\'true\', \'false\'), ', now());
INSERT INTO configuration (configuration_title, configuration_key, configuration_value, configuration_description, configuration_group_id, sort_order, date_added) VALUES ('Sort Order', 'MODULE_ORDER_TOTAL_TOTAL_SORT_ORDER', '40', 'Sort order of display.', '6', '2', now());

# 6 - Defaults
INSERT INTO configuration (configuration_title, configuration_key, configuration_value, configuration_description, configuration_group_id, sort_order, date_added) VALUES ('Default Currency', 'DEFAULT_CURRENCY', 'USD', 'Default Currency', '6', '0', now());
INSERT INTO configuration (configuration_title, configuration_key, configuration_value, configuration_description, configuration_group_id, sort_order, date_added) VALUES ('Default Language', 'DEFAULT_LANGUAGE', 'en', 'Default Language', '6', '0', now());
#INSERT INTO configuration (configuration_title, configuration_key, configuration_value, configuration_description, configuration_group_id, sort_order, date_added) VALUES ('Default Order Status For New Orders', 'DEFAULT_ORDERS_STATUS_ID', '1', 'When a new order is created, this order status will be assigned to it.', '6', '0', now());


# 7
INSERT INTO configuration (configuration_title, configuration_key, configuration_value, configuration_description, configuration_group_id, sort_order, use_function, set_function, date_added) VALUES ('Country of Origin', 'SHIPPING_ORIGIN_COUNTRY', '223', 'Select the country of origin to be used in shipping quotes.', '7', '1', 'tep_get_country_name', 'tep_cfg_pull_down_country_list(', now());
INSERT INTO configuration (configuration_title, configuration_key, configuration_value, configuration_description, configuration_group_id, sort_order, date_added) VALUES ('Postal Code', 'SHIPPING_ORIGIN_ZIP', 'NONE', 'Enter the Postal Code (ZIP) of the Store to be used in shipping quotes.', '7', '2', now());
INSERT INTO configuration (configuration_title, configuration_key, configuration_value, configuration_description, configuration_group_id, sort_order, set_function, date_added) VALUES ('Enter the Maximum Package Weight you will ship', 'SHIPPING_MAX_WEIGHT', '50', 'Carriers have a max weight limit for a single package. This is a common one for all.', '7', '3', 'double(0,null)', now());
INSERT INTO configuration (configuration_title, configuration_key, configuration_value, configuration_description, configuration_group_id, sort_order, set_function, date_added) VALUES ('Package Tare weight.', 'SHIPPING_BOX_WEIGHT', '3', 'What is the weight of typical packaging of small to medium packages?', '7', '4', 'double(0,null)', now());
INSERT INTO configuration (configuration_title, configuration_key, configuration_value, configuration_description, configuration_group_id, sort_order, set_function, date_added) VALUES ('Larger packages - percentage increase.', 'SHIPPING_BOX_PADDING', '10', 'For 10% enter 10', '7', '5', 'double(0,null)', now());

# 8
#INSERT INTO configuration (configuration_title, configuration_key, configuration_value, configuration_description, configuration_group_id, sort_order, date_added) VALUES ('Display Product Image', 'PRODUCT_LIST_IMAGE', '1', 'Do you want to display the Product Image?', '8', '1', now());
#INSERT INTO configuration (configuration_title, configuration_key, configuration_value, configuration_description, configuration_group_id, sort_order, date_added) VALUES ('Display Product Manufaturer Name','PRODUCT_LIST_MANUFACTURER', '0', 'Do you want to display the Product Manufacturer Name?', '8', '2', now());
#INSERT INTO configuration (configuration_title, configuration_key, configuration_value, configuration_description, configuration_group_id, sort_order, date_added) VALUES ('Display Product Model', 'PRODUCT_LIST_MODEL', '0', 'Do you want to display the Product Model?', '8', '3', now());
#INSERT INTO configuration (configuration_title, configuration_key, configuration_value, configuration_description, configuration_group_id, sort_order, date_added) VALUES ('Display Product Name', 'PRODUCT_LIST_NAME', '2', 'Do you want to display the Product Name?', '8', '4', now());
#INSERT INTO configuration (configuration_title, configuration_key, configuration_value, configuration_description, configuration_group_id, sort_order, date_added) VALUES ('Display Product Price', 'PRODUCT_LIST_PRICE', '3', 'Do you want to display the Product Price', '8', '5', now());
#INSERT INTO configuration (configuration_title, configuration_key, configuration_value, configuration_description, configuration_group_id, sort_order, date_added) VALUES ('Display Product Quantity', 'PRODUCT_LIST_QUANTITY', '0', 'Do you want to display the Product Quantity?', '8', '6', now());
#INSERT INTO configuration (configuration_title, configuration_key, configuration_value, configuration_description, configuration_group_id, sort_order, date_added) VALUES ('Display Product Weight', 'PRODUCT_LIST_WEIGHT', '0', 'Do you want to display the Product Weight?', '8', '7', now());
#INSERT INTO configuration (configuration_title, configuration_key, configuration_value, configuration_description, configuration_group_id, sort_order, date_added) VALUES ('Display Buy Now column', 'PRODUCT_LIST_BUY_NOW', '4', 'Do you want to display the Buy Now column?', '8', '8', now());
#INSERT INTO configuration (configuration_title, configuration_key, configuration_value, configuration_description, configuration_group_id, sort_order, date_added) VALUES ('Display Category/Manufacturer Filter (0=disable; 1=enable)', 'PRODUCT_LIST_FILTER', '1', 'Do you want to display the Category/Manufacturer Filter?', '8', '9', now());
#INSERT INTO configuration (configuration_title, configuration_key, configuration_value, configuration_description, configuration_group_id, sort_order, date_added) VALUES ('Location of Prev/Next Navigation Bar (1-top, 2-bottom, 3-both)', 'PREV_NEXT_BAR_LOCATION', '2', 'Sets the location of the Prev/Next Navigation Bar (1-top, 2-bottom, 3-both)', '8', '10', now());

# 9
INSERT INTO configuration (configuration_title, configuration_key, configuration_value, configuration_description, configuration_group_id, sort_order, set_function, date_added) VALUES ('Check stock level', 'STOCK_CHECK', 'true', 'Check to see if sufficent stock is available', '9', '1', 'tep_cfg_select_option(array(\'true\', \'false\'), ', now());
INSERT INTO configuration (configuration_title, configuration_key, configuration_value, configuration_description, configuration_group_id, sort_order, set_function, date_added) VALUES ('Subtract stock', 'STOCK_LIMITED', 'true', 'Subtract product in stock by product orders', '9', '2', 'tep_cfg_select_option(array(\'true\', \'false\'), ', now());
INSERT INTO configuration (configuration_title, configuration_key, configuration_value, configuration_description, configuration_group_id, sort_order, set_function, date_added) VALUES ('Allow Checkout', 'STOCK_ALLOW_CHECKOUT', 'true', 'Allow customer to checkout even if there is insufficient stock', '9', '3', 'tep_cfg_select_option(array(\'true\', \'false\'), ', now());
#INSERT INTO configuration (configuration_title, configuration_key, configuration_value, configuration_description, configuration_group_id, sort_order, date_added) VALUES ('Mark product out of stock', 'STOCK_MARK_PRODUCT_OUT_OF_STOCK', '***', 'Display something on screen so customer can see which product has insufficient stock', '9', '4', now());
INSERT INTO configuration (configuration_title, configuration_key, configuration_value, configuration_description, configuration_group_id, sort_order, set_function, date_added) VALUES ('Stock Re-order level', 'STOCK_REORDER_LEVEL', '5', 'Define when stock needs to be re-ordered', '9', '5', 'integer(null,null)', now());

# 10
#INSERT INTO configuration (configuration_title, configuration_key, configuration_value, configuration_description, configuration_group_id, sort_order, set_function, date_added) VALUES ('Store Page Parse Time', 'STORE_PAGE_PARSE_TIME', 'false', 'Store the time it takes to parse a page', '10', '1', 'tep_cfg_select_option(array(\'true\', \'false\'), ', now());
#INSERT INTO configuration (configuration_title, configuration_key, configuration_value, configuration_description, configuration_group_id, sort_order, date_added) VALUES ('Log Destination', 'STORE_PAGE_PARSE_TIME_LOG', '/var/log/www/tep/page_parse_time.log', 'Directory and filename of the page parse time log', '10', '2', now());
#INSERT INTO configuration (configuration_title, configuration_key, configuration_value, configuration_description, configuration_group_id, sort_order, date_added) VALUES ('Log Date Format', 'STORE_PARSE_DATE_TIME_FORMAT', '%d/%m/%Y %H:%M:%S', 'The date format', '10', '3', now());
#INSERT INTO configuration (configuration_title, configuration_key, configuration_value, configuration_description, configuration_group_id, sort_order, set_function, date_added) VALUES ('Display The Page Parse Time', 'DISPLAY_PAGE_PARSE_TIME', 'true', 'Display the page parse time (store page parse time must be enabled)', '10', '4', 'tep_cfg_select_option(array(\'true\', \'false\'), ', now());
#INSERT INTO configuration (configuration_title, configuration_key, configuration_value, configuration_description, configuration_group_id, sort_order, set_function, date_added) VALUES ('Store Database Queries', 'STORE_DB_TRANSACTIONS', 'false', 'Store the database queries in the page parse time log (PHP4 only)', '10', '5', 'tep_cfg_select_option(array(\'true\', \'false\'), ', now());

# 11
#INSERT INTO configuration (configuration_title, configuration_key, configuration_value, configuration_description, configuration_group_id, sort_order, set_function, date_added) VALUES ('Use Cache', 'USE_CACHE', 'false', 'Use caching features', '11', '1', 'tep_cfg_select_option(array(\'true\', \'false\'), ', now());
#INSERT INTO configuration (configuration_title, configuration_key, configuration_value, configuration_description, configuration_group_id, sort_order, date_added) VALUES ('Cache Directory', 'DIR_FS_CACHE', '/tmp/', 'The directory where the cached files are saved', '11', '2', now());

# 12
#INSERT INTO configuration (configuration_title, configuration_key, configuration_value, configuration_description, configuration_group_id, sort_order, set_function, date_added) VALUES ('E-Mail Transport Method', 'EMAIL_TRANSPORT', 'sendmail', 'Defines if this server uses a local connection to sendmail or uses an SMTP connection via TCP/IP. Servers running on Windows and MacOS should change this setting to SMTP.', '12', '1', 'tep_cfg_select_option(array(\'sendmail\', \'smtp\'),', now());
#INSERT INTO configuration (configuration_title, configuration_key, configuration_value, configuration_description, configuration_group_id, sort_order, set_function, date_added) VALUES ('E-Mail Linefeeds', 'EMAIL_LINEFEED', 'LF', 'Defines the character sequence used to separate mail headers.', '12', '2', 'tep_cfg_select_option(array(\'LF\', \'CRLF\'),', now());
#INSERT INTO configuration (configuration_title, configuration_key, configuration_value, configuration_description, configuration_group_id, sort_order, set_function, date_added) VALUES ('Use MIME HTML When Sending Emails', 'EMAIL_USE_HTML', 'false', 'Send e-mails in HTML format', '12', '3', 'tep_cfg_select_option(array(\'true\', \'false\'),', now());
#INSERT INTO configuration (configuration_title, configuration_key, configuration_value, configuration_description, configuration_group_id, sort_order, set_function, date_added) VALUES ('Verify E-Mail Addresses Through DNS', 'ENTRY_EMAIL_ADDRESS_CHECK', 'false', 'Verify e-mail address through a DNS server', '12', '4', 'tep_cfg_select_option(array(\'true\', \'false\'), ', now());
INSERT INTO configuration (configuration_title, configuration_key, configuration_value, configuration_description, configuration_group_id, sort_order, set_function, date_added) VALUES ('Send E-Mails', 'SEND_EMAILS', 'true', 'Send out e-mails', '12', '1', 'tep_cfg_select_option(array(\'true\', \'false\'), ', now());

# 13
#INSERT INTO configuration (configuration_title, configuration_key, configuration_value, configuration_description, configuration_group_id, sort_order, set_function, date_added) VALUES ('Enable download', 'DOWNLOAD_ENABLED', 'false', 'Enable the products download functions.', '13', '1', 'tep_cfg_select_option(array(\'true\', \'false\'), ', now());
#INSERT INTO configuration (configuration_title, configuration_key, configuration_value, configuration_description, configuration_group_id, sort_order, set_function, date_added) VALUES ('Download by redirect', 'DOWNLOAD_BY_REDIRECT', 'false', 'Use browser redirection for download. Disable on non-Unix systems.', '13', '2', 'tep_cfg_select_option(array(\'true\', \'false\'), ', now());
#INSERT INTO configuration (configuration_title, configuration_key, configuration_value, configuration_description, configuration_group_id, sort_order, set_function, date_added) VALUES ('Expiry delay (days)' ,'DOWNLOAD_MAX_DAYS', '7', 'Set number of days before the download link expires. 0 means no limit.', '13', '3', '', now());
#INSERT INTO configuration (configuration_title, configuration_key, configuration_value, configuration_description, configuration_group_id, sort_order, set_function, date_added) VALUES ('Maximum number of downloads' ,'DOWNLOAD_MAX_COUNT', '5', 'Set the maximum number of downloads. 0 means no download authorized.', '13', '4', '', now());

# 14
#INSERT INTO configuration (configuration_title, configuration_key, configuration_value, configuration_description, configuration_group_id, sort_order, set_function, date_added) VALUES ('Enable GZip Compression', 'GZIP_COMPRESSION', 'false', 'Enable HTTP GZip compression.', '14', '1', 'tep_cfg_select_option(array(\'true\', \'false\'), ', now());
#INSERT INTO configuration (configuration_title, configuration_key, configuration_value, configuration_description, configuration_group_id, sort_order, date_added) VALUES ('Compression Level', 'GZIP_LEVEL', '5', 'Use this compression level 0-9 (0 = minimum, 9 = maximum).', '14', '2', now());

# 15
#INSERT INTO configuration (configuration_title, configuration_key, configuration_value, configuration_description, configuration_group_id, sort_order, date_added) VALUES ('Session Directory', 'SESSION_WRITE_DIRECTORY', '/tmp', 'If sessions are file based, store them in this directory.', '15', '1', now());
#INSERT INTO configuration (configuration_title, configuration_key, configuration_value, configuration_description, configuration_group_id, sort_order, set_function, date_added) VALUES ('Force Cookie Use', 'SESSION_FORCE_COOKIE_USE', 'False', 'Force the use of sessions when cookies are only enabled.', '15', '2', 'tep_cfg_select_option(array(\'true\', \'false\'), ', now());
#INSERT INTO configuration (configuration_title, configuration_key, configuration_value, configuration_description, configuration_group_id, sort_order, set_function, date_added) VALUES ('Check SSL Session ID', 'SESSION_CHECK_SSL_SESSION_ID', 'False', 'Validate the SSL_SESSION_ID on every secure HTTPS page request.', '15', '3', 'tep_cfg_select_option(array(\'true\', \'false\'), ', now());
#INSERT INTO configuration (configuration_title, configuration_key, configuration_value, configuration_description, configuration_group_id, sort_order, set_function, date_added) VALUES ('Check User Agent', 'SESSION_CHECK_USER_AGENT', 'False', 'Validate the clients browser user agent on every page request.', '15', '4', 'tep_cfg_select_option(array(\'true\', \'false\'), ', now());
#INSERT INTO configuration (configuration_title, configuration_key, configuration_value, configuration_description, configuration_group_id, sort_order, set_function, date_added) VALUES ('Check IP Address', 'SESSION_CHECK_IP_ADDRESS', 'False', 'Validate the clients IP address on every page request.', '15', '5', 'tep_cfg_select_option(array(\'true\', \'false\'), ', now());
#INSERT INTO configuration (configuration_title, configuration_key, configuration_value, configuration_description, configuration_group_id, sort_order, set_function, date_added) VALUES ('Prevent Spider Sessions', 'SESSION_BLOCK_SPIDERS', 'False', 'Prevent known spiders from starting a session.', '15', '6', 'tep_cfg_select_option(array(\'true\', \'false\'), ', now());
#INSERT INTO configuration (configuration_title, configuration_key, configuration_value, configuration_description, configuration_group_id, sort_order, set_function, date_added) VALUES ('Recreate Session', 'SESSION_RECREATE', 'False', 'Recreate the session to generate a new session ID when the customer logs on or creates an account (PHP >=4.1 needed).', '15', '7', 'tep_cfg_select_option(array(\'true\', \'false\'), ', now());

INSERT INTO configuration_group VALUES ('1', 'My Store', 'General information about my store', '1', '1');
INSERT INTO configuration_group VALUES ('2', 'Minimum Values', 'The minimum values for functions / data', '2', '1');
INSERT INTO configuration_group VALUES ('3', 'Maximum Values', 'The maximum values for functions / data', '3', '1');
INSERT INTO configuration_group VALUES ('4', 'Images', 'Image parameters', '4', '1');
INSERT INTO configuration_group VALUES ('5', 'Customer Details', 'Customer account configuration', '5', '1');
INSERT INTO configuration_group VALUES ('6', 'Module Options', 'Hidden from configuration', '6', '0');
INSERT INTO configuration_group VALUES ('7', 'Shipping/Packaging', 'Shipping options available at my store', '7', '1');
#INSERT INTO configuration_group VALUES ('8', 'Product Listing', 'Product Listing    configuration options', '8', '1');
INSERT INTO configuration_group VALUES ('9', 'Stock', 'Stock configuration options', '9', '1');
#INSERT INTO configuration_group VALUES ('10', 'Logging', 'Logging configuration options', '10', '1');
INSERT INTO configuration_group VALUES ('11', 'Cache', 'Caching configuration options', '11', '1');
INSERT INTO configuration_group VALUES ('12', 'E-Mail Options', 'General setting for E-Mail transport and HTML E-Mails', '12', '1');
#INSERT INTO configuration_group VALUES ('13', 'Download', 'Downloadable products options', '13', '1');
#INSERT INTO configuration_group VALUES ('14', 'GZip Compression', 'GZip compression options', '14', '1');
#INSERT INTO configuration_group VALUES ('15', 'Sessions', 'Session options', '15', '1');

INSERT INTO countries VALUES (1,'Afghanistan','AF','AFG','1');
INSERT INTO countries VALUES (2,'Albania','AL','ALB','1');
INSERT INTO countries VALUES (3,'Algeria','DZ','DZA','1');
INSERT INTO countries VALUES (4,'American Samoa','AS','ASM','1');
INSERT INTO countries VALUES (5,'Andorra','AD','AND','1');
INSERT INTO countries VALUES (6,'Angola','AO','AGO','1');
INSERT INTO countries VALUES (7,'Anguilla','AI','AIA','1');
INSERT INTO countries VALUES (8,'Antarctica','AQ','ATA','1');
INSERT INTO countries VALUES (9,'Antigua and Barbuda','AG','ATG','1');
INSERT INTO countries VALUES (10,'Argentina','AR','ARG','1');
INSERT INTO countries VALUES (11,'Armenia','AM','ARM','1');
INSERT INTO countries VALUES (12,'Aruba','AW','ABW','1');
INSERT INTO countries VALUES (13,'Australia','AU','AUS','1');
INSERT INTO countries VALUES (14,'Austria','AT','AUT','5');
INSERT INTO countries VALUES (15,'Azerbaijan','AZ','AZE','1');
INSERT INTO countries VALUES (16,'Bahamas','BS','BHS','1');
INSERT INTO countries VALUES (17,'Bahrain','BH','BHR','1');
INSERT INTO countries VALUES (18,'Bangladesh','BD','BGD','1');
INSERT INTO countries VALUES (19,'Barbados','BB','BRB','1');
INSERT INTO countries VALUES (20,'Belarus','BY','BLR','1');
INSERT INTO countries VALUES (21,'Belgium','BE','BEL','1');
INSERT INTO countries VALUES (22,'Belize','BZ','BLZ','1');
INSERT INTO countries VALUES (23,'Benin','BJ','BEN','1');
INSERT INTO countries VALUES (24,'Bermuda','BM','BMU','1');
INSERT INTO countries VALUES (25,'Bhutan','BT','BTN','1');
INSERT INTO countries VALUES (26,'Bolivia','BO','BOL','1');
INSERT INTO countries VALUES (27,'Bosnia and Herzegowina','BA','BIH','1');
INSERT INTO countries VALUES (28,'Botswana','BW','BWA','1');
INSERT INTO countries VALUES (29,'Bouvet Island','BV','BVT','1');
INSERT INTO countries VALUES (30,'Brazil','BR','BRA','1');
INSERT INTO countries VALUES (31,'British Indian Ocean Territory','IO','IOT','1');
INSERT INTO countries VALUES (32,'Brunei Darussalam','BN','BRN','1');
INSERT INTO countries VALUES (33,'Bulgaria','BG','BGR','1');
INSERT INTO countries VALUES (34,'Burkina Faso','BF','BFA','1');
INSERT INTO countries VALUES (35,'Burundi','BI','BDI','1');
INSERT INTO countries VALUES (36,'Cambodia','KH','KHM','1');
INSERT INTO countries VALUES (37,'Cameroon','CM','CMR','1');
INSERT INTO countries VALUES (38,'Canada','CA','CAN','1');
INSERT INTO countries VALUES (39,'Cape Verde','CV','CPV','1');
INSERT INTO countries VALUES (40,'Cayman Islands','KY','CYM','1');
INSERT INTO countries VALUES (41,'Central African Republic','CF','CAF','1');
INSERT INTO countries VALUES (42,'Chad','TD','TCD','1');
INSERT INTO countries VALUES (43,'Chile','CL','CHL','1');
INSERT INTO countries VALUES (44,'China','CN','CHN','1');
INSERT INTO countries VALUES (45,'Christmas Island','CX','CXR','1');
INSERT INTO countries VALUES (46,'Cocos (Keeling) Islands','CC','CCK','1');
INSERT INTO countries VALUES (47,'Colombia','CO','COL','1');
INSERT INTO countries VALUES (48,'Comoros','KM','COM','1');
INSERT INTO countries VALUES (49,'Congo','CG','COG','1');
INSERT INTO countries VALUES (50,'Cook Islands','CK','COK','1');
INSERT INTO countries VALUES (51,'Costa Rica','CR','CRI','1');
INSERT INTO countries VALUES (52,"Cote D\'Ivoire",'CI','CIV','1');
INSERT INTO countries VALUES (53,'Croatia','HR','HRV','1');
INSERT INTO countries VALUES (54,'Cuba','CU','CUB','1');
INSERT INTO countries VALUES (55,'Cyprus','CY','CYP','1');
INSERT INTO countries VALUES (56,'Czech Republic','CZ','CZE','1');
INSERT INTO countries VALUES (57,'Denmark','DK','DNK','1');
INSERT INTO countries VALUES (58,'Djibouti','DJ','DJI','1');
INSERT INTO countries VALUES (59,'Dominica','DM','DMA','1');
INSERT INTO countries VALUES (60,'Dominican Republic','DO','DOM','1');
INSERT INTO countries VALUES (61,'East Timor','TP','TMP','1');
INSERT INTO countries VALUES (62,'Ecuador','EC','ECU','1');
INSERT INTO countries VALUES (63,'Egypt','EG','EGY','1');
INSERT INTO countries VALUES (64,'El Salvador','SV','SLV','1');
INSERT INTO countries VALUES (65,'Equatorial Guinea','GQ','GNQ','1');
INSERT INTO countries VALUES (66,'Eritrea','ER','ERI','1');
INSERT INTO countries VALUES (67,'Estonia','EE','EST','1');
INSERT INTO countries VALUES (68,'Ethiopia','ET','ETH','1');
INSERT INTO countries VALUES (69,'Falkland Islands (Malvinas)','FK','FLK','1');
INSERT INTO countries VALUES (70,'Faroe Islands','FO','FRO','1');
INSERT INTO countries VALUES (71,'Fiji','FJ','FJI','1');
INSERT INTO countries VALUES (72,'Finland','FI','FIN','1');
INSERT INTO countries VALUES (73,'France','FR','FRA','1');
INSERT INTO countries VALUES (74,'France, Metropolitan','FX','FXX','1');
INSERT INTO countries VALUES (75,'French Guiana','GF','GUF','1');
INSERT INTO countries VALUES (76,'French Polynesia','PF','PYF','1');
INSERT INTO countries VALUES (77,'French Southern Territories','TF','ATF','1');
INSERT INTO countries VALUES (78,'Gabon','GA','GAB','1');
INSERT INTO countries VALUES (79,'Gambia','GM','GMB','1');
INSERT INTO countries VALUES (80,'Georgia','GE','GEO','1');
INSERT INTO countries VALUES (81,'Germany','DE','DEU','5');
INSERT INTO countries VALUES (82,'Ghana','GH','GHA','1');
INSERT INTO countries VALUES (83,'Gibraltar','GI','GIB','1');
INSERT INTO countries VALUES (84,'Greece','GR','GRC','1');
INSERT INTO countries VALUES (85,'Greenland','GL','GRL','1');
INSERT INTO countries VALUES (86,'Grenada','GD','GRD','1');
INSERT INTO countries VALUES (87,'Guadeloupe','GP','GLP','1');
INSERT INTO countries VALUES (88,'Guam','GU','GUM','1');
INSERT INTO countries VALUES (89,'Guatemala','GT','GTM','1');
INSERT INTO countries VALUES (90,'Guinea','GN','GIN','1');
INSERT INTO countries VALUES (91,'Guinea-bissau','GW','GNB','1');
INSERT INTO countries VALUES (92,'Guyana','GY','GUY','1');
INSERT INTO countries VALUES (93,'Haiti','HT','HTI','1');
INSERT INTO countries VALUES (94,'Heard and Mc Donald Islands','HM','HMD','1');
INSERT INTO countries VALUES (95,'Honduras','HN','HND','1');
INSERT INTO countries VALUES (96,'Hong Kong','HK','HKG','1');
INSERT INTO countries VALUES (97,'Hungary','HU','HUN','1');
INSERT INTO countries VALUES (98,'Iceland','IS','ISL','1');
INSERT INTO countries VALUES (99,'India','IN','IND','1');
INSERT INTO countries VALUES (100,'Indonesia','ID','IDN','1');
INSERT INTO countries VALUES (101,'Iran (Islamic Republic of)','IR','IRN','1');
INSERT INTO countries VALUES (102,'Iraq','IQ','IRQ','1');
INSERT INTO countries VALUES (103,'Ireland','IE','IRL','1');
INSERT INTO countries VALUES (104,'Israel','IL','ISR','1');
INSERT INTO countries VALUES (105,'Italy','IT','ITA','1');
INSERT INTO countries VALUES (106,'Jamaica','JM','JAM','1');
INSERT INTO countries VALUES (107,'Japan','JP','JPN','1');
INSERT INTO countries VALUES (108,'Jordan','JO','JOR','1');
INSERT INTO countries VALUES (109,'Kazakhstan','KZ','KAZ','1');
INSERT INTO countries VALUES (110,'Kenya','KE','KEN','1');
INSERT INTO countries VALUES (111,'Kiribati','KI','KIR','1');
INSERT INTO countries VALUES (112,'Korea, Democratic People\'s Republic of','KP','PRK','1');
INSERT INTO countries VALUES (113,'Korea, Republic of','KR','KOR','1');
INSERT INTO countries VALUES (114,'Kuwait','KW','KWT','1');
INSERT INTO countries VALUES (115,'Kyrgyzstan','KG','KGZ','1');
INSERT INTO countries VALUES (116,'Lao People\'s Democratic Republic','LA','LAO','1');
INSERT INTO countries VALUES (117,'Latvia','LV','LVA','1');
INSERT INTO countries VALUES (118,'Lebanon','LB','LBN','1');
INSERT INTO countries VALUES (119,'Lesotho','LS','LSO','1');
INSERT INTO countries VALUES (120,'Liberia','LR','LBR','1');
INSERT INTO countries VALUES (121,'Libyan Arab Jamahiriya','LY','LBY','1');
INSERT INTO countries VALUES (122,'Liechtenstein','LI','LIE','1');
INSERT INTO countries VALUES (123,'Lithuania','LT','LTU','1');
INSERT INTO countries VALUES (124,'Luxembourg','LU','LUX','1');
INSERT INTO countries VALUES (125,'Macau','MO','MAC','1');
INSERT INTO countries VALUES (126,'Macedonia, The Former Yugoslav Republic of','MK','MKD','1');
INSERT INTO countries VALUES (127,'Madagascar','MG','MDG','1');
INSERT INTO countries VALUES (128,'Malawi','MW','MWI','1');
INSERT INTO countries VALUES (129,'Malaysia','MY','MYS','1');
INSERT INTO countries VALUES (130,'Maldives','MV','MDV','1');
INSERT INTO countries VALUES (131,'Mali','ML','MLI','1');
INSERT INTO countries VALUES (132,'Malta','MT','MLT','1');
INSERT INTO countries VALUES (133,'Marshall Islands','MH','MHL','1');
INSERT INTO countries VALUES (134,'Martinique','MQ','MTQ','1');
INSERT INTO countries VALUES (135,'Mauritania','MR','MRT','1');
INSERT INTO countries VALUES (136,'Mauritius','MU','MUS','1');
INSERT INTO countries VALUES (137,'Mayotte','YT','MYT','1');
INSERT INTO countries VALUES (138,'Mexico','MX','MEX','1');
INSERT INTO countries VALUES (139,'Micronesia, Federated States of','FM','FSM','1');
INSERT INTO countries VALUES (140,'Moldova, Republic of','MD','MDA','1');
INSERT INTO countries VALUES (141,'Monaco','MC','MCO','1');
INSERT INTO countries VALUES (142,'Mongolia','MN','MNG','1');
INSERT INTO countries VALUES (143,'Montserrat','MS','MSR','1');
INSERT INTO countries VALUES (144,'Morocco','MA','MAR','1');
INSERT INTO countries VALUES (145,'Mozambique','MZ','MOZ','1');
INSERT INTO countries VALUES (146,'Myanmar','MM','MMR','1');
INSERT INTO countries VALUES (147,'Namibia','NA','NAM','1');
INSERT INTO countries VALUES (148,'Nauru','NR','NRU','1');
INSERT INTO countries VALUES (149,'Nepal','NP','NPL','1');
INSERT INTO countries VALUES (150,'Netherlands','NL','NLD','1');
INSERT INTO countries VALUES (151,'Netherlands Antilles','AN','ANT','1');
INSERT INTO countries VALUES (152,'New Caledonia','NC','NCL','1');
INSERT INTO countries VALUES (153,'New Zealand','NZ','NZL','1');
INSERT INTO countries VALUES (154,'Nicaragua','NI','NIC','1');
INSERT INTO countries VALUES (155,'Niger','NE','NER','1');
INSERT INTO countries VALUES (156,'Nigeria','NG','NGA','1');
INSERT INTO countries VALUES (157,'Niue','NU','NIU','1');
INSERT INTO countries VALUES (158,'Norfolk Island','NF','NFK','1');
INSERT INTO countries VALUES (159,'Northern Mariana Islands','MP','MNP','1');
INSERT INTO countries VALUES (160,'Norway','NO','NOR','1');
INSERT INTO countries VALUES (161,'Oman','OM','OMN','1');
INSERT INTO countries VALUES (162,'Pakistan','PK','PAK','1');
INSERT INTO countries VALUES (163,'Palau','PW','PLW','1');
INSERT INTO countries VALUES (164,'Panama','PA','PAN','1');
INSERT INTO countries VALUES (165,'Papua New Guinea','PG','PNG','1');
INSERT INTO countries VALUES (166,'Paraguay','PY','PRY','1');
INSERT INTO countries VALUES (167,'Peru','PE','PER','1');
INSERT INTO countries VALUES (168,'Philippines','PH','PHL','1');
INSERT INTO countries VALUES (169,'Pitcairn','PN','PCN','1');
INSERT INTO countries VALUES (170,'Poland','PL','POL','1');
INSERT INTO countries VALUES (171,'Portugal','PT','PRT','1');
INSERT INTO countries VALUES (172,'Puerto Rico','PR','PRI','1');
INSERT INTO countries VALUES (173,'Qatar','QA','QAT','1');
INSERT INTO countries VALUES (174,'Reunion','RE','REU','1');
INSERT INTO countries VALUES (175,'Romania','RO','ROM','1');
INSERT INTO countries VALUES (176,'Russian Federation','RU','RUS','1');
INSERT INTO countries VALUES (177,'Rwanda','RW','RWA','1');
INSERT INTO countries VALUES (178,'Saint Kitts and Nevis','KN','KNA','1');
INSERT INTO countries VALUES (179,'Saint Lucia','LC','LCA','1');
INSERT INTO countries VALUES (180,'Saint Vincent and the Grenadines','VC','VCT','1');
INSERT INTO countries VALUES (181,'Samoa','WS','WSM','1');
INSERT INTO countries VALUES (182,'San Marino','SM','SMR','1');
INSERT INTO countries VALUES (183,'Sao Tome and Principe','ST','STP','1');
INSERT INTO countries VALUES (184,'Saudi Arabia','SA','SAU','1');
INSERT INTO countries VALUES (185,'Senegal','SN','SEN','1');
INSERT INTO countries VALUES (186,'Seychelles','SC','SYC','1');
INSERT INTO countries VALUES (187,'Sierra Leone','SL','SLE','1');
INSERT INTO countries VALUES (188,'Singapore','SG','SGP', '4');
INSERT INTO countries VALUES (189,'Slovakia (Slovak Republic)','SK','SVK','1');
INSERT INTO countries VALUES (190,'Slovenia','SI','SVN','1');
INSERT INTO countries VALUES (191,'Solomon Islands','SB','SLB','1');
INSERT INTO countries VALUES (192,'Somalia','SO','SOM','1');
INSERT INTO countries VALUES (193,'South Africa','ZA','ZAF','1');
INSERT INTO countries VALUES (194,'South Georgia and the South Sandwich Islands','GS','SGS','1');
INSERT INTO countries VALUES (195,'Spain','ES','ESP','3');
INSERT INTO countries VALUES (196,'Sri Lanka','LK','LKA','1');
INSERT INTO countries VALUES (197,'St. Helena','SH','SHN','1');
INSERT INTO countries VALUES (198,'St. Pierre and Miquelon','PM','SPM','1');
INSERT INTO countries VALUES (199,'Sudan','SD','SDN','1');
INSERT INTO countries VALUES (200,'Suriname','SR','SUR','1');
INSERT INTO countries VALUES (201,'Svalbard and Jan Mayen Islands','SJ','SJM','1');
INSERT INTO countries VALUES (202,'Swaziland','SZ','SWZ','1');
INSERT INTO countries VALUES (203,'Sweden','SE','SWE','1');
INSERT INTO countries VALUES (204,'Switzerland','CH','CHE','1');
INSERT INTO countries VALUES (205,'Syrian Arab Republic','SY','SYR','1');
INSERT INTO countries VALUES (206,'Taiwan','TW','TWN','1');
INSERT INTO countries VALUES (207,'Tajikistan','TJ','TJK','1');
INSERT INTO countries VALUES (208,'Tanzania, United Republic of','TZ','TZA','1');
INSERT INTO countries VALUES (209,'Thailand','TH','THA','1');
INSERT INTO countries VALUES (210,'Togo','TG','TGO','1');
INSERT INTO countries VALUES (211,'Tokelau','TK','TKL','1');
INSERT INTO countries VALUES (212,'Tonga','TO','TON','1');
INSERT INTO countries VALUES (213,'Trinidad and Tobago','TT','TTO','1');
INSERT INTO countries VALUES (214,'Tunisia','TN','TUN','1');
INSERT INTO countries VALUES (215,'Turkey','TR','TUR','1');
INSERT INTO countries VALUES (216,'Turkmenistan','TM','TKM','1');
INSERT INTO countries VALUES (217,'Turks and Caicos Islands','TC','TCA','1');
INSERT INTO countries VALUES (218,'Tuvalu','TV','TUV','1');
INSERT INTO countries VALUES (219,'Uganda','UG','UGA','1');
INSERT INTO countries VALUES (220,'Ukraine','UA','UKR','1');
INSERT INTO countries VALUES (221,'United Arab Emirates','AE','ARE','1');
INSERT INTO countries VALUES (222,'United Kingdom','GB','GBR','1');
INSERT INTO countries VALUES (223,'United States','US','USA', '2');
INSERT INTO countries VALUES (224,'United States Minor Outlying Islands','UM','UMI','1');
INSERT INTO countries VALUES (225,'Uruguay','UY','URY','1');
INSERT INTO countries VALUES (226,'Uzbekistan','UZ','UZB','1');
INSERT INTO countries VALUES (227,'Vanuatu','VU','VUT','1');
INSERT INTO countries VALUES (228,'Vatican City State (Holy See)','VA','VAT','1');
INSERT INTO countries VALUES (229,'Venezuela','VE','VEN','1');
INSERT INTO countries VALUES (230,'Viet Nam','VN','VNM','1');
INSERT INTO countries VALUES (231,'Virgin Islands (British)','VG','VGB','1');
INSERT INTO countries VALUES (232,'Virgin Islands (U.S.)','VI','VIR','1');
INSERT INTO countries VALUES (233,'Wallis and Futuna Islands','WF','WLF','1');
INSERT INTO countries VALUES (234,'Western Sahara','EH','ESH','1');
INSERT INTO countries VALUES (235,'Yemen','YE','YEM','1');
INSERT INTO countries VALUES (236,'Yugoslavia','YU','YUG','1');
INSERT INTO countries VALUES (237,'Zaire','ZR','ZAR','1');
INSERT INTO countries VALUES (238,'Zambia','ZM','ZMB','1');
INSERT INTO countries VALUES (239,'Zimbabwe','ZW','ZWE','1');

INSERT INTO currencies VALUES (1,'US Dollar','USD','$','','.',',','2','1.0000', now());
INSERT INTO currencies VALUES (2,'Euro','EUR','','EUR','.',',','2','1.4000', now());

# John Doe User "root@localhost.com" Password: "password"
INSERT INTO customers VALUES ( '1', 'm', 'John', 'doe', '2001-01-01 00:00:00', 'root@localhost', '1', '12345', '', 'd95e8fa7f20a009372eb3477473fcd34:1c', '0');

INSERT INTO customers_info VALUES (1, now(), 0, now(), now(), 0);

INSERT INTO languages VALUES (1,'English','en','icon.gif','english',1);
INSERT INTO languages VALUES (2,'Deutsch','de','icon.gif','german',2);
INSERT INTO languages VALUES (3,'Español','es','icon.gif','espanol',3);

INSERT INTO manufacturers VALUES (1,'Matrox','manufacturer_matrox.gif', now(), null);
INSERT INTO manufacturers VALUES (2,'Microsoft','manufacturer_microsoft.gif', now(), null);
INSERT INTO manufacturers VALUES (3,'Warner','manufacturer_warner.gif', now(), null);
INSERT INTO manufacturers VALUES (4,'Fox','manufacturer_fox.gif', now(), null);
INSERT INTO manufacturers VALUES (5,'Logitech','manufacturer_logitech.gif', now(), null);
INSERT INTO manufacturers VALUES (6,'Canon','manufacturer_canon.gif', now(), null);
INSERT INTO manufacturers VALUES (7,'Sierra','manufacturer_sierra.gif', now(), null);
INSERT INTO manufacturers VALUES (8,'GT Interactive','manufacturer_gt_interactive.gif', now(), null);
INSERT INTO manufacturers VALUES (9,'Hewlett Packard','manufacturer_hewlett_packard.gif', now(), null);

INSERT INTO manufacturers_info VALUES (1, 1, 'http://www.matrox.com', 0, null);
INSERT INTO manufacturers_info VALUES (1, 2, 'http://www.matrox.de', 0, null);
INSERT INTO manufacturers_info VALUES (1, 3, 'http://www.matrox.com', 0, null);
INSERT INTO manufacturers_info VALUES (2, 1, 'http://www.microsoft.com', 0, null);
INSERT INTO manufacturers_info VALUES (2, 2, 'http://www.microsoft.de', 0, null);
INSERT INTO manufacturers_info VALUES (2, 3, 'http://www.microsoft.es', 0, null);
INSERT INTO manufacturers_info VALUES (3, 1, 'http://www.warner.com', 0, null);
INSERT INTO manufacturers_info VALUES (3, 2, 'http://www.warner.de', 0, null);
INSERT INTO manufacturers_info VALUES (3, 3, 'http://www.warner.com', 0, null);
INSERT INTO manufacturers_info VALUES (4, 1, 'http://www.fox.com', 0, null);
INSERT INTO manufacturers_info VALUES (4, 2, 'http://www.fox.de', 0, null);
INSERT INTO manufacturers_info VALUES (4, 3, 'http://www.fox.com', 0, null);
INSERT INTO manufacturers_info VALUES (5, 1, 'http://www.logitech.com', 0, null);
INSERT INTO manufacturers_info VALUES (5, 2, 'http://www.logitech.com', 0, null);
INSERT INTO manufacturers_info VALUES (5, 3, 'http://www.logitech.com', 0, null);
INSERT INTO manufacturers_info VALUES (6, 1, 'http://www.canon.com', 0, null);
INSERT INTO manufacturers_info VALUES (6, 2, 'http://www.canon.de', 0, null);
INSERT INTO manufacturers_info VALUES (6, 3, 'http://www.canon.es', 0, null);
INSERT INTO manufacturers_info VALUES (7, 1, 'http://www.sierra.com', 0, null);
INSERT INTO manufacturers_info VALUES (7, 2, 'http://www.sierra.de', 0, null);
INSERT INTO manufacturers_info VALUES (7, 3, 'http://www.sierra.com', 0, null);
INSERT INTO manufacturers_info VALUES (8, 1, 'http://www.infogrames.com', 0, null);
INSERT INTO manufacturers_info VALUES (8, 2, 'http://www.infogrames.de', 0, null);
INSERT INTO manufacturers_info VALUES (8, 3, 'http://www.infogrames.com', 0, null);
INSERT INTO manufacturers_info VALUES (9, 1, 'http://www.hewlettpackard.com', 0, null);
INSERT INTO manufacturers_info VALUES (9, 2, 'http://www.hewlettpackard.de', 0, null);
INSERT INTO manufacturers_info VALUES (9, 3, 'http://welcome.hp.com/country/es/spa/welcome.htm', 0, null);

INSERT INTO orders_status VALUES ( '1', '1', 'Pending');
INSERT INTO orders_status VALUES ( '1', '2', 'Offen');
INSERT INTO orders_status VALUES ( '1', '3', 'Pendiente');
INSERT INTO orders_status VALUES ( '2', '1', 'Processing');
INSERT INTO orders_status VALUES ( '2', '2', 'In Bearbeitung');
INSERT INTO orders_status VALUES ( '2', '3', 'Proceso');
INSERT INTO orders_status VALUES ( '3', '1', 'Delivered');
INSERT INTO orders_status VALUES ( '3', '2', 'Versendet');
INSERT INTO orders_status VALUES ( '3', '3', 'Entregado');
INSERT INTO orders_status(orders_status_id, language_id, orders_status_name) VALUES (4,1,'Waiting for Payment');
INSERT INTO orders_status(orders_status_id, language_id, orders_status_name) VALUES (4,2,'Wartezahlung');
INSERT INTO orders_status(orders_status_id, language_id, orders_status_name) VALUES (4,3,'Para pago que espera');
INSERT INTO orders_status(orders_status_id, language_id, orders_status_name) VALUES (5,1,'Payment Received');
INSERT INTO orders_status(orders_status_id, language_id, orders_status_name) VALUES (5,2,'Zahlung empfing');
INSERT INTO orders_status(orders_status_id, language_id, orders_status_name) VALUES (5,3,'Pago recibido');
INSERT INTO orders_status(orders_status_id, language_id, orders_status_name) VALUES (6,1,'Payment Declined');
INSERT INTO orders_status(orders_status_id, language_id, orders_status_name) VALUES (6,2,'Zahlung sank');
INSERT INTO orders_status(orders_status_id, language_id, orders_status_name) VALUES (6,3,'Pago declinado');


INSERT INTO products VALUES (1,32,'MG200MMS','matrox/mg200mms.gif',299.99, now(),null,now(),23.00,1,1,1,0);
INSERT INTO products VALUES (2,32,'MG400-32MB','matrox/mg400-32mb.gif',499.99, now(),null,now(),23.00,1,1,1,0);
INSERT INTO products VALUES (3,2,'MSIMPRO','microsoft/msimpro.gif',49.99, now(),null,now(),7.00,1,1,3,0);
INSERT INTO products VALUES (4,13,'DVD-RPMK','dvd/replacement_killers.gif',42.00, now(),null,now(),23.00,1,1,2,0);
INSERT INTO products VALUES (5,17,'DVD-BLDRNDC','dvd/blade_runner.gif',35.99, now(),null,now(),7.00,1,1,3,0);
INSERT INTO products VALUES (6,10,'DVD-MATR','dvd/the_matrix.gif',39.99, now(),null,now(),7.00,1,1,3,0);
INSERT INTO products VALUES (7,10,'DVD-YGEM','dvd/youve_got_mail.gif',34.99, now(),null,now(),7.00,1,1,3,0);
INSERT INTO products VALUES (8,10,'DVD-ABUG','dvd/a_bugs_life.gif',35.99, now(),null,now(),7.00,1,1,3,0);
INSERT INTO products VALUES (9,10,'DVD-UNSG','dvd/under_siege.gif',29.99, now(),null,now(),7.00,1,1,3,0);
INSERT INTO products VALUES (10,10,'DVD-UNSG2','dvd/under_siege2.gif',29.99, now(),null,now(),7.00,1,1,3,0);
INSERT INTO products VALUES (11,10,'DVD-FDBL','dvd/fire_down_below.gif',29.99, now(),null,now(),7.00,1,1,3,0);
INSERT INTO products VALUES (12,10,'DVD-DHWV','dvd/die_hard_3.gif',39.99, now(),null,now(),7.00,1,1,4,0);
INSERT INTO products VALUES (13,10,'DVD-LTWP','dvd/lethal_weapon.gif',34.99, now(),null,now(),7.00,1,1,3,0);
INSERT INTO products VALUES (14,10,'DVD-REDC','dvd/red_corner.gif',32.00, now(),null,now(),7.00,1,1,3,0);
INSERT INTO products VALUES (15,10,'DVD-FRAN','dvd/frantic.gif',35.00, now(),null,now(),7.00,1,1,3,0);
INSERT INTO products VALUES (16,10,'DVD-CUFI','dvd/courage_under_fire.gif',38.99, now(),null,now(),7.00,1,1,4,0);
INSERT INTO products VALUES (17,10,'DVD-SPEED','dvd/speed.gif',39.99, now(),null,now(),7.00,1,1,4,0);
INSERT INTO products VALUES (18,10,'DVD-SPEED2','dvd/speed_2.gif',42.00, now(),null,now(),7.00,1,1,4,0);
INSERT INTO products VALUES (19,10,'DVD-TSAB','dvd/theres_something_about_mary.gif',49.99, now(),null,now(),7.00,1,1,4,0);
INSERT INTO products VALUES (20,10,'DVD-BELOVED','dvd/beloved.gif',54.99, now(),null,now(),7.00,1,1,3,0);
INSERT INTO products VALUES (21,16,'PC-SWAT3','sierra/swat_3.gif',79.99, now(),null,now(),7.00,1,1,7,0);
INSERT INTO products VALUES (22,13,'PC-UNTM','gt_interactive/unreal_tournament.gif',89.99, now(),null,now(),7.00,1,1,8,0);
INSERT INTO products VALUES (23,16,'PC-TWOF','gt_interactive/wheel_of_time.gif',99.99, now(),null,now(),10.00,1,1,8,0);
INSERT INTO products VALUES (24,17,'PC-DISC','gt_interactive/disciples.gif',90.00, now(),null,now(),8.00,1,1,8,0);
INSERT INTO products VALUES (25,16,'MSINTKB','microsoft/intkeyboardps2.gif',69.99, now(),null,now(),8.00,1,1,2,0);
INSERT INTO products VALUES (26,10,'MSIMEXP','microsoft/imexplorer.gif',64.95, now(),null,now(),8.00,1,1,2,0);
INSERT INTO products VALUES (27,8,'HPLJ1100XI','hewlett_packard/lj1100xi.gif',499.99, now(),null,now(),45.00,1,1,9,0);

INSERT INTO products_description VALUES (1,1,'Matrox G200 MMS','Reinforcing its position as a multi-monitor trailblazer, Matrox Graphics Inc. has once again developed the most flexible and highly advanced solution in the industry. Introducing the new Matrox G200 Multi-Monitor Series; the first graphics card ever to support up to four DVI digital flat panel displays on a single 8&quot; PCI board.<br><br>With continuing demand for digital flat panels in the financial workplace, the Matrox G200 MMS is the ultimate in flexible solutions. The Matrox G200 MMS also supports the new digital video interface (DVI) created by the Digital Display Working Group (DDWG) designed to ease the adoption of digital flat panels. Other configurations include composite video capture ability and onboard TV tuner, making the Matrox G200 MMS the complete solution for business needs.<br><br>Based on the award-winning MGA-G200 graphics chip, the Matrox G200 Multi-Monitor Series provides superior 2D/3D graphics acceleration to meet the demanding needs of business applications such as real-time stock quotes (Versus), live video feeds (Reuters & Bloombergs), multiple windows applications, word processing, spreadsheets and CAD.','www.matrox.com/mga/products/g200_mms/home.cfm',0);
INSERT INTO products_description VALUES (2,1,'Matrox G400 32MB','<b>Dramatically Different High Performance Graphics</b><br><br>Introducing the Millennium G400 Series - a dramatically different, high performance graphics experience. Armed with the industry\'s fastest graphics chip, the Millennium G400 Series takes explosive acceleration two steps further by adding unprecedented image quality, along with the most versatile display options for all your 3D, 2D and DVD applications. As the most powerful and innovative tools in your PC\'s arsenal, the Millennium G400 Series will not only change the way you see graphics, but will revolutionize the way you use your computer.<br><br><b>Key features:</b><ul><li>New Matrox G400 256-bit DualBus graphics chip</li><li>Explosive 3D, 2D and DVD performance</li><li>DualHead Display</li><li>Superior DVD and TV output</li><li>3D Environment-Mapped Bump Mapping</li><li>Vibrant Color Quality rendering </li><li>UltraSharp DAC of up to 360 MHz</li><li>3D Rendering Array Processor</li><li>Support for 16 or 32 MB of memory</li></ul>','www.matrox.com/mga/products/mill_g400/home.htm',0);
INSERT INTO products_description VALUES (3,1,'Microsoft IntelliMouse Pro','Every element of IntelliMouse Pro - from its unique arched shape to the texture of the rubber grip around its base - is the product of extensive customer and ergonomic research. Microsoft\'s popular wheel control, which now allows zooming and universal scrolling functions, gives IntelliMouse Pro outstanding comfort and efficiency.','www.microsoft.com/hardware/mouse/intellimouse.asp',0);
INSERT INTO products_description VALUES (4,1,'The Replacement Killers','Regional Code: 2 (Japan, Europe, Middle East, South Africa).<br>Languages: English, Deutsch.<br>Subtitles: English, Deutsch, Spanish.<br>Audio: Dolby Surround 5.1.<br>Picture Format: 16:9 Wide-Screen.<br>Length: (approx) 80 minutes.<br>Other: Interactive Menus, Chapter Selection, Subtitles (more languages).','www.replacement-killers.com',0);
INSERT INTO products_description VALUES (5,1,'Blade Runner - Director\'s Cut','Regional Code: 2 (Japan, Europe, Middle East, South Africa).<br>Languages: English, Deutsch.<br>Subtitles: English, Deutsch, Spanish.<br>Audio: Dolby Surround 5.1.<br>Picture Format: 16:9 Wide-Screen.<br>Length: (approx) 112 minutes.<br>Other: Interactive Menus, Chapter Selection, Subtitles (more languages).','www.bladerunner.com',0);
INSERT INTO products_description VALUES (6,1,'The Matrix','Regional Code: 2 (Japan, Europe, Middle East, South Africa).<br><br>Languages: English, Deutsch.<br><br>Subtitles: English, Deutsch.<br><br>Audio: Dolby Surround.<br><br>Picture Format: 16:9 Wide-Screen.<br><br>Length: (approx) 131 minutes.<br><br>Other: Interactive Menus, Chapter Selection, Making Of.','www.thematrix.com',0);
INSERT INTO products_description VALUES (7,1,'You\'ve Got Mail','Regional Code: 2 (Japan, Europe, Middle East, South Africa).<br><br>Languages: English, Deutsch, Spanish.<br><br>Subtitles: English, Deutsch, Spanish, French, Nordic, Polish.<br><br>Audio: Dolby Digital 5.1.<br><br>Picture Format: 16:9 Wide-Screen.<br><br>Length: (approx) 115 minutes.<br><br>Other: Interactive Menus, Chapter Selection, Subtitles (more languages).','www.youvegotmail.com',0);
INSERT INTO products_description VALUES (8,1,'A Bug\'s Life','Regional Code: 2 (Japan, Europe, Middle East, South Africa).<br><br>Languages: English, Deutsch.<br><br>Subtitles: English, Deutsch, Spanish.<br><br>Audio: Dolby Digital 5.1 / Dobly Surround Stereo.<br><br>Picture Format: 16:9 Wide-Screen.<br><br>Length: (approx) 91 minutes.<br><br>Other: Interactive Menus, Chapter Selection, Subtitles (more languages).','www.abugslife.com',0);
INSERT INTO products_description VALUES (9,1,'Under Siege','Regional Code: 2 (Japan, Europe, Middle East, South Africa).<br><br>Languages: English, Deutsch.<br><br>Subtitles: English, Deutsch, Spanish.<br><br>Audio: Dolby Surround 5.1.<br><br>Picture Format: 16:9 Wide-Screen.<br><br>Length: (approx) 98 minutes.<br><br>Other: Interactive Menus, Chapter Selection, Subtitles (more languages).','',0);
INSERT INTO products_description VALUES (10,1,'Under Siege 2 - Dark Territory','Regional Code: 2 (Japan, Europe, Middle East, South Africa).<br><br>Languages: English, Deutsch.<br><br>Subtitles: English, Deutsch, Spanish.<br><br>Audio: Dolby Surround 5.1.<br><br>Picture Format: 16:9 Wide-Screen.<br><br>Length: (approx) 98 minutes.<br><br>Other: Interactive Menus, Chapter Selection, Subtitles (more languages).','',0);
INSERT INTO products_description VALUES (11,1,'Fire Down Below','Regional Code: 2 (Japan, Europe, Middle East, South Africa).<br><br>Languages: English, Deutsch.<br><br>Subtitles: English, Deutsch, Spanish.<br><br>Audio: Dolby Surround 5.1.<br><br>Picture Format: 16:9 Wide-Screen.<br><br>Length: (approx) 100 minutes.<br><br>Other: Interactive Menus, Chapter Selection, Subtitles (more languages).','',0);
INSERT INTO products_description VALUES (12,1,'Die Hard With A Vengeance','Regional Code: 2 (Japan, Europe, Middle East, South Africa).<br><br>Languages: English, Deutsch.<br><br>Subtitles: English, Deutsch, Spanish.<br><br>Audio: Dolby Surround 5.1.<br><br>Picture Format: 16:9 Wide-Screen.<br><br>Length: (approx) 122 minutes.<br><br>Other: Interactive Menus, Chapter Selection, Subtitles (more languages).','',0);
INSERT INTO products_description VALUES (13,1,'Lethal Weapon','Regional Code: 2 (Japan, Europe, Middle East, South Africa).<br><br>Languages: English, Deutsch.<br><br>Subtitles: English, Deutsch, Spanish.<br><br>Audio: Dolby Surround 5.1.<br><br>Picture Format: 16:9 Wide-Screen.<br><br>Length: (approx) 100 minutes.<br><br>Other: Interactive Menus, Chapter Selection, Subtitles (more languages).','',0);
INSERT INTO products_description VALUES (14,1,'Red Corner','Regional Code: 2 (Japan, Europe, Middle East, South Africa).<br><br>Languages: English, Deutsch.<br><br>Subtitles: English, Deutsch, Spanish.<br><br>Audio: Dolby Surround 5.1.<br><br>Picture Format: 16:9 Wide-Screen.<br><br>Length: (approx) 117 minutes.<br><br>Other: Interactive Menus, Chapter Selection, Subtitles (more languages).','',0);
INSERT INTO products_description VALUES (15,1,'Frantic','Regional Code: 2 (Japan, Europe, Middle East, South Africa).<br><br>Languages: English, Deutsch.<br><br>Subtitles: English, Deutsch, Spanish.<br><br>Audio: Dolby Surround 5.1.<br><br>Picture Format: 16:9 Wide-Screen.<br><br>Length: (approx) 115 minutes.<br><br>Other: Interactive Menus, Chapter Selection, Subtitles (more languages).','',0);
INSERT INTO products_description VALUES (16,1,'Courage Under Fire','Regional Code: 2 (Japan, Europe, Middle East, South Africa).<br><br>Languages: English, Deutsch.<br><br>Subtitles: English, Deutsch, Spanish.<br><br>Audio: Dolby Surround 5.1.<br><br>Picture Format: 16:9 Wide-Screen.<br><br>Length: (approx) 112 minutes.<br><br>Other: Interactive Menus, Chapter Selection, Subtitles (more languages).','',0);
INSERT INTO products_description VALUES (17,1,'Speed','Regional Code: 2 (Japan, Europe, Middle East, South Africa).<br><br>Languages: English, Deutsch.<br><br>Subtitles: English, Deutsch, Spanish.<br><br>Audio: Dolby Surround 5.1.<br><br>Picture Format: 16:9 Wide-Screen.<br><br>Length: (approx) 112 minutes.<br><br>Other: Interactive Menus, Chapter Selection, Subtitles (more languages).','',0);
INSERT INTO products_description VALUES (18,1,'Speed 2: Cruise Control','Regional Code: 2 (Japan, Europe, Middle East, South Africa).<br><br>Languages: English, Deutsch.<br><br>Subtitles: English, Deutsch, Spanish.<br><br>Audio: Dolby Surround 5.1.<br><br>Picture Format: 16:9 Wide-Screen.<br><br>Length: (approx) 120 minutes.<br><br>Other: Interactive Menus, Chapter Selection, Subtitles (more languages).','',0);
INSERT INTO products_description VALUES (19,1,'There\'s Something About Mary','Regional Code: 2 (Japan, Europe, Middle East, South Africa).<br><br>Languages: English, Deutsch.<br><br>Subtitles: English, Deutsch, Spanish.<br><br>Audio: Dolby Surround 5.1.<br><br>Picture Format: 16:9 Wide-Screen.<br><br>Length: (approx) 114 minutes.<br><br>Other: Interactive Menus, Chapter Selection, Subtitles (more languages).','',0);
INSERT INTO products_description VALUES (20,1,'Beloved','Regional Code: 2 (Japan, Europe, Middle East, South Africa).<br><br>Languages: English, Deutsch.<br><br>Subtitles: English, Deutsch, Spanish.<br><br>Audio: Dolby Surround 5.1.<br><br>Picture Format: 16:9 Wide-Screen.<br><br>Length: (approx) 164 minutes.<br><br>Other: Interactive Menus, Chapter Selection, Subtitles (more languages).','',0);
INSERT INTO products_description VALUES (21,1,'SWAT 3: Close Quarters Battle','<b>Windows 95/98</b><br><br>211 in progress with shots fired. Officer down. Armed suspects with hostages. Respond Code 3! Los Angles, 2005, In the next seven days, representatives from every nation around the world will converge on Las Angles to witness the signing of the United Nations Nuclear Abolishment Treaty. The protection of these dignitaries falls on the shoulders of one organization, LAPD SWAT. As part of this elite tactical organization, you and your team have the weapons and all the training necessary to protect, to serve, and \"When needed\" to use deadly force to keep the peace. It takes more than weapons to make it through each mission. Your arsenal includes C2 charges, flashbangs, tactical grenades. opti-Wand mini-video cameras, and other devices critical to meeting your objectives and keeping your men free of injury. Uncompromised Duty, Honor and Valor!','www.swat3.com',0);
INSERT INTO products_description VALUES (22,1,'Unreal Tournament','From the creators of the best-selling Unreal, comes Unreal Tournament. A new kind of single player experience. A ruthless multiplayer revolution.<br><br>This stand-alone game showcases completely new team-based gameplay, groundbreaking multi-faceted single player action or dynamic multi-player mayhem. It\'s a fight to the finish for the title of Unreal Grand Master in the gladiatorial arena. A single player experience like no other! Guide your team of \'bots\' (virtual teamates) against the hardest criminals in the galaxy for the ultimate title - the Unreal Grand Master.','www.unrealtournament.net',0);
INSERT INTO products_description VALUES (23,1,'The Wheel Of Time','The world in which The Wheel of Time takes place is lifted directly out of Jordan\'s pages; it\'s huge and consists of many different environments. How you navigate the world will depend largely on which game - single player or multipayer - you\'re playing. The single player experience, with a few exceptions, will see Elayna traversing the world mainly by foot (with a couple notable exceptions). In the multiplayer experience, your character will have more access to travel via Ter\'angreal, Portal Stones, and the Ways. However you move around, though, you\'ll quickly discover that means of locomotion can easily become the least of the your worries...<br><br>During your travels, you quickly discover that four locations are crucial to your success in the game. Not surprisingly, these locations are the homes of The Wheel of Time\'s main characters. Some of these places are ripped directly from the pages of Jordan\'s books, made flesh with Legend\'s unparalleled pixel-pushing ways. Other places are specific to the game, conceived and executed with the intent of expanding this game world even further. Either way, they provide a backdrop for some of the most intense first person action and strategy you\'ll have this year.','www.wheeloftime.com',0);
INSERT INTO products_description VALUES (24,1,'Disciples: Sacred Lands','A new age is dawning...<br><br>Enter the realm of the Sacred Lands, where the dawn of a New Age has set in motion the most momentous of wars. As the prophecies long foretold, four races now clash with swords and sorcery in a desperate bid to control the destiny of their gods. Take on the quest as a champion of the Empire, the Mountain Clans, the Legions of the Damned, or the Undead Hordes and test your faith in battles of brute force, spellbinding magic and acts of guile. Slay demons, vanquish giants and combat merciless forces of the dead and undead. But to ensure the salvation of your god, the hero within must evolve.<br><br>The day of reckoning has come... and only the chosen will survive.','',0);
INSERT INTO products_description VALUES (25,1,'Microsoft Internet Keyboard PS/2','The Internet Keyboard has 10 Hot Keys on a comfortable standard keyboard design that also includes a detachable palm rest. The Hot Keys allow you to browse the web, or check e-mail directly from your keyboard. The IntelliType Pro software also allows you to customize your hot keys - make the Internet Keyboard work the way you want it to!','',0);
INSERT INTO products_description VALUES (26,1,'Microsoft IntelliMouse Explorer','Microsoft introduces its most advanced mouse, the IntelliMouse Explorer! IntelliMouse Explorer features a sleek design, an industrial-silver finish, a glowing red underside and taillight, creating a style and look unlike any other mouse. IntelliMouse Explorer combines the accuracy and reliability of Microsoft IntelliEye optical tracking technology, the convenience of two new customizable function buttons, the efficiency of the scrolling wheel and the comfort of expert ergonomic design. All these great features make this the best mouse for the PC!','www.microsoft.com/hardware/mouse/explorer.asp',0);
INSERT INTO products_description VALUES (27,1,'Hewlett Packard LaserJet 1100Xi','HP has always set the pace in laser printing technology. The new generation HP LaserJet 1100 series sets another impressive pace, delivering a stunning 8 pages per minute print speed. The 600 dpi print resolution with HP\'s Resolution Enhancement technology (REt) makes every document more professional.<br><br>Enhanced print speed and laser quality results are just the beginning. With 2MB standard memory, HP LaserJet 1100xi users will be able to print increasingly complex pages. Memory can be increased to 18MB to tackle even more complex documents with ease. The HP LaserJet 1100xi supports key operating systems including Windows 3.1, 3.11, 95, 98, NT 4.0, OS/2 and DOS. Network compatibility available via the optional HP JetDirect External Print Servers.<br><br>HP LaserJet 1100xi also features The Document Builder for the Web Era from Trellix Corp. (featuring software to create Web documents).','www.pandi.hp.com/pandi-db/prodinfo.main?product=laserjet1100',0);
INSERT INTO products_description VALUES (1,2,'Matrox G200 MMS','<b>Unterstützung für zwei bzw. vier analoge oder digitale Monitore</b><br><br>Die Matrox G200 Multi-Monitor-Serie führt die bewährte Matrox Tradition im Multi-Monitor- Bereich fort und bietet flexible und fortschrittliche Lösungen.Matrox stellt als erstes Unternehmen einen vierfachen digitalen PanelLink® DVI Flachbildschirm Ausgang zur Verfügung. Mit den optional erhältlichen TV Tuner und Video-Capture Möglichkeiten stellt die Matrox G200 MMS eine alles umfassende Mehrschirm-Lösung dar.<br><br><b>Leistungsmerkmale:</b><br><ul><br><li>Preisgekrönter Matrox G200 128-Bit Grafikchip</li><br><li>Schneller 8 MB SGRAM-Speicher pro Kanal</li><br><li>Integrierter, leistungsstarker 250 MHz RAMDAC</li><br><li>Unterstützung für bis zu 16 Bildschirme über 4 Quad-Karten (unter Win NT,ab Treiber 4.40)</li><br><li>Unterstützung von 9 Monitoren unter Win 98</li><br><li>2 bzw. 4 analoge oder digitale Ausgabekanäle pro PCI-Karte</li><br><li>Desktop-Darstellung von 1800 x 1440 oder 1920 x 1200 pro Chip</li><br><li>Anschlußmöglichkeit an einen 15-poligen VGA-Monitor oder an einen 30-poligen digitalen DVI-Flachbildschirm plus integriertem Composite-Video-Eingang (bei der TV-Version)</li><br><li>PCI Grafikkarte, kurze Baulänge</li><br><li>Treiberunterstützung: Windows® 2000, Windows NT® und Windows® 98</li><br><li>Anwendungsbereiche: Börsenumgebung mit zeitgleich großem Visualisierungsbedarf, Videoüberwachung, Video-Conferencing</li><br></ul>','www.matrox.com/mga/deutsch/products/g200_mms/home.cfm',0);
INSERT INTO products_description VALUES (2,2,'Matrox G400 32 MB','<b>Neu! Matrox G400 &quot;all inclusive&quot; und vieles mehr...</b><br><br>Die neue Millennium G400-Serie - Hochleistungsgrafik mit dem sensationellen Unterschied. Ausgestattet mit dem neu eingeführten Matrox G400 Grafikchip, bietet die Millennium G400-Serie eine überragende Beschleunigung inklusive bisher nie dagewesener Bildqualitat und enorm flexibler Darstellungsoptionen bei allen Ihren 3D-, 2D- und DVD-Anwendungen.<br><br><ul><br><li>DualHead Display und TV-Ausgang</li><br><li>Environment Mapped Bump Mapping</li><br><li>Matrox G400 256-Bit DualBus</li><br><li>3D Rendering Array Prozessor</li><br><li>Vibrant Color Quality² (VCQ²)</li><br><li>UltraSharp DAC</li><br></ul><br><i>&quot;Bleibt abschließend festzustellen, daß die Matrox Millennium G400 Max als Allroundkarte für den Highend-PC derzeit unerreicht ist. Das ergibt den Testsieg und unsere wärmste Empfehlung.&quot;</i><br><br><b>GameStar 8/99 (S.184)</b>','www.matrox.com/mga/deutsch/products/mill_g400/home.cfm',0);
INSERT INTO products_description VALUES (3,2,'Microsoft IntelliMouse Pro','Die IntelliMouse Pro hat mit der IntelliRad-Technologie einen neuen Standard gesetzt. Anwenderfreundliche Handhabung und produktiveres Arbeiten am PC zeichnen die IntelliMouse aus. Die gewölbte Oberseite paßt sich natürlich in die Handfläche ein, die geschwungene Form erleichtert das Bedienen der Maus. Sie ist sowohl für Rechts- wie auch für Linkshänder geeignet. Mit dem Rad der IntelliMouse kann der Anwender einfach und komfortabel durch Dokumente navigieren.<br><br><b>Eigenschaften:</b><br><ul><br><li><b>ANSCHLUSS:</b> PS/2</li><br><li><b>FARBE:</b> weiß</li><br><li><b>TECHNIK:</b> Mauskugel</li><br><li><b>TASTEN:</b> 3 (incl. Scrollrad)</li><br><li><b>SCROLLRAD:</b> Ja</li><br></ul>','',0);
INSERT INTO products_description VALUES (4,2,'Die Ersatzkiller','Originaltitel: &quot;The Replacement Killers&quot;<br><br>Regional Code: 2 (Japan, Europe, Middle East, South Africa).<br><br>Sprachen: English, Deutsch.<br><br>Untertitel: English, Deutsch, Spanish.<br><br>Audio: Dolby Surround 5.1.<br><br>Bildformat: 16:9 Wide-Screen.<br><br>Dauer: (approx) 80 minutes.<br><br>Außerdem: Interaktive Menus, Kapitelauswahl, Untertitel.<br><br>(USA 1998). Til Schweiger schießt auf Hongkong-Star Chow Yun-Fat (&quot;Anna und der König&quot;) ­ ein Fehler ...','www.replacement-killers.com',0);
INSERT INTO products_description VALUES (5,2,'Blade Runner - Director\'s Cut','Regional Code: 2 (Japan, Europe, Middle East, South Africa).<br><br>Sprachen: English, Deutsch.<br><br>Untertitel: English, Deutsch, Spanish.<br><br>Audio: Dolby Surround 5.1.<br><br>Bildformat: 16:9 Wide-Screen.<br><br>Dauer: (approx) 112 minutes.<br><br>Außerdem: Interaktive Menus, Kapitelauswahl, Untertitel.<br><br><b>Sci-Fi-Klassiker, USA 1983, 112 Min.</b><br><br>Los Angeles ist im Jahr 2019 ein Hexenkessel. Dauerregen und Smog tauchen den überbevölkerten Moloch in ewige Dämmerung. Polizeigleiter schwirren durch die Luft und überwachen das grelle Ethnogemisch, das sich am Fuße 400stöckiger Stahlbeton-Pyramiden tummelt. Der abgehalfterte Ex-Cop und \"Blade Runner\" Rick Deckard ist Spezialist für die Beseitigung von Replikanten, künstlichen Menschen, geschaffen für harte Arbeit auf fremden Planeten. Nur ihm kann es gelingen, vier flüchtige, hochintelligente \"Nexus 6\"-Spezialmodelle zu stellen. Die sind mit ihrem starken und brandgefährlichen Anführer Batty auf der Suche nach ihrem Schöpfer. Er soll ihnen eine längere Lebenszeit schenken. Das muß Rick Deckard verhindern.  Als sich der eiskalte Jäger in Rachel, die Sekretärin seines Auftraggebers, verliebt, gerät sein Weltbild jedoch ins Wanken. Er entdeckt, daß sie - vielleicht wie er selbst - ein Replikant ist ...<br><br>Die Konfrontation des Menschen mit \"Realität\" und \"Virtualität\" und das verstrickte Spiel mit getürkten Erinnerungen zieht sich als roter Faden durch das Werk von Autor Philip K. Dick (\"Die totale Erinnerung\"). Sein Roman \"Träumen Roboter von elektrischen Schafen?\" liefert die Vorlage für diesen doppelbödigen Thriller, der den Zuschauer mit faszinierenden<br>Zukunftsvisionen und der gigantischen Kulisse des Großstadtmolochs gefangen nimmt.','www.bladerunner.com',0);
INSERT INTO products_description VALUES (6,2,'Matrix','Originaltitel: &quot;The Matrix&quot;<br><br>Regional Code: 2 (Japan, Europe, Middle East, South Africa).<br><br>Sprachen: English, Deutsch.<br><br>Untertitel: English, Deutsch, Spanish.<br><br>Audio: Dolby Surround 5.1.<br><br>Bildformat: 16:9 Wide-Screen.<br><br>Dauer: (approx) 136 minuten.<br><br>Außerdem: Interaktive Menus, Kapitelauswahl, Untertitel.<br><br>(USA 1999) Der Geniestreich der Wachowski-Brüder. In dieser technisch perfekten Utopie kämpft Hacker Keanu Reeves gegen die Diktatur der Maschinen...','www.whatisthematrix.com',0);
INSERT INTO products_description VALUES (7,2,'e-m@il für Dich','Original: &quot;You\'ve got mail&quot;<br><br>Regional Code: 2 (Japan, Europe, Middle East, South Africa).<br><br>Sprachen: English, Deutsch.<br><br>Untertitel: English, Deutsch, Spanish.<br><br>Audio: Dolby Surround 5.1.<br><br>Bildformat: 16:9 Wide-Screen.<br><br>Dauer: (approx) 112 minutes.<br><br>Außerdem: Interaktive Menus, Kapitelauswahl, Untertitel.<br><br>(USA 1998) von Nora Ephron (&qout;Schlaflos in Seattle&quot;). Meg Ryan und Tom Hanks knüpfen per E-Mail zarte Bande. Dass sie sich schon kennen, ahnen sie nicht ...','www.youvegotmail.com',0);
INSERT INTO products_description VALUES (8,2,'Das Große Krabbeln','Originaltitel: &quot;A Bug\'s Life&quot;<br><br>Regional Code: 2 (Japan, Europe, Middle East, South Africa).<br><br>Sprachen: English, Deutsch.<br><br>Untertitel: English, Deutsch, Spanish.<br><br>Audio: Dolby Surround 5.1.<br><br>Bildformat: 16:9 Wide-Screen.<br><br>Dauer: (approx) 96 minuten.<br><br>Außerdem: Interaktive Menus, Kapitelauswahl, Untertitel.<br><br>(USA 1998). Ameise Flik zettelt einen Aufstand gegen gefräßige Grashüpfer an ... Eine fantastische Computeranimation des \"Toy Story\"-Teams. ','www.abugslife.com',0);
INSERT INTO products_description VALUES (9,2,'Alarmstufe: Rot','Originaltitel: &quot;Under Siege&quot;<br><br>Regional Code: 2 (Japan, Europe, Middle East, South Africa).<br><br>Sprachen: English, Deutsch.<br><br>Untertitel: English, Deutsch, Spanish.<br><br>Audio: Dolby Surround 5.1.<br><br>Bildformat: 16:9 Wide-Screen.<br><br>Dauer: (approx) 96 minuten.<br><br>Außerdem: Interaktive Menus, Kapitelauswahl, Untertitel.<br><br><b>Actionthriller. Smutje Steven Seagal versalzt Schurke Tommy Lee Jones die Suppe</b><br><br>Katastrophe ahoi: Kurz vor Ausmusterung der \"U.S.S. Missouri\" kapert die High-tech-Bande von Ex-CIA-Agent Strannix (Tommy Lee Jones) das Schlachtschiff. Strannix will die Nuklearraketen des Kreuzers klauen und verscherbeln. Mit Hilfe des irren Ersten Offiziers Krill (lustig: Gary Busey) killen die Gangster den Käptn und sperren seine Crew unter Deck. Blöd, dass sie dabei Schiffskoch Rybak (Steven Seagal) vergessen. Der Ex-Elitekämpfer knipst einen Schurken nach dem anderen aus. Eine Verbündete findet er in Stripperin Jordan (Ex-\"Baywatch\"-Biene Erika Eleniak). Die sollte eigentlich aus Käptns Geburtstagstorte hüpfen ... Klar: Seagal ist kein Edelmime. Dafür ist Regisseur Andrew Davis (\"Auf der Flucht\") ein Könner: Er würzt die Action-Orgie mit Ironie und nutzt die imposante Schiffskulisse voll aus. Für Effekte und Ton gab es 1993 Oscar-Nominierungen. ','',0);
INSERT INTO products_description VALUES (10,2,'Alarmstufe: Rot 2','Originaltitel: &quot;Under Siege 2: Dark Territory&quot;<br><br>Regional Code: 2 (Japan, Europe, Middle East, South Africa).<br><br>Sprachen: English, Deutsch.<br><br>Untertitel: English, Deutsch, Spanish.<br><br>Audio: Dolby Surround 5.1.<br><br>Bildformat: 16:9 Wide-Screen.<br><br>Dauer: (approx) 96 minuten.<br><br>Außerdem: Interaktive Menus, Kapitelauswahl, Untertitel.<br><br>(USA 95). Von einem gekaperten Zug aus übernimmt Computerspezi Dane die Kontrolle über einen Kampfsatelliten und erpresst das Pentagon. Aber auch Ex-Offizier Ryback (Steven Seagal) ist im Zug ...<br>','',0);
INSERT INTO products_description VALUES (11,2,'Fire Down Below','Regional Code: 2 (Japan, Europe, Middle East, South Africa).<br><br>Sprachen: English, Deutsch.<br><br>Untertitel: English, Deutsch, Spanish.<br><br>Audio: Dolby Surround 5.1.<br><br>Bildformat: 16:9 Wide-Screen.<br><br>Dauer: (approx) 96 minuten.<br><br>Außerdem: Interaktive Menus, Kapitelauswahl, Untertitel.<br><br>Ein mysteriöser Mordfall führt den Bundesmarschall Jack Taggert in eine Kleinstadt im US-Staat Kentucky. Doch bei seinen Ermittlungen stößt er auf eine Mauer des Schweigens. Angst beherrscht die Stadt, und alle Spuren führen zu dem undurchsichtigen Minen-Tycoon Orin Hanner. Offenbar werden in der friedlichen Berglandschaft gigantische Mengen Giftmülls verschoben, mit unkalkulierbaren Risiken. Um eine Katastrophe zu verhindern, räumt Taggert gnadenlos auf ...','',0);
INSERT INTO products_description VALUES (12,2,'Stirb Langsam - Jetzt Erst Recht','Originaltitel: &quot;Die Hard With A Vengeance&quot;<br><br>Regional Code: 2 (Japan, Europe, Middle East, South Africa).<br><br>Sprachen: English, Deutsch.<br><br>Untertitel: English, Deutsch, Spanish.<br><br>Audio: Dolby Surround 5.1.<br><br>Bildformat: 16:9 Wide-Screen.<br><br>Dauer: (approx) 96 minuten.<br><br>Außerdem: Interaktive Menus, Kapitelauswahl, Untertitel.<br><br>So explosiv, so spannend, so rasant wie nie zuvor: Bruce Willis als Detectiv John McClane in einem Action-Thriller der Superlative! Das ist heute nicht McClanes Tag. Seine Frau hat ihn verlassen, sein Boß hat ihn vom Dienst suspendiert und irgendein Verrückter hat ihn gerade zum Gegenspieler in einem teuflischen Spiel erkoren - und der Einsatz ist New York selbst. Ein Kaufhaus ist explodiert, doch das ist nur der Auftakt. Der geniale Superverbrecher Simon droht, die ganze Stadt Stück für Stück in die Luft zu sprengen, wenn McClane und sein Partner wider Willen seine explosiven\" Rätsel nicht lösen. Eine mörderische Hetzjagd quer durch New York beginnt - bis McClane merkt, daß der Bombenterror eigentlich nur ein brillantes Ablenkungsmanöver ist...!<br><i>\"Perfekt gemacht und stark besetzt. Das Action-Highlight des Jahres!\"</i> <b>(Bild)</b>','',0);
INSERT INTO products_description VALUES (13,2,'Zwei stahlharte Profis','Originaltitel: &quot;Lethal Weapon&quot;<br><br>Regional Code: 2 (Japan, Europe, Middle East, South Africa).<br><br>Sprachen: English, Deutsch.<br><br>Untertitel: English, Deutsch, Spanish.<br><br>Audio: Dolby Surround 5.1.<br><br>Bildformat: 16:9 Wide-Screen.<br><br>Dauer: (approx) 96 minuten.<br><br>Außerdem: Interaktive Menus, Kapitelauswahl, Untertitel.<br><br>Sie sind beide Cops in L.A.. Sie haben beide in Vietnam für eine Spezialeinheit gekämpft. Und sie hassen es beide, mit einem Partner arbeiten zu müssen. Aber sie sind Partner: Martin Riggs, der Mann mit dem Todeswunsch, für wen auch immer. Und Roger Murtaugh, der besonnene Polizist. Gemeinsam enttarnen sie einen gigantischen Heroinschmuggel, hinter dem sich eine Gruppe ehemaliger CIA-Söldner verbirgt. Eine Killerbande gegen zwei Profis ...','',0);
INSERT INTO products_description VALUES (14,2,'Labyrinth ohne Ausweg','Originaltitel: &quot;Red Corner&quot;<br><br>Regional Code: 2 (Japan, Europe, Middle East, South Africa).<br><br>Sprachen: English, Deutsch.<br><br>Untertitel: English, Deutsch, Spanish.<br><br>Audio: Dolby Surround 5.1.<br><br>Bildformat: 16:9 Wide-Screen.<br><br>Dauer: (approx) 96 minuten.<br><br>Außerdem: Interaktive Menus, Kapitelauswahl, Untertitel.<br><br>Dem Amerikaner Jack Moore wird in China der bestialische Mord an einem Fotomodel angehängt. Brutale Gefängnisschergen versuchen, ihn durch Folter zu einem Geständnis zu zwingen. Vor Gericht fordert die Anklage die Todesstrafe - Moore\'s Schicksal scheint besiegelt. Durch einen Zufall gelingt es ihm, aus der Haft zu fliehen, doch aus der feindseligen chinesischen Hauptstadt gibt es praktisch kein Entkommen ...','',0);
INSERT INTO products_description VALUES (15,2,'Frantic','Originaltitel: &quot;Frantic&quot;<br><br>Regional Code: 2 (Japan, Europe, Middle East, South Africa).<br><br>Sprachen: English, Deutsch.<br><br>Untertitel: English, Deutsch, Spanish.<br><br>Audio: Dolby Surround 5.1.<br><br>Bildformat: 16:9 Wide-Screen.<br><br>Dauer: (approx) 96 minuten.<br><br>Außerdem: Interaktive Menus, Kapitelauswahl, Untertitel.<br><br>Ein romantischer Urlaub in Paris, der sich in einen Alptraum verwandelt. Ein Mann auf der verzweifelten Suche nach seiner entführten Frau. Ein düster-bedrohliches Paris, in dem nur ein Mensch Licht in die tödliche Affäre bringen kann.','',0);
INSERT INTO products_description VALUES (16,2,'Mut Zur Wahrheit','Originaltitel: &quot;Courage Under Fire&quot;<br><br>Regional Code: 2 (Japan, Europe, Middle East, South Africa).<br><br>Sprachen: English, Deutsch.<br><br>Untertitel: English, Deutsch, Spanish.<br><br>Audio: Dolby Surround 5.1.<br><br>Bildformat: 16:9 Wide-Screen.<br><br>Dauer: (approx) 96 minuten.<br><br>Außerdem: Interaktive Menus, Kapitelauswahl, Untertitel.<br><br>Lieutenant Colonel Nathaniel Serling (Denzel Washington) lässt während einer Schlacht im Golfkrieg versehentlich auf einen US-Panzer schießen, dessen Mannschaft dabei ums Leben kommt. Ein Jahr nach diesem Vorfall wird Serling, der mittlerweile nach Washington D.C. versetzt wurde, die Aufgabe übertragen, sich um einen Kandidaten zu kümmern, der während des Krieges starb und dem der höchste militärische Orden zuteil werden soll. Allerdings sind sowohl der Fall und als auch der betreffende Soldat ein politisch heißes Eisen -- Captain Karen Walden (Meg Ryan) ist Amerikas erster weiblicher Soldat, der im Kampf getötet wurde.<br><br>Serling findet schnell heraus, dass es im Fall des im felsigen Gebiet von Kuwait abgestürzten Rettungshubschraubers Diskrepanzen gibt. In Flashbacks werden von unterschiedlichen Personen verschiedene Versionen von Waldens Taktik, die Soldaten zu retten und den Absturz zu überleben, dargestellt (à la Kurosawas Rashomon). Genau wie in Glory erweist sich Regisseur Edward Zwicks Zusammenstellung von bekannten und unbekannten Schauspielern als die richtige Mischung. Waldens Crew ist besonders überzeugend. Matt Damon als der Sanitäter kommt gut als der leichtfertige Typ rüber, als er Washington seine Geschichte erzählt. Im Kampf ist er ein mit Fehlern behafteter, humorvoller Soldat.<br><br>Die erstaunlichste Arbeit in Mut zur Wahrheit leistet Lou Diamond Phillips (als der Schütze der Gruppe), dessen Karriere sich auf dem Weg in die direkt für den Videomarkt produzierten Filme befand. Und dann ist da noch Ryan. Sie hat sich in dramatischen Filmen in der Vergangenheit gut behauptet (Eine fast perfekte Liebe, Ein blutiges Erbe), es aber nie geschafft, ihrem Image zu entfliehen, das sie in die Ecke der romantischen Komödie steckte. Mit gefärbtem Haar, einem leichten Akzent und der von ihr geforderten Darstellungskunst hat sie endlich einen langlebigen dramatischen Film.','',0);
INSERT INTO products_description VALUES (17,2,'Speed','Originaltitel: &quot;Speed&quot;<br><br>Regional Code: 2 (Japan, Europe, Middle East, South Africa).<br><br>Sprachen: English, Deutsch.<br><br>Untertitel: English, Deutsch, Spanish.<br><br>Audio: Dolby Surround 5.1.<br><br>Bildformat: 16:9 Wide-Screen.<br><br>Dauer: (approx) 96 minuten.<br><br>Außerdem: Interaktive Menus, Kapitelauswahl, Untertitel.<br><br>Er ist ein Cop aus der Anti-Terror-Einheit von Los Angeles. Und so ist der Alarm für Jack Traven nichts Ungewöhnliches: Ein Terrorist will drei Millionen Dollar erpressen, oder die zufälligen Geiseln in einem Aufzug fallen 35 Stockwerke in die Tiefe. Doch Jack schafft das Unmögliche - die Geiseln werden gerettet und der Terrorist stirbt an seiner eigenen Bombe. Scheinbar. Denn schon wenig später steht Jack (Keanu Reeves) dem Bombenexperten Payne erneut gegenüber. Diesmal hat sich der Erpresser eine ganz perfide Mordwaffe ausgedacht: Er plaziert eine Bombe in einem öffentlichen Bus. Der Mechanismus der Sprengladung schaltet sich automatisch ein, sobald der Bus schneller als 50 Meilen in der Stunde fährt und detoniert sofort, sobald die Geschwindigkeit sinkt. Plötzlich wird für eine Handvoll ahnungsloser Durchschnittsbürger der Weg zur Arbeit zum Höllentrip - und nur Jack hat ihr Leben in der Hand. Als der Busfahrer verletzt wird, übernimmt Fahrgast Annie (Sandra Bullock) das Steuer. Doch wohin mit einem Bus, der nicht bremsen kann in der Stadt der Staus? Doch es kommt noch schlimmer: Payne (Dennis Hopper) will jetzt nicht nur seine drei Millionen Dollar. Er will Jack. Um jeden Preis.','',0);
INSERT INTO products_description VALUES (18,2,'Speed 2: Cruise Control','Originaltitel: &quot;Speed 2 - Cruise Control&quot;<br><br>Regional Code: 2 (Japan, Europe, Middle East, South Africa).<br><br>Sprachen: English, Deutsch.<br><br>Untertitel: English, Deutsch, Spanish.<br><br>Audio: Dolby Surround 5.1.<br><br>Bildformat: 16:9 Wide-Screen.<br><br>Dauer: (approx) 96 minuten.<br><br>Außerdem: Interaktive Menus, Kapitelauswahl, Untertitel.<br><br>Halten Sie ihre Schwimmwesten bereit, denn die actiongeladene Fortsetzung von Speed begibt sich auf Hochseekurs. Erleben Sie Sandra Bullock erneut in ihrer Star-Rolle als Annie Porter. Die Karibik-Kreuzfahrt mit ihrem Freund Alex entwickelt sich unaufhaltsam zur rasenden Todesfahrt, als ein wahnsinniger Computer-Spezialist den Luxusliner in seine Gewalt bringt und auf einen mörderischen Zerstörungskurs programmiert. Eine hochexplosive Reise, bei der kein geringerer als Action-Spezialist Jan De Bont das Ruder in die Hand nimmt. Speed 2: Cruise Controll läßt ihre Adrenalin-Wellen in rasender Geschwindigkeit ganz nach oben schnellen.','',0);
INSERT INTO products_description VALUES (19,2,'Verrückt nach Mary','Originaltitel: &quot;There\'s Something About Mary&quot;<br><br>Regional Code: 2 (Japan, Europe, Middle East, South Africa).<br><br>Sprachen: English, Deutsch.<br><br>Untertitel: English, Deutsch, Spanish.<br><br>Audio: Dolby Surround 5.1.<br><br>Bildformat: 16:9 Wide-Screen.<br><br>Dauer: (approx) 96 minuten.<br><br>Außerdem: Interaktive Menus, Kapitelauswahl, Untertitel.<br><br>13 Jahre nachdem Teds Rendezvous mit seiner angebeteten Mary in einem peinlichen Fiasko endete, träumt er immer noch von ihr und engagiert den windigen Privatdetektiv Healy um sie aufzuspüren. Der findet Mary in Florida und verliebt sich auf den ersten Blick in die atemberaubende Traumfrau. Um Ted als Nebenbuhler auszuschalten, tischt er ihm dicke Lügen über Mary auf. Ted läßt sich jedoch nicht abschrecken, eilt nach Miami und versucht nun alles, um Healy die Balztour zu vermasseln. Doch nicht nur Healy ist verrückt nach Mary und Ted bekommt es mit einer ganzen Legion liebeskranker Konkurrenten zu tun ...','',0);
INSERT INTO products_description VALUES (20,2,'Menschenkind','Originaltitel: &quot;Beloved&quot;<br><br>Regional Code: 2 (Japan, Europe, Middle East, South Africa).<br><br>Sprachen: English, Deutsch.<br><br>Untertitel: English, Deutsch, Spanish.<br><br>Audio: Dolby Surround 5.1.<br><br>Bildformat: 16:9 Wide-Screen.<br><br>Dauer: (approx) 96 minuten.<br><br>Außerdem: Interaktive Menus, Kapitelauswahl, Untertitel.<br><br>Dieser vielschichtige Film ist eine Arbeit, die Regisseur Jonathan Demme und dem amerikanischen Talkshow-Star Oprah Winfrey sehr am Herzen lag. Der Film deckt im Verlauf seiner dreistündigen Spielzeit viele Bereiche ab. Menschenkind ist teils Sklavenepos, teils Mutter-Tochter-Drama und teils Geistergeschichte.<br><br>Der Film fordert vom Publikum höchste Aufmerksamkeit, angefangen bei seiner dramatischen und etwas verwirrenden Eingangssequenz, in der die Bewohner eines Hauses von einem niederträchtigen übersinnlichen Angriff heimgesucht werden. Aber Demme und seine talentierte Besetzung bereiten denen, die dabei bleiben ein unvergessliches Erlebnis. Der Film folgt den Spuren von Sethe (in ihren mittleren Jahren von Oprah Winfrey dargestellt), einer ehemaligen Sklavin, die sich scheinbar ein friedliches und produktives Leben in Ohio aufgebaut hat. Aber durch den erschreckenden und sparsamen Einsatz von Rückblenden deckt Demme, genau wie das literarische Meisterwerk von Toni Morrison, auf dem der Film basiert, langsam die Schrecken von Sethes früherem Leben auf und das schreckliche Ereignis, dass dazu führte, dass Sethes Haus von Geistern heimgesucht wird.<br><br>Während die Gräuel der Sklaverei und das blutige Ereignis in Sethes Familie unleugbar tief beeindrucken, ist die Qualität des Film auch in kleineren, genauso befriedigenden Details sichtbar. Die geistlich beeinflusste Musik von Rachel Portman ist gleichzeitig befreiend und bedrückend, und der Einblick in die afro-amerikanische Gemeinschaft nach der Sklaverei -- am Beispiel eines Familienausflugs zu einem Jahrmarkt, oder dem gospelsingenden Nähkränzchen -- machen diesen Film zu einem speziellen Vergnügen sowohl für den Geist als auch für das Herz. Die Schauspieler, besonders Kimberley Elise als Sethes kämpfende Tochter und Thandie Newton als der mysteriöse Titelcharakter, sind sehr rührend. Achten Sie auch auf Danny Glover (Lethal Weapon) als Paul D.','',0);
INSERT INTO products_description VALUES (21,2,'SWAT 3: Elite Edition','<b>KEINE KOMPROMISSE!</b><br><i>Kämpfen Sie Seite an Seite mit Ihren LAPD SWAT-Kameraden gegen das organisierte Verbrechen!</i><br><br>Eine der realistischsten 3D-Taktiksimulationen der letzten Zeit jetzt mit Multiplayer-Modus, 5 neuen Missionen und jede Menge nützliche Tools!<br><br>Los Angeles, 2005. In wenigen Tagen steht die Unterzeichnung des Abkommens der Vereinten Nationen zur Atom-Ächtung durch Vertreter aller Nationen der Welt an. Radikale terroristische Vereinigungen machen sich in der ganzen Stadt breit. Verantwortlich für die Sicherheit der Delegierten zeichnet sich eine Eliteeinheit der LAPD: das SWAT-Team. Das Schicksal der Stadt liegt in Ihren Händen.<br><br><b>Neue Features:</b><br><ul><br><li>Multiplayer-Modus (Co op-Modus, Deathmatch in den bekannten Variationen)</li><br><li>5 neue Missionen an original Örtlichkeiten Las (U-Bahn, Whitman Airport, etc.)</li><br><li>neue Charakter</li><br><li>neue Skins</li><br><li>neue Waffen</li><br><li>neue Sounds</li><br><li>verbesserte KI</li><br><li>Tools-Package</li><br><li>Scenario-Editor</li><br><li>Level-Editor</li><br></ul><br>Die dritte Folge der Bestseller-Reihe im Bereich der 3D-Echtzeit-Simulationen präsentiert sich mit einer neuen Spielengine mit extrem ausgeprägtem Realismusgrad. Der Spieler übernimmt das Kommando über eine der besten Polizei-Spezialeinheiten oder einer der übelsten Terroristen-Gangs der Welt. Er durchläuft - als \"Guter\" oder \"Böser\" - eine der härtesten und elitärsten Kampfausbildungen, in der er lernt, mit jeder Art von Krisensituationen umzugehen. Bei diesem Action-Abenteuer geht es um das Leben prominenter Vertreter der Vereinten Nationen und bei 16 Missionen an Originalschauplätzen in LA gibt die \"lebensechte\" KI den Protagonisten jeder Seite so einige harte Nüsse zu knacken.','www.swat3.com',0);
INSERT INTO products_description VALUES (22,2,'Unreal Tournament','2341: Die Gewalt ist eine Lebensweise, die sich ihren Weg durch die dunklen Risse der Gesellschaft bahnt. Sie bedroht die Macht und den Einfluss der regierenden Firmen, die schnellstens ein Mittel finden müssen, die tobenden Massen zu besänftigen - ein profitables Mittel ... Gladiatorenkämpfe sind die Lösung. Sie sollen den Durst der Menschen nach Blut stillen und sind die perfekte Gelegenheit, die Aufständischen, Kriminellen und Aliens zu beseitigen, die die Firmenelite bedrohen.<br><br>Das Turnier war geboren - ein Kampf auf Leben und Tod. Galaxisweit live und in Farbe! Kämpfen Sie für Freiheit, Ruhm und Ehre. Sie müssen stark, schnell und geschickt sein ... oder Sie bleiben auf der Strecke.<br><br>Kämpfen Sie allein oder kommandieren Sie ein Team gegen Armeen unbarmherziger Krieger, die alle nur ein Ziel vor Augen haben: Die Arenen lebend zu verlassen und sich dem Grand Champion zu stellen ... um ihn dann zu bezwingen!<br><br><b>Features:</b><br><ul><br><li>Auf dem PC mehrfach als Spiel des Jahres ausgezeichnet!</li><br><li>Mehr als 50 faszinierende Level - verlassene Raumstationen, gotische Kathedralen und graffitibedeckte Großstädte.</li><br><li>Vier actionreiche Spielmodi - Deathmatch, Capture the Flag, Assault und Domination werden Ihren Adrenalinpegel in die Höhe schnellen lassen.</li><br><li>Dramatische Mehrspieler-Kämpfe mit 2, 3 und 4 Spielern, auch über das Netzwerk</li><br><li>Gnadenlos aggressive Computergegner verlangen Ihnen das Äußerste ab.</li><br><li>Neuartiges Benutzerinterface und verbesserte Steuerung - auch mit USB-Maus und -Tastatur spielbar.</li><br></ul><br>Der Nachfolger des Actionhits \"Unreal\" verspricht ein leichtes, intuitives Interface, um auch Einsteigern schnellen Zugang zu den Duellen gegen die Bots zu ermöglichen. Mit diesen KI-Kriegern kann man auch Teams bilden und im umfangreichen Multiplayermodus ohne Onlinekosten in den Kampf ziehen. 35 komplett neue Arenen und das erweiterte Waffenangebot bilden dazu den würdigen Rahmen.','www.unrealtournament.net',0);
INSERT INTO products_description VALUES (23,2,'The Wheel Of Time','<b><i>\"Wheel Of Time\"(Das Rad der Zeit)</i></b> basiert auf den Fantasy-Romanen von Kultautor Robert Jordan und stellt einen einzigartigen Mix aus Strategie-, Action- und Rollenspielelementen dar. Obwohl die Welt von \"Wheel of Time\" eng an die literarische Vorlage der Romane angelehnt ist, erzählt das Spiel keine lineare Geschichte. Die Story entwickelt sich abhängig von den Aktionen der Spieler, die jeweils die Rollen der Hauptcharaktere aus dem Roman übernehmen. Jede Figur hat den Oberbefehl über eine große Gefolgschaft, militärische Einheiten und Ländereien. Die Spieler können ihre eigenen Festungen konstruieren, individuell ausbauen, von dort aus das umliegende Land erforschen, magische Gegenstände sammeln oder die gegnerischen Zitadellen erstürmen. Selbstverständlich kann man sich auch über LAN oder Internet gegenseitig Truppen auf den Hals hetzen und die Festungen seiner Mitspieler in Schutt und Asche legen. Dreh- und Anlegepunkt von \"Wheel of Time\" ist der Kampf um die finstere Macht \"The Dark One\", die vor langer Zeit die Menschheit beinahe ins Verderben stürzte und nur mit Hilfe gewaltiger magischer Energie verbannt werden konnte. \"The Amyrlin Seat\" und \"The Children of the Night\" kämpfen nur gegen \"The Forsaken\" und \"The Hound\" um den Besitz des Schlüssels zu \"Shayol Ghul\" - dem magischen Siegel, mit dessen Hilfe \"The Dark One\" seinerzeit gebannt werden konnte.<br><br><b>Features:</b> <br><ul><br><li>Ego-Shooter mit Strategie-Elementen</li><br><li>Spielumgebung in Echtzeit-3D</li><br><li>Konstruktion aud Ausbau der eigenen Festung</li><br><li>Einsatz von über 100 Artefakten und Zaubersprüchen</li><br><li>Single- und Multiplayermodus</li><br></ul><br>Im Mittelpunkt steht der Kampf gegen eine finstere Macht namens The Dark One. Deren Schergen müssen mit dem Einsatz von über 100 Artefakten und Zaubereien wie Blitzschlag oder Teleportation aus dem Weg geräumt werden. Die opulente 3D-Grafik verbindet Strategie- und Rollenspielelemente. <br><br><b>Voraussetzungen</b><br>mind. P200, 32MB RAM, 4x CD-Rom, Win95/98, DirectX 5.0 komp.Grafikkarte und Soundkarte. ','www.wheeloftime.com',0);
INSERT INTO products_description VALUES (24,2,'Disciples: Sacred Land','Rundenbasierende Fantasy/RTS-Strategie mit gutem Design (vor allem die Levels, 4 versch. Rassen, tolle Einheiten), fantastischer Atmosphäre und exzellentem Soundtrack. Grafisch leider auf das Niveau von 1990.','www.strategyfirst.com/disciples/welcome.html',0);
INSERT INTO products_description VALUES (25,2,'Microsoft Internet Tastatur PS/2','<i>Microsoft Internet Keyboard,Windows-Tastatur mit 10 zusätzl. Tasten,2 selbst programmierbar, abnehmbareHandgelenkauflage. Treiber im Lieferumfang.</i><br><br>Ein-Klick-Zugriff auf das Internet und vieles mehr! Das Internet Keyboard verfügt über 10 zusätzliche Abkürzungstasten auf einer benutzerfreundlichen Standardtastatur, die darüber hinaus eine abnehmbare Handballenauflage aufweist. Über die Abkürzungstasten können Sie durch das Internet surfen oder direkt von der Tastatur aus auf E-Mails zugreifen. Die IntelliType Pro-Software ermöglicht außerdem das individuelle Belegen der Tasten.','',0);
INSERT INTO products_description VALUES (26,2,'Microsof IntelliMouse Explorer','Die IntelliMouse Explorer überzeugt durch ihr modernes Design mit silberfarbenem Gehäuse, sowie rot schimmernder Unter- und Rückseite. Die neuartige IntelliEye-Technologie sorgt für eine noch nie dagewesene Präzision, da statt der beweglichen Teile (zum Abtasten der Bewegungsänderungen an der Unterseite der Maus) ein optischer Sensor die Bewegungen der Maus erfaßt. Das Herzstück der Microsoft IntelliEye-Technologie ist ein kleiner Chip, der einen optischen Sensor und einen digitalen Signalprozessor (DSP) enthält.<br><br>Da auf bewegliche Teile, die Staub, Schmutz und Fett aufnehmen können, verzichtet wurde, muß die IntelliMouse Explorer nicht mehr gereinigt werden. Darüber hinaus arbeitet die IntelliMouse Explorer auf nahezu jeder Arbeitsoberfläche, so daß kein Mauspad mehr erforderlich ist. Mit dem Rad und zwei neuen zusätzlichen Maustasten ermöglicht sie effizientes und komfortables Arbeiten am PC.<br><br><b>Eigenschaften:</b><br><ul><br><li><b>ANSCHLUSS:</b> USB (PS/2-Adapter enthalten)</li><br><li><b>FARBE:</b> metallic-grau</li><br><li><b>TECHNIK:</b> Optisch (Akt.: ca. 1500 Bilder/s)</li><br><li><b>TASTEN:</b> 5 (incl. Scrollrad)</li><br><li><b>SCROLLRAD:</b> Ja</li><br></ul><br><i><b>BEMERKUNG:</b><br>Keine Reinigung bewegter Teile mehr notwendig, da statt der Mauskugel ein Fotoempfänger benutzt wird.</i>','',0);
INSERT INTO products_description VALUES (27,2,'Hewlett-Packard LaserJet 1100Xi','<b>HP LaserJet für mehr Produktivität und Flexibilität am Arbeitsplatz</b><br><br>Der HP LaserJet 1100Xi Drucker verbindet exzellente Laserdruckqualität mit hoher Geschwindigkeit für mehr Effizienz.<br><br><b>Zielkunden</b><br><ul><li>Einzelanwender, die Wert auf professionelle Ausdrucke in Laserqualität legen und schnelle Ergebnisse auch bei komplexen Dokumenten erwarten.</li><br><li>Der HP LaserJet 1100 sorgt mit gestochen scharfen Texten und Grafiken für ein professionelles Erscheinungsbild Ihrer Arbeit und Ihres Unternehmens. Selbst bei komplexen Dokumenten liefert er schnelle Ergebnisse. Andere Medien - wie z.B. Transparentfolien und Briefumschläge, etc. - lassen sich problemlos bedrucken. Somit ist der HP LaserJet 1100 ein Multifunktionstalent im Büroalltag.</li><br></ul><br><b>Eigenschaften</b><br><ul><br><li><b>Druckqualität</b> Schwarzweiß: 600 x 600 dpi</li><br><li><b>Monatliche Druckleistung</b> Bis zu 7000 Seiten</li><br><li><b>Speicher</b> 2 MB Standardspeicher, erweiterbar auf 18 MB</li><br><li><b>Schnittstelle/gemeinsame Nutzung</b> Parallel, IEEE 1284-kompatibel</li><br><li><b>Softwarekompatibilität</b> DOS/Win 3.1x/9x/NT 4.0</li><br><li><b>Papierzuführung</b> 125-Blatt-Papierzuführung</li><br><li><b>Druckmedien</b> Normalpapier, Briefumschläge, Transparentfolien, kartoniertes Papier, Postkarten und Etiketten</li><br><li><b>Netzwerkfähig</b> Über HP JetDirect PrintServer</li><br><li><b>Lieferumfang</b> HP LaserJet 1100Xi Drucker (Lieferumfang: Drucker, Tonerkassette, 2 m Parallelkabel, Netzkabel, Kurzbedienungsanleitung, Benutzerhandbuch, CD-ROM, 3,5\"-Disketten mit Windows® 3.1x, 9x, NT 4.0 Treibern und DOS-Dienstprogrammen)</li><br><li><b>Gewährleistung</b> Ein Jahr</li><br></ul><br>','www.hp.com',0);
INSERT INTO products_description VALUES (1,3,'Matrox G200 MMS','Reinforcing its position as a multi-monitor trailblazer, Matrox Graphics Inc. has once again developed the most flexible and highly advanced solution in the industry. Introducing the new Matrox G200 Multi-Monitor Series; the first graphics card ever to support up to four DVI digital flat panel displays on a single 8&quot; PCI board.<br><br>With continuing demand for digital flat panels in the financial workplace, the Matrox G200 MMS is the ultimate in flexible solutions. The Matrox G200 MMS also supports the new digital video interface (DVI) created by the Digital Display Working Group (DDWG) designed to ease the adoption of digital flat panels. Other configurations include composite video capture ability and onboard TV tuner, making the Matrox G200 MMS the complete solution for business needs.<br><br>Based on the award-winning MGA-G200 graphics chip, the Matrox G200 Multi-Monitor Series provides superior 2D/3D graphics acceleration to meet the demanding needs of business applications such as real-time stock quotes (Versus), live video feeds (Reuters & Bloombergs), multiple windows applications, word processing, spreadsheets and CAD.','www.matrox.com/mga/products/g200_mms/home.cfm',0);
INSERT INTO products_description VALUES (2,3,'Matrox G400 32MB','<b>Dramatically Different High Performance Graphics</b><br><br>Introducing the Millennium G400 Series - a dramatically different, high performance graphics experience. Armed with the industry\'s fastest graphics chip, the Millennium G400 Series takes explosive acceleration two steps further by adding unprecedented image quality, along with the most versatile display options for all your 3D, 2D and DVD applications. As the most powerful and innovative tools in your PC\'s arsenal, the Millennium G400 Series will not only change the way you see graphics, but will revolutionize the way you use your computer.<br><br><b>Key features:</b><ul><li>New Matrox G400 256-bit DualBus graphics chip</li><li>Explosive 3D, 2D and DVD performance</li><li>DualHead Display</li><li>Superior DVD and TV output</li><li>3D Environment-Mapped Bump Mapping</li><li>Vibrant Color Quality rendering </li><li>UltraSharp DAC of up to 360 MHz</li><li>3D Rendering Array Processor</li><li>Support for 16 or 32 MB of memory</li></ul>','www.matrox.com/mga/products/mill_g400/home.htm',0);
INSERT INTO products_description VALUES (3,3,'Microsoft IntelliMouse Pro','Every element of IntelliMouse Pro - from its unique arched shape to the texture of the rubber grip around its base - is the product of extensive customer and ergonomic research. Microsoft\'s popular wheel control, which now allows zooming and universal scrolling functions, gives IntelliMouse Pro outstanding comfort and efficiency.','www.microsoft.com/hardware/mouse/intellimouse.asp',0);
INSERT INTO products_description VALUES (4,3,'The Replacement Killers','Regional Code: 2 (Japan, Europe, Middle East, South Africa).<br>Languages: English, Deutsch.<br>Subtitles: English, Deutsch, Spanish.<br>Audio: Dolby Surround 5.1.<br>Picture Format: 16:9 Wide-Screen.<br>Length: (approx) 80 minutes.<br>Other: Interactive Menus, Chapter Selection, Subtitles (more languages).','www.replacement-killers.com',0);
INSERT INTO products_description VALUES (5,3,'Blade Runner - Director\'s Cut','Regional Code: 2 (Japan, Europe, Middle East, South Africa).<br>Languages: English, Deutsch.<br>Subtitles: English, Deutsch, Spanish.<br>Audio: Dolby Surround 5.1.<br>Picture Format: 16:9 Wide-Screen.<br>Length: (approx) 112 minutes.<br>Other: Interactive Menus, Chapter Selection, Subtitles (more languages).','www.bladerunner.com',0);
INSERT INTO products_description VALUES (6,3,'The Matrix','Regional Code: 2 (Japan, Europe, Middle East, South Africa).<br><br>Languages: English, Deutsch.<br><br>Subtitles: English, Deutsch.<br><br>Audio: Dolby Surround.<br><br>Picture Format: 16:9 Wide-Screen.<br><br>Length: (approx) 131 minutes.<br><br>Other: Interactive Menus, Chapter Selection, Making Of.','www.thematrix.com',0);
INSERT INTO products_description VALUES (7,3,'You\'ve Got Mail','Regional Code: 2 (Japan, Europe, Middle East, South Africa).<br><br>Languages: English, Deutsch, Spanish.<br><br>Subtitles: English, Deutsch, Spanish, French, Nordic, Polish.<br><br>Audio: Dolby Digital 5.1.<br><br>Picture Format: 16:9 Wide-Screen.<br><br>Length: (approx) 115 minutes.<br><br>Other: Interactive Menus, Chapter Selection, Subtitles (more languages).','www.youvegotmail.com',0);
INSERT INTO products_description VALUES (8,3,'A Bug\'s Life','Regional Code: 2 (Japan, Europe, Middle East, South Africa).<br><br>Languages: English, Deutsch.<br><br>Subtitles: English, Deutsch, Spanish.<br><br>Audio: Dolby Digital 5.1 / Dobly Surround Stereo.<br><br>Picture Format: 16:9 Wide-Screen.<br><br>Length: (approx) 91 minutes.<br><br>Other: Interactive Menus, Chapter Selection, Subtitles (more languages).','www.abugslife.com',0);
INSERT INTO products_description VALUES (9,3,'Under Siege','Regional Code: 2 (Japan, Europe, Middle East, South Africa).<br><br>Languages: English, Deutsch.<br><br>Subtitles: English, Deutsch, Spanish.<br><br>Audio: Dolby Surround 5.1.<br><br>Picture Format: 16:9 Wide-Screen.<br><br>Length: (approx) 98 minutes.<br><br>Other: Interactive Menus, Chapter Selection, Subtitles (more languages).','',0);
INSERT INTO products_description VALUES (10,3,'Under Siege 2 - Dark Territory','Regional Code: 2 (Japan, Europe, Middle East, South Africa).<br><br>Languages: English, Deutsch.<br><br>Subtitles: English, Deutsch, Spanish.<br><br>Audio: Dolby Surround 5.1.<br><br>Picture Format: 16:9 Wide-Screen.<br><br>Length: (approx) 98 minutes.<br><br>Other: Interactive Menus, Chapter Selection, Subtitles (more languages).','',0);
INSERT INTO products_description VALUES (11,3,'Fire Down Below','Regional Code: 2 (Japan, Europe, Middle East, South Africa).<br><br>Languages: English, Deutsch.<br><br>Subtitles: English, Deutsch, Spanish.<br><br>Audio: Dolby Surround 5.1.<br><br>Picture Format: 16:9 Wide-Screen.<br><br>Length: (approx) 100 minutes.<br><br>Other: Interactive Menus, Chapter Selection, Subtitles (more languages).','',0);
INSERT INTO products_description VALUES (12,3,'Die Hard With A Vengeance','Regional Code: 2 (Japan, Europe, Middle East, South Africa).<br><br>Languages: English, Deutsch.<br><br>Subtitles: English, Deutsch, Spanish.<br><br>Audio: Dolby Surround 5.1.<br><br>Picture Format: 16:9 Wide-Screen.<br><br>Length: (approx) 122 minutes.<br><br>Other: Interactive Menus, Chapter Selection, Subtitles (more languages).','',0);
INSERT INTO products_description VALUES (13,3,'Lethal Weapon','Regional Code: 2 (Japan, Europe, Middle East, South Africa).<br><br>Languages: English, Deutsch.<br><br>Subtitles: English, Deutsch, Spanish.<br><br>Audio: Dolby Surround 5.1.<br><br>Picture Format: 16:9 Wide-Screen.<br><br>Length: (approx) 100 minutes.<br><br>Other: Interactive Menus, Chapter Selection, Subtitles (more languages).','',0);
INSERT INTO products_description VALUES (14,3,'Red Corner','Regional Code: 2 (Japan, Europe, Middle East, South Africa).<br><br>Languages: English, Deutsch.<br><br>Subtitles: English, Deutsch, Spanish.<br><br>Audio: Dolby Surround 5.1.<br><br>Picture Format: 16:9 Wide-Screen.<br><br>Length: (approx) 117 minutes.<br><br>Other: Interactive Menus, Chapter Selection, Subtitles (more languages).','',0);
INSERT INTO products_description VALUES (15,3,'Frantic','Regional Code: 2 (Japan, Europe, Middle East, South Africa).<br><br>Languages: English, Deutsch.<br><br>Subtitles: English, Deutsch, Spanish.<br><br>Audio: Dolby Surround 5.1.<br><br>Picture Format: 16:9 Wide-Screen.<br><br>Length: (approx) 115 minutes.<br><br>Other: Interactive Menus, Chapter Selection, Subtitles (more languages).','',0);
INSERT INTO products_description VALUES (16,3,'Courage Under Fire','Regional Code: 2 (Japan, Europe, Middle East, South Africa).<br><br>Languages: English, Deutsch.<br><br>Subtitles: English, Deutsch, Spanish.<br><br>Audio: Dolby Surround 5.1.<br><br>Picture Format: 16:9 Wide-Screen.<br><br>Length: (approx) 112 minutes.<br><br>Other: Interactive Menus, Chapter Selection, Subtitles (more languages).','',0);
INSERT INTO products_description VALUES (17,3,'Speed','Regional Code: 2 (Japan, Europe, Middle East, South Africa).<br><br>Languages: English, Deutsch.<br><br>Subtitles: English, Deutsch, Spanish.<br><br>Audio: Dolby Surround 5.1.<br><br>Picture Format: 16:9 Wide-Screen.<br><br>Length: (approx) 112 minutes.<br><br>Other: Interactive Menus, Chapter Selection, Subtitles (more languages).','',0);
INSERT INTO products_description VALUES (18,3,'Speed 2: Cruise Control','Regional Code: 2 (Japan, Europe, Middle East, South Africa).<br><br>Languages: English, Deutsch.<br><br>Subtitles: English, Deutsch, Spanish.<br><br>Audio: Dolby Surround 5.1.<br><br>Picture Format: 16:9 Wide-Screen.<br><br>Length: (approx) 120 minutes.<br><br>Other: Interactive Menus, Chapter Selection, Subtitles (more languages).','',0);
INSERT INTO products_description VALUES (19,3,'There\'s Something About Mary','Regional Code: 2 (Japan, Europe, Middle East, South Africa).<br><br>Languages: English, Deutsch.<br><br>Subtitles: English, Deutsch, Spanish.<br><br>Audio: Dolby Surround 5.1.<br><br>Picture Format: 16:9 Wide-Screen.<br><br>Length: (approx) 114 minutes.<br><br>Other: Interactive Menus, Chapter Selection, Subtitles (more languages).','',0);
INSERT INTO products_description VALUES (20,3,'Beloved','Regional Code: 2 (Japan, Europe, Middle East, South Africa).<br><br>Languages: English, Deutsch.<br><br>Subtitles: English, Deutsch, Spanish.<br><br>Audio: Dolby Surround 5.1.<br><br>Picture Format: 16:9 Wide-Screen.<br><br>Length: (approx) 164 minutes.<br><br>Other: Interactive Menus, Chapter Selection, Subtitles (more languages).','',0);
INSERT INTO products_description VALUES (21,3,'SWAT 3: Close Quarters Battle','<b>Windows 95/98</b><br><br>211 in progress with shots fired. Officer down. Armed suspects with hostages. Respond Code 3! Los Angles, 2005, In the next seven days, representatives from every nation around the world will converge on Las Angles to witness the signing of the United Nations Nuclear Abolishment Treaty. The protection of these dignitaries falls on the shoulders of one organization, LAPD SWAT. As part of this elite tactical organization, you and your team have the weapons and all the training necessary to protect, to serve, and \"When needed\" to use deadly force to keep the peace. It takes more than weapons to make it through each mission. Your arsenal includes C2 charges, flashbangs, tactical grenades. opti-Wand mini-video cameras, and other devices critical to meeting your objectives and keeping your men free of injury. Uncompromised Duty, Honor and Valor!','www.swat3.com',0);
INSERT INTO products_description VALUES (22,3,'Unreal Tournament','From the creators of the best-selling Unreal, comes Unreal Tournament. A new kind of single player experience. A ruthless multiplayer revolution.<br><br>This stand-alone game showcases completely new team-based gameplay, groundbreaking multi-faceted single player action or dynamic multi-player mayhem. It\'s a fight to the finish for the title of Unreal Grand Master in the gladiatorial arena. A single player experience like no other! Guide your team of \'bots\' (virtual teamates) against the hardest criminals in the galaxy for the ultimate title - the Unreal Grand Master.','www.unrealtournament.net',0);
INSERT INTO products_description VALUES (23,3,'The Wheel Of Time','The world in which The Wheel of Time takes place is lifted directly out of Jordan\'s pages; it\'s huge and consists of many different environments. How you navigate the world will depend largely on which game - single player or multipayer - you\'re playing. The single player experience, with a few exceptions, will see Elayna traversing the world mainly by foot (with a couple notable exceptions). In the multiplayer experience, your character will have more access to travel via Ter\'angreal, Portal Stones, and the Ways. However you move around, though, you\'ll quickly discover that means of locomotion can easily become the least of the your worries...<br><br>During your travels, you quickly discover that four locations are crucial to your success in the game. Not surprisingly, these locations are the homes of The Wheel of Time\'s main characters. Some of these places are ripped directly from the pages of Jordan\'s books, made flesh with Legend\'s unparalleled pixel-pushing ways. Other places are specific to the game, conceived and executed with the intent of expanding this game world even further. Either way, they provide a backdrop for some of the most intense first person action and strategy you\'ll have this year.','www.wheeloftime.com',0);
INSERT INTO products_description VALUES (24,3,'Disciples: Sacred Lands','A new age is dawning...<br><br>Enter the realm of the Sacred Lands, where the dawn of a New Age has set in motion the most momentous of wars. As the prophecies long foretold, four races now clash with swords and sorcery in a desperate bid to control the destiny of their gods. Take on the quest as a champion of the Empire, the Mountain Clans, the Legions of the Damned, or the Undead Hordes and test your faith in battles of brute force, spellbinding magic and acts of guile. Slay demons, vanquish giants and combat merciless forces of the dead and undead. But to ensure the salvation of your god, the hero within must evolve.<br><br>The day of reckoning has come... and only the chosen will survive.','',0);
INSERT INTO products_description VALUES (25,3,'Microsoft Internet Keyboard PS/2','The Internet Keyboard has 10 Hot Keys on a comfortable standard keyboard design that also includes a detachable palm rest. The Hot Keys allow you to browse the web, or check e-mail directly from your keyboard. The IntelliType Pro software also allows you to customize your hot keys - make the Internet Keyboard work the way you want it to!','',0);
INSERT INTO products_description VALUES (26,3,'Microsoft IntelliMouse Explorer','Microsoft introduces its most advanced mouse, the IntelliMouse Explorer! IntelliMouse Explorer features a sleek design, an industrial-silver finish, a glowing red underside and taillight, creating a style and look unlike any other mouse. IntelliMouse Explorer combines the accuracy and reliability of Microsoft IntelliEye optical tracking technology, the convenience of two new customizable function buttons, the efficiency of the scrolling wheel and the comfort of expert ergonomic design. All these great features make this the best mouse for the PC!','www.microsoft.com/hardware/mouse/explorer.asp',0);
INSERT INTO products_description VALUES (27,3,'Hewlett Packard LaserJet 1100Xi','HP has always set the pace in laser printing technology. The new generation HP LaserJet 1100 series sets another impressive pace, delivering a stunning 8 pages per minute print speed. The 600 dpi print resolution with HP\'s Resolution Enhancement technology (REt) makes every document more professional.<br><br>Enhanced print speed and laser quality results are just the beginning. With 2MB standard memory, HP LaserJet 1100xi users will be able to print increasingly complex pages. Memory can be increased to 18MB to tackle even more complex documents with ease. The HP LaserJet 1100xi supports key operating systems including Windows 3.1, 3.11, 95, 98, NT 4.0, OS/2 and DOS. Network compatibility available via the optional HP JetDirect External Print Servers.<br><br>HP LaserJet 1100xi also features The Document Builder for the Web Era from Trellix Corp. (featuring software to create Web documents).','www.pandi.hp.com/pandi-db/prodinfo.main?product=laserjet1100',0);

INSERT INTO products_attributes VALUES (1,1,4,1,0.00,'+');
INSERT INTO products_attributes VALUES (2,1,4,2,50.00,'+');
INSERT INTO products_attributes VALUES (3,1,4,3,70.00,'+');
INSERT INTO products_attributes VALUES (4,1,3,5,0.00,'+');
INSERT INTO products_attributes VALUES (5,1,3,6,100.00,'+');
INSERT INTO products_attributes VALUES (6,2,4,3,10.00,'-');
INSERT INTO products_attributes VALUES (7,2,4,4,0.00,'+');
INSERT INTO products_attributes VALUES (8,2,3,6,0.00,'+');
INSERT INTO products_attributes VALUES (9,2,3,7,120.00,'+');
INSERT INTO products_attributes VALUES (10,26,3,8,0.00,'+');
INSERT INTO products_attributes VALUES (11,26,3,9,6.00,'+');
#INSERT INTO products_attributes VALUES (26,22,5,10,0.00,'+');
#INSERT INTO products_attributes VALUES (27,22,5,13,0.00,'+');

INSERT INTO products_attributes_download VALUES (26, 'unreal.zip', 7, 3);

INSERT INTO products_options VALUES (1, 1, 'Color');
INSERT INTO products_options VALUES (2, 1, 'Size');
INSERT INTO products_options VALUES (3, 1, 'Model');
INSERT INTO products_options VALUES (4, 1, 'Memory');
INSERT INTO products_options VALUES (1, 2, 'Farbe');
INSERT INTO products_options VALUES (2, 2, 'Größe');
INSERT INTO products_options VALUES (3, 2, 'Modell');
INSERT INTO products_options VALUES (4, 2, 'Speicher');
INSERT INTO products_options VALUES (1, 3, 'Color');
INSERT INTO products_options VALUES (2, 3, 'Talla');
INSERT INTO products_options VALUES (3, 3, 'Modelo');
INSERT INTO products_options VALUES (4, 3, 'Memoria');
#INSERT INTO products_options VALUES (5, 3, 'Version');
#INSERT INTO products_options VALUES (5, 2, 'Version');
#INSERT INTO products_options VALUES (5, 1, 'Version');


INSERT INTO products_options_values VALUES (1,1,'4 mb');
INSERT INTO products_options_values VALUES (2,1,'8 mb');
INSERT INTO products_options_values VALUES (3,1,'16 mb');
INSERT INTO products_options_values VALUES (4,1,'32 mb');
INSERT INTO products_options_values VALUES (5,1,'Value');
INSERT INTO products_options_values VALUES (6,1,'Premium');
INSERT INTO products_options_values VALUES (7,1,'Deluxe');
INSERT INTO products_options_values VALUES (8,1,'PS/2');
INSERT INTO products_options_values VALUES (9,1,'USB');
INSERT INTO products_options_values VALUES (1,2,'4 MB');
INSERT INTO products_options_values VALUES (2,2,'8 MB');
INSERT INTO products_options_values VALUES (3,2,'16 MB');
INSERT INTO products_options_values VALUES (4,2,'32 MB');
INSERT INTO products_options_values VALUES (5,2,'Value Ausgabe');
INSERT INTO products_options_values VALUES (6,2,'Premium Ausgabe');
INSERT INTO products_options_values VALUES (7,2,'Deluxe Ausgabe');
INSERT INTO products_options_values VALUES (8,2,'PS/2 Anschluss');
INSERT INTO products_options_values VALUES (9,2,'USB Anschluss');
INSERT INTO products_options_values VALUES (1,3,'4 mb');
INSERT INTO products_options_values VALUES (2,3,'8 mb');
INSERT INTO products_options_values VALUES (3,3,'16 mb');
INSERT INTO products_options_values VALUES (4,3,'32 mb');
INSERT INTO products_options_values VALUES (5,3,'Value');
INSERT INTO products_options_values VALUES (6,3,'Premium');
INSERT INTO products_options_values VALUES (7,3,'Deluxe');
INSERT INTO products_options_values VALUES (8,3,'PS/2');
INSERT INTO products_options_values VALUES (9,3,'USB');
#INSERT INTO products_options_values VALUES (10, 1, 'Download: Windows - English');
#INSERT INTO products_options_values VALUES (10, 2, 'Download: Windows - Englisch');
#INSERT INTO products_options_values VALUES (10, 3, 'Download: Windows - Inglese');
#INSERT INTO products_options_values VALUES (13, 1, 'Box: Windows - English');
#INSERT INTO products_options_values VALUES (13, 2, 'Box: Windows - Englisch');
#INSERT INTO products_options_values VALUES (13, 3, 'Box: Windows - Inglese');

INSERT INTO products_options_values_to_products_options VALUES (1,4,1);
INSERT INTO products_options_values_to_products_options VALUES (2,4,2);
INSERT INTO products_options_values_to_products_options VALUES (3,4,3);
INSERT INTO products_options_values_to_products_options VALUES (4,4,4);
INSERT INTO products_options_values_to_products_options VALUES (5,3,5);
INSERT INTO products_options_values_to_products_options VALUES (6,3,6);
INSERT INTO products_options_values_to_products_options VALUES (7,3,7);
INSERT INTO products_options_values_to_products_options VALUES (8,3,8);
INSERT INTO products_options_values_to_products_options VALUES (9,3,9);
#INSERT INTO products_options_values_to_products_options VALUES (10, 5, 10);
#INSERT INTO products_options_values_to_products_options VALUES (13, 5, 13);

INSERT INTO products_to_categories VALUES (1,4);
INSERT INTO products_to_categories VALUES (2,4);
INSERT INTO products_to_categories VALUES (3,9);
INSERT INTO products_to_categories VALUES (4,10);
INSERT INTO products_to_categories VALUES (5,11);
INSERT INTO products_to_categories VALUES (6,10);
INSERT INTO products_to_categories VALUES (7,12);
INSERT INTO products_to_categories VALUES (8,13);
INSERT INTO products_to_categories VALUES (9,10);
INSERT INTO products_to_categories VALUES (10,10);
INSERT INTO products_to_categories VALUES (11,10);
INSERT INTO products_to_categories VALUES (12,10);
INSERT INTO products_to_categories VALUES (13,10);
INSERT INTO products_to_categories VALUES (14,15);
INSERT INTO products_to_categories VALUES (15,14);
INSERT INTO products_to_categories VALUES (16,15);
INSERT INTO products_to_categories VALUES (17,10);
INSERT INTO products_to_categories VALUES (18,10);
INSERT INTO products_to_categories VALUES (19,12);
INSERT INTO products_to_categories VALUES (20,15);
INSERT INTO products_to_categories VALUES (21,18);
INSERT INTO products_to_categories VALUES (22,19);
INSERT INTO products_to_categories VALUES (23,20);
INSERT INTO products_to_categories VALUES (24,20);
INSERT INTO products_to_categories VALUES (25,8);
INSERT INTO products_to_categories VALUES (26,9);
INSERT INTO products_to_categories VALUES (27,5);

INSERT INTO reviews VALUES (1,19,1,'John doe',5, now(),now(),0);

INSERT INTO reviews_description VALUES (1,1, 'this has to be one of the funniest movies released for 1999!');

INSERT INTO specials VALUES (1,3, 39.99, now(), now(), '2020-01-01', now(), 1);
INSERT INTO specials VALUES (2,5, 30.00, now(), now(), '2020-01-01', now(), 1);
INSERT INTO specials VALUES (3,6, 30.00, now(), now(), '2020-01-01', now(), 1);
INSERT INTO specials VALUES (4,16, 29.99, now(), now(), '2020-01-01', now(), 1);

INSERT INTO tax_class VALUES (1, 'Taxable Goods', 'The following types of products are included non-food, services, etc', now(), now());

# USA/Florida
INSERT INTO tax_rates VALUES (1, 1, 1, 1, 7.0, 'FL TAX 7.0%', now(), now());
INSERT INTO geo_zones VALUES (1,'Florida','Florida local sales tax zone',now(),now());
INSERT INTO zones_to_geo_zones VALUES (1,223,18,1,now(),now());

# USA
INSERT INTO zones (zone_country_id, zone_code, zone_name) VALUES (223,'AL','Alabama');
INSERT INTO zones (zone_country_id, zone_code, zone_name) VALUES (223,'AK','Alaska');
INSERT INTO zones (zone_country_id, zone_code, zone_name) VALUES (223,'AS','American Samoa');
INSERT INTO zones (zone_country_id, zone_code, zone_name) VALUES (223,'AZ','Arizona');
INSERT INTO zones (zone_country_id, zone_code, zone_name) VALUES (223,'AR','Arkansas');
INSERT INTO zones (zone_country_id, zone_code, zone_name) VALUES (223,'AF','Armed Forces Africa');
INSERT INTO zones (zone_country_id, zone_code, zone_name) VALUES (223,'AA','Armed Forces Americas');
INSERT INTO zones (zone_country_id, zone_code, zone_name) VALUES (223,'AC','Armed Forces Canada');
INSERT INTO zones (zone_country_id, zone_code, zone_name) VALUES (223,'AE','Armed Forces Europe');
INSERT INTO zones (zone_country_id, zone_code, zone_name) VALUES (223,'AM','Armed Forces Middle East');
INSERT INTO zones (zone_country_id, zone_code, zone_name) VALUES (223,'AP','Armed Forces Pacific');
INSERT INTO zones (zone_country_id, zone_code, zone_name) VALUES (223,'CA','California');
INSERT INTO zones (zone_country_id, zone_code, zone_name) VALUES (223,'CO','Colorado');
INSERT INTO zones (zone_country_id, zone_code, zone_name) VALUES (223,'CT','Connecticut');
INSERT INTO zones (zone_country_id, zone_code, zone_name) VALUES (223,'DE','Delaware');
INSERT INTO zones (zone_country_id, zone_code, zone_name) VALUES (223,'DC','District of Columbia');
INSERT INTO zones (zone_country_id, zone_code, zone_name) VALUES (223,'FM','Federated States Of Micronesia');
INSERT INTO zones (zone_country_id, zone_code, zone_name) VALUES (223,'FL','Florida');
INSERT INTO zones (zone_country_id, zone_code, zone_name) VALUES (223,'GA','Georgia');
INSERT INTO zones (zone_country_id, zone_code, zone_name) VALUES (223,'GU','Guam');
INSERT INTO zones (zone_country_id, zone_code, zone_name) VALUES (223,'HI','Hawaii');
INSERT INTO zones (zone_country_id, zone_code, zone_name) VALUES (223,'ID','Idaho');
INSERT INTO zones (zone_country_id, zone_code, zone_name) VALUES (223,'IL','Illinois');
INSERT INTO zones (zone_country_id, zone_code, zone_name) VALUES (223,'IN','Indiana');
INSERT INTO zones (zone_country_id, zone_code, zone_name) VALUES (223,'IA','Iowa');
INSERT INTO zones (zone_country_id, zone_code, zone_name) VALUES (223,'KS','Kansas');
INSERT INTO zones (zone_country_id, zone_code, zone_name) VALUES (223,'KY','Kentucky');
INSERT INTO zones (zone_country_id, zone_code, zone_name) VALUES (223,'LA','Louisiana');
INSERT INTO zones (zone_country_id, zone_code, zone_name) VALUES (223,'ME','Maine');
INSERT INTO zones (zone_country_id, zone_code, zone_name) VALUES (223,'MH','Marshall Islands');
INSERT INTO zones (zone_country_id, zone_code, zone_name) VALUES (223,'MD','Maryland');
INSERT INTO zones (zone_country_id, zone_code, zone_name) VALUES (223,'MA','Massachusetts');
INSERT INTO zones (zone_country_id, zone_code, zone_name) VALUES (223,'MI','Michigan');
INSERT INTO zones (zone_country_id, zone_code, zone_name) VALUES (223,'MN','Minnesota');
INSERT INTO zones (zone_country_id, zone_code, zone_name) VALUES (223,'MS','Mississippi');
INSERT INTO zones (zone_country_id, zone_code, zone_name) VALUES (223,'MO','Missouri');
INSERT INTO zones (zone_country_id, zone_code, zone_name) VALUES (223,'MT','Montana');
INSERT INTO zones (zone_country_id, zone_code, zone_name) VALUES (223,'NE','Nebraska');
INSERT INTO zones (zone_country_id, zone_code, zone_name) VALUES (223,'NV','Nevada');
INSERT INTO zones (zone_country_id, zone_code, zone_name) VALUES (223,'NH','New Hampshire');
INSERT INTO zones (zone_country_id, zone_code, zone_name) VALUES (223,'NJ','New Jersey');
INSERT INTO zones (zone_country_id, zone_code, zone_name) VALUES (223,'NM','New Mexico');
INSERT INTO zones (zone_country_id, zone_code, zone_name) VALUES (223,'NY','New York');
INSERT INTO zones (zone_country_id, zone_code, zone_name) VALUES (223,'NC','North Carolina');
INSERT INTO zones (zone_country_id, zone_code, zone_name) VALUES (223,'ND','North Dakota');
INSERT INTO zones (zone_country_id, zone_code, zone_name) VALUES (223,'MP','Northern Mariana Islands');
INSERT INTO zones (zone_country_id, zone_code, zone_name) VALUES (223,'OH','Ohio');
INSERT INTO zones (zone_country_id, zone_code, zone_name) VALUES (223,'OK','Oklahoma');
INSERT INTO zones (zone_country_id, zone_code, zone_name) VALUES (223,'OR','Oregon');
INSERT INTO zones (zone_country_id, zone_code, zone_name) VALUES (223,'PW','Palau');
INSERT INTO zones (zone_country_id, zone_code, zone_name) VALUES (223,'PA','Pennsylvania');
INSERT INTO zones (zone_country_id, zone_code, zone_name) VALUES (223,'PR','Puerto Rico');
INSERT INTO zones (zone_country_id, zone_code, zone_name) VALUES (223,'RI','Rhode Island');
INSERT INTO zones (zone_country_id, zone_code, zone_name) VALUES (223,'SC','South Carolina');
INSERT INTO zones (zone_country_id, zone_code, zone_name) VALUES (223,'SD','South Dakota');
INSERT INTO zones (zone_country_id, zone_code, zone_name) VALUES (223,'TN','Tennessee');
INSERT INTO zones (zone_country_id, zone_code, zone_name) VALUES (223,'TX','Texas');
INSERT INTO zones (zone_country_id, zone_code, zone_name) VALUES (223,'UT','Utah');
INSERT INTO zones (zone_country_id, zone_code, zone_name) VALUES (223,'VT','Vermont');
INSERT INTO zones (zone_country_id, zone_code, zone_name) VALUES (223,'VI','Virgin Islands');
INSERT INTO zones (zone_country_id, zone_code, zone_name) VALUES (223,'VA','Virginia');
INSERT INTO zones (zone_country_id, zone_code, zone_name) VALUES (223,'WA','Washington');
INSERT INTO zones (zone_country_id, zone_code, zone_name) VALUES (223,'WV','West Virginia');
INSERT INTO zones (zone_country_id, zone_code, zone_name) VALUES (223,'WI','Wisconsin');
INSERT INTO zones (zone_country_id, zone_code, zone_name) VALUES (223,'WY','Wyoming');

#Australia
INSERT INTO zones (zone_country_id, zone_code, zone_name) VALUES (13,'ACT','Australian Capitol Territory');
INSERT INTO zones (zone_country_id, zone_code, zone_name) VALUES (13,'NSW','New South Wales');
INSERT INTO zones (zone_country_id, zone_code, zone_name) VALUES (13,'NT','Northern Territory');
INSERT INTO zones (zone_country_id, zone_code, zone_name) VALUES (13,'QLD','Queensland');
INSERT INTO zones (zone_country_id, zone_code, zone_name) VALUES (13,'SA','South Australia');
INSERT INTO zones (zone_country_id, zone_code, zone_name) VALUES (13,'TAS','Tasmania');
INSERT INTO zones (zone_country_id, zone_code, zone_name) VALUES (13,'VIC','Victoria');
INSERT INTO zones (zone_country_id, zone_code, zone_name) VALUES (13,'WA','Western Australia');

# Austria
INSERT INTO zones (zone_country_id, zone_code, zone_name) VALUES (14,'WI','Wien');
INSERT INTO zones (zone_country_id, zone_code, zone_name) VALUES (14,'NO','Niederösterreich');
INSERT INTO zones (zone_country_id, zone_code, zone_name) VALUES (14,'OO','Oberösterreich');
INSERT INTO zones (zone_country_id, zone_code, zone_name) VALUES (14,'SB','Salzburg');
INSERT INTO zones (zone_country_id, zone_code, zone_name) VALUES (14,'KN','Kärnten');
INSERT INTO zones (zone_country_id, zone_code, zone_name) VALUES (14,'ST','Steiermark');
INSERT INTO zones (zone_country_id, zone_code, zone_name) VALUES (14,'TI','Tirol');
INSERT INTO zones (zone_country_id, zone_code, zone_name) VALUES (14,'BL','Burgenland');
INSERT INTO zones (zone_country_id, zone_code, zone_name) VALUES (14,'VB','Voralberg');

#China
INSERT INTO zones (zone_country_id, zone_code, zone_name) VALUES (44,'AN','Anhui');
INSERT INTO zones (zone_country_id, zone_code, zone_name) VALUES (44,'BE','Beijing');
INSERT INTO zones (zone_country_id, zone_code, zone_name) VALUES (44,'CH','Chongqing');
INSERT INTO zones (zone_country_id, zone_code, zone_name) VALUES (44,'FU','Fujian');
INSERT INTO zones (zone_country_id, zone_code, zone_name) VALUES (44,'GA','Gansu');
INSERT INTO zones (zone_country_id, zone_code, zone_name) VALUES (44,'GU','Guangdong');
INSERT INTO zones (zone_country_id, zone_code, zone_name) VALUES (44,'GX','Guangxi');
INSERT INTO zones (zone_country_id, zone_code, zone_name) VALUES (44,'GZ','Guizhou');
INSERT INTO zones (zone_country_id, zone_code, zone_name) VALUES (44,'HA','Hainan');
INSERT INTO zones (zone_country_id, zone_code, zone_name) VALUES (44,'HB','Hebei');
INSERT INTO zones (zone_country_id, zone_code, zone_name) VALUES (44,'HL','Heilongjiang');
INSERT INTO zones (zone_country_id, zone_code, zone_name) VALUES (44,'HE','Henan');
INSERT INTO zones (zone_country_id, zone_code, zone_name) VALUES (44,'HK','Hong Kong');
INSERT INTO zones (zone_country_id, zone_code, zone_name) VALUES (44,'HU','Hubei');
INSERT INTO zones (zone_country_id, zone_code, zone_name) VALUES (44,'HN','Hunan');
INSERT INTO zones (zone_country_id, zone_code, zone_name) VALUES (44,'IM','Inner Mongolia');
INSERT INTO zones (zone_country_id, zone_code, zone_name) VALUES (44,'JI','Jiangsu');
INSERT INTO zones (zone_country_id, zone_code, zone_name) VALUES (44,'JX','Jiangxi');
INSERT INTO zones (zone_country_id, zone_code, zone_name) VALUES (44,'JL','Jilin');
INSERT INTO zones (zone_country_id, zone_code, zone_name) VALUES (44,'LI','Liaoning');
INSERT INTO zones (zone_country_id, zone_code, zone_name) VALUES (44,'MA','Macau');
INSERT INTO zones (zone_country_id, zone_code, zone_name) VALUES (44,'NI','Ningxia');
INSERT INTO zones (zone_country_id, zone_code, zone_name) VALUES (44,'SH','Shaanxi');
INSERT INTO zones (zone_country_id, zone_code, zone_name) VALUES (44,'SA','Shandong');
INSERT INTO zones (zone_country_id, zone_code, zone_name) VALUES (44,'SG','Shanghai');
INSERT INTO zones (zone_country_id, zone_code, zone_name) VALUES (44,'SX','Shanxi');
INSERT INTO zones (zone_country_id, zone_code, zone_name) VALUES (44,'SI','Sichuan');
INSERT INTO zones (zone_country_id, zone_code, zone_name) VALUES (44,'TI','Tianjin');
INSERT INTO zones (zone_country_id, zone_code, zone_name) VALUES (44,'XI','Xinjiang');
INSERT INTO zones (zone_country_id, zone_code, zone_name) VALUES (44,'YU','Yunnan');
INSERT INTO zones (zone_country_id, zone_code, zone_name) VALUES (44,'ZH','Zhejiang');

#India
INSERT INTO zones (zone_country_id, zone_code, zone_name) VALUES (99,'AN','Andaman and Nicobar Islands');
INSERT INTO zones (zone_country_id, zone_code, zone_name) VALUES (99,'AP','Andhra Pradesh');
INSERT INTO zones (zone_country_id, zone_code, zone_name) VALUES (99,'AR','Arunachal Pradesh');
INSERT INTO zones (zone_country_id, zone_code, zone_name) VALUES (99,'AS','Assam');
INSERT INTO zones (zone_country_id, zone_code, zone_name) VALUES (99,'BI','Bihar');
INSERT INTO zones (zone_country_id, zone_code, zone_name) VALUES (99,'CH','Chandigarh');
INSERT INTO zones (zone_country_id, zone_code, zone_name) VALUES (99,'DA','Dadra and Nagar Haveli');
INSERT INTO zones (zone_country_id, zone_code, zone_name) VALUES (99,'DM','Daman and Diu');
INSERT INTO zones (zone_country_id, zone_code, zone_name) VALUES (99,'DE','Delhi');
INSERT INTO zones (zone_country_id, zone_code, zone_name) VALUES (99,'GO','Goa');
INSERT INTO zones (zone_country_id, zone_code, zone_name) VALUES (99,'GU','Gujarat');
INSERT INTO zones (zone_country_id, zone_code, zone_name) VALUES (99,'HA','Haryana');
INSERT INTO zones (zone_country_id, zone_code, zone_name) VALUES (99,'HP','Himachal Pradesh');
INSERT INTO zones (zone_country_id, zone_code, zone_name) VALUES (99,'JA','Jammu and Kashmir');
INSERT INTO zones (zone_country_id, zone_code, zone_name) VALUES (99,'KA','Karnataka');
INSERT INTO zones (zone_country_id, zone_code, zone_name) VALUES (99,'KE','Kerala');
INSERT INTO zones (zone_country_id, zone_code, zone_name) VALUES (99,'LI','Lakshadweep Islands');
INSERT INTO zones (zone_country_id, zone_code, zone_name) VALUES (99,'MP','Madhya Pradesh');
INSERT INTO zones (zone_country_id, zone_code, zone_name) VALUES (99,'MA','Maharashtra');
INSERT INTO zones (zone_country_id, zone_code, zone_name) VALUES (99,'MN','Manipur');
INSERT INTO zones (zone_country_id, zone_code, zone_name) VALUES (99,'ME','Meghalaya');
INSERT INTO zones (zone_country_id, zone_code, zone_name) VALUES (99,'MI','Mizoram');
INSERT INTO zones (zone_country_id, zone_code, zone_name) VALUES (99,'NA','Nagaland');
INSERT INTO zones (zone_country_id, zone_code, zone_name) VALUES (99,'OR','Orissa');
INSERT INTO zones (zone_country_id, zone_code, zone_name) VALUES (99,'PO','Pondicherry');
INSERT INTO zones (zone_country_id, zone_code, zone_name) VALUES (99,'PU','Punjab');
INSERT INTO zones (zone_country_id, zone_code, zone_name) VALUES (99,'RA','Rajasthan');
INSERT INTO zones (zone_country_id, zone_code, zone_name) VALUES (99,'SI','Sikkim');
INSERT INTO zones (zone_country_id, zone_code, zone_name) VALUES (99,'TN','Tamil Nadu');
INSERT INTO zones (zone_country_id, zone_code, zone_name) VALUES (99,'TR','Tripura');
INSERT INTO zones (zone_country_id, zone_code, zone_name) VALUES (99,'UP','Uttar Pradesh');
INSERT INTO zones (zone_country_id, zone_code, zone_name) VALUES (99,'WB','West Bengal');

#Netherlands
INSERT INTO zones (zone_country_id, zone_code, zone_name) VALUES (150,'DR','Drenthe');
INSERT INTO zones (zone_country_id, zone_code, zone_name) VALUES (150,'FL','Flevoland');
INSERT INTO zones (zone_country_id, zone_code, zone_name) VALUES (150,'FR','Friesland');
INSERT INTO zones (zone_country_id, zone_code, zone_name) VALUES (150,'GE','Gelderland');
INSERT INTO zones (zone_country_id, zone_code, zone_name) VALUES (150,'GR','Groningen');
INSERT INTO zones (zone_country_id, zone_code, zone_name) VALUES (150,'LI','Limburg');
INSERT INTO zones (zone_country_id, zone_code, zone_name) VALUES (150,'NB','Noord Brabant');
INSERT INTO zones (zone_country_id, zone_code, zone_name) VALUES (150,'NH','Noord Holland');
INSERT INTO zones (zone_country_id, zone_code, zone_name) VALUES (150,'OV','Overijssel');
INSERT INTO zones (zone_country_id, zone_code, zone_name) VALUES (150,'UT','Utrecht');
INSERT INTO zones (zone_country_id, zone_code, zone_name) VALUES (150,'ZE','Zeeland');
INSERT INTO zones (zone_country_id, zone_code, zone_name) VALUES (150,'ZH','Zuid Holland');

# Canada
INSERT INTO zones (zone_country_id, zone_code, zone_name) VALUES (38,'AB','Alberta');
INSERT INTO zones (zone_country_id, zone_code, zone_name) VALUES (38,'BC','British Columbia');
INSERT INTO zones (zone_country_id, zone_code, zone_name) VALUES (38,'MB','Manitoba');
INSERT INTO zones (zone_country_id, zone_code, zone_name) VALUES (38,'NF','Newfoundland');
INSERT INTO zones (zone_country_id, zone_code, zone_name) VALUES (38,'NB','New Brunswick');
INSERT INTO zones (zone_country_id, zone_code, zone_name) VALUES (38,'NS','Nova Scotia');
INSERT INTO zones (zone_country_id, zone_code, zone_name) VALUES (38,'NT','Northwest Territories');
INSERT INTO zones (zone_country_id, zone_code, zone_name) VALUES (38,'NU','Nunavut');
INSERT INTO zones (zone_country_id, zone_code, zone_name) VALUES (38,'ON','Ontario');
INSERT INTO zones (zone_country_id, zone_code, zone_name) VALUES (38,'PE','Prince Edward Island');
INSERT INTO zones (zone_country_id, zone_code, zone_name) VALUES (38,'QC','Quebec');
INSERT INTO zones (zone_country_id, zone_code, zone_name) VALUES (38,'SK','Saskatchewan');
INSERT INTO zones (zone_country_id, zone_code, zone_name) VALUES (38,'YT','Yukon Territory');

# Germany
INSERT INTO zones (zone_country_id, zone_code, zone_name) VALUES (81,'NDS','Niedersachsen');
INSERT INTO zones (zone_country_id, zone_code, zone_name) VALUES (81,'BAW','Baden-Württemberg');
INSERT INTO zones (zone_country_id, zone_code, zone_name) VALUES (81,'BAY','Bayern');
INSERT INTO zones (zone_country_id, zone_code, zone_name) VALUES (81,'BER','Berlin');
INSERT INTO zones (zone_country_id, zone_code, zone_name) VALUES (81,'BRG','Brandenburg');
INSERT INTO zones (zone_country_id, zone_code, zone_name) VALUES (81,'BRE','Bremen');
INSERT INTO zones (zone_country_id, zone_code, zone_name) VALUES (81,'HAM','Hamburg');
INSERT INTO zones (zone_country_id, zone_code, zone_name) VALUES (81,'HES','Hessen');
INSERT INTO zones (zone_country_id, zone_code, zone_name) VALUES (81,'MEC','Mecklenburg-Vorpommern');
INSERT INTO zones (zone_country_id, zone_code, zone_name) VALUES (81,'NRW','Nordrhein-Westfalen');
INSERT INTO zones (zone_country_id, zone_code, zone_name) VALUES (81,'RHE','Rheinland-Pfalz');
INSERT INTO zones (zone_country_id, zone_code, zone_name) VALUES (81,'SAR','Saarland');
INSERT INTO zones (zone_country_id, zone_code, zone_name) VALUES (81,'SAS','Sachsen');
INSERT INTO zones (zone_country_id, zone_code, zone_name) VALUES (81,'SAC','Sachsen-Anhalt');
INSERT INTO zones (zone_country_id, zone_code, zone_name) VALUES (81,'SCN','Schleswig-Holstein');
INSERT INTO zones (zone_country_id, zone_code, zone_name) VALUES (81,'THE','Thüringen');

#Greece
INSERT INTO zones (zone_country_id, zone_code, zone_name) VALUES (84,'AT','Attica');
INSERT INTO zones (zone_country_id, zone_code, zone_name) VALUES (84,'CN','Central Greece');
INSERT INTO zones (zone_country_id, zone_code, zone_name) VALUES (84,'CM','Central Macedonia');
INSERT INTO zones (zone_country_id, zone_code, zone_name) VALUES (84,'CR','Crete');
INSERT INTO zones (zone_country_id, zone_code, zone_name) VALUES (84,'EM','East Macedonia and Thrace');
INSERT INTO zones (zone_country_id, zone_code, zone_name) VALUES (84,'EP','Epirus');
INSERT INTO zones (zone_country_id, zone_code, zone_name) VALUES (84,'II','Ionian Islands');
INSERT INTO zones (zone_country_id, zone_code, zone_name) VALUES (84,'NA','North Aegean');
INSERT INTO zones (zone_country_id, zone_code, zone_name) VALUES (84,'PP','Peloponnesos');
INSERT INTO zones (zone_country_id, zone_code, zone_name) VALUES (84,'SA','South Aegean');
INSERT INTO zones (zone_country_id, zone_code, zone_name) VALUES (84,'TH','Thessaly');
INSERT INTO zones (zone_country_id, zone_code, zone_name) VALUES (84,'WG','West Greece');
INSERT INTO zones (zone_country_id, zone_code, zone_name) VALUES (84,'WM','West Macedonia');

# Swizterland
INSERT INTO zones (zone_country_id, zone_code, zone_name) VALUES (204,'AG','Aargau');
INSERT INTO zones (zone_country_id, zone_code, zone_name) VALUES (204,'AI','Appenzell Innerrhoden');
INSERT INTO zones (zone_country_id, zone_code, zone_name) VALUES (204,'AR','Appenzell Ausserrhoden');
INSERT INTO zones (zone_country_id, zone_code, zone_name) VALUES (204,'BE','Bern');
INSERT INTO zones (zone_country_id, zone_code, zone_name) VALUES (204,'BL','Basel-Landschaft');
INSERT INTO zones (zone_country_id, zone_code, zone_name) VALUES (204,'BS','Basel-Stadt');
INSERT INTO zones (zone_country_id, zone_code, zone_name) VALUES (204,'FR','Freiburg');
INSERT INTO zones (zone_country_id, zone_code, zone_name) VALUES (204,'GE','Genf');
INSERT INTO zones (zone_country_id, zone_code, zone_name) VALUES (204,'GL','Glarus');
INSERT INTO zones (zone_country_id, zone_code, zone_name) VALUES (204,'JU','Graubünden');
INSERT INTO zones (zone_country_id, zone_code, zone_name) VALUES (204,'JU','Jura');
INSERT INTO zones (zone_country_id, zone_code, zone_name) VALUES (204,'LU','Luzern');
INSERT INTO zones (zone_country_id, zone_code, zone_name) VALUES (204,'NE','Neuenburg');
INSERT INTO zones (zone_country_id, zone_code, zone_name) VALUES (204,'NW','Nidwalden');
INSERT INTO zones (zone_country_id, zone_code, zone_name) VALUES (204,'OW','Obwalden');
INSERT INTO zones (zone_country_id, zone_code, zone_name) VALUES (204,'SG','St. Gallen');
INSERT INTO zones (zone_country_id, zone_code, zone_name) VALUES (204,'SH','Schaffhausen');
INSERT INTO zones (zone_country_id, zone_code, zone_name) VALUES (204,'SO','Solothurn');
INSERT INTO zones (zone_country_id, zone_code, zone_name) VALUES (204,'SZ','Schwyz');
INSERT INTO zones (zone_country_id, zone_code, zone_name) VALUES (204,'TG','Thurgau');
INSERT INTO zones (zone_country_id, zone_code, zone_name) VALUES (204,'TI','Tessin');
INSERT INTO zones (zone_country_id, zone_code, zone_name) VALUES (204,'UR','Uri');
INSERT INTO zones (zone_country_id, zone_code, zone_name) VALUES (204,'VD','Waadt');
INSERT INTO zones (zone_country_id, zone_code, zone_name) VALUES (204,'VS','Wallis');
INSERT INTO zones (zone_country_id, zone_code, zone_name) VALUES (204,'ZG','Zug');
INSERT INTO zones (zone_country_id, zone_code, zone_name) VALUES (204,'ZH','Zürich');

# Spain
INSERT INTO zones (zone_country_id, zone_code, zone_name) VALUES (195,'A Coruña','A Coruña');
INSERT INTO zones (zone_country_id, zone_code, zone_name) VALUES (195,'Alava','Alava');
INSERT INTO zones (zone_country_id, zone_code, zone_name) VALUES (195,'Albacete','Albacete');
INSERT INTO zones (zone_country_id, zone_code, zone_name) VALUES (195,'Alicante','Alicante');
INSERT INTO zones (zone_country_id, zone_code, zone_name) VALUES (195,'Almeria','Almeria');
INSERT INTO zones (zone_country_id, zone_code, zone_name) VALUES (195,'Asturias','Asturias');
INSERT INTO zones (zone_country_id, zone_code, zone_name) VALUES (195,'Avila','Avila');
INSERT INTO zones (zone_country_id, zone_code, zone_name) VALUES (195,'Badajoz','Badajoz');
INSERT INTO zones (zone_country_id, zone_code, zone_name) VALUES (195,'Baleares','Baleares');
INSERT INTO zones (zone_country_id, zone_code, zone_name) VALUES (195,'Barcelona','Barcelona');
INSERT INTO zones (zone_country_id, zone_code, zone_name) VALUES (195,'Burgos','Burgos');
INSERT INTO zones (zone_country_id, zone_code, zone_name) VALUES (195,'Caceres','Caceres');
INSERT INTO zones (zone_country_id, zone_code, zone_name) VALUES (195,'Cadiz','Cadiz');
INSERT INTO zones (zone_country_id, zone_code, zone_name) VALUES (195,'Cantabria','Cantabria');
INSERT INTO zones (zone_country_id, zone_code, zone_name) VALUES (195,'Castellon','Castellon');
INSERT INTO zones (zone_country_id, zone_code, zone_name) VALUES (195,'Ceuta','Ceuta');
INSERT INTO zones (zone_country_id, zone_code, zone_name) VALUES (195,'Ciudad Real','Ciudad Real');
INSERT INTO zones (zone_country_id, zone_code, zone_name) VALUES (195,'Cordoba','Cordoba');
INSERT INTO zones (zone_country_id, zone_code, zone_name) VALUES (195,'Cuenca','Cuenca');
INSERT INTO zones (zone_country_id, zone_code, zone_name) VALUES (195,'Girona','Girona');
INSERT INTO zones (zone_country_id, zone_code, zone_name) VALUES (195,'Granada','Granada');
INSERT INTO zones (zone_country_id, zone_code, zone_name) VALUES (195,'Guadalajara','Guadalajara');
INSERT INTO zones (zone_country_id, zone_code, zone_name) VALUES (195,'Guipuzcoa','Guipuzcoa');
INSERT INTO zones (zone_country_id, zone_code, zone_name) VALUES (195,'Huelva','Huelva');
INSERT INTO zones (zone_country_id, zone_code, zone_name) VALUES (195,'Huesca','Huesca');
INSERT INTO zones (zone_country_id, zone_code, zone_name) VALUES (195,'Jaen','Jaen');
INSERT INTO zones (zone_country_id, zone_code, zone_name) VALUES (195,'La Rioja','La Rioja');
INSERT INTO zones (zone_country_id, zone_code, zone_name) VALUES (195,'Las Palmas','Las Palmas');
INSERT INTO zones (zone_country_id, zone_code, zone_name) VALUES (195,'Leon','Leon');
INSERT INTO zones (zone_country_id, zone_code, zone_name) VALUES (195,'Lleida','Lleida');
INSERT INTO zones (zone_country_id, zone_code, zone_name) VALUES (195,'Lugo','Lugo');
INSERT INTO zones (zone_country_id, zone_code, zone_name) VALUES (195,'Madrid','Madrid');
INSERT INTO zones (zone_country_id, zone_code, zone_name) VALUES (195,'Malaga','Malaga');
INSERT INTO zones (zone_country_id, zone_code, zone_name) VALUES (195,'Melilla','Melilla');
INSERT INTO zones (zone_country_id, zone_code, zone_name) VALUES (195,'Murcia','Murcia');
INSERT INTO zones (zone_country_id, zone_code, zone_name) VALUES (195,'Navarra','Navarra');
INSERT INTO zones (zone_country_id, zone_code, zone_name) VALUES (195,'Ourense','Ourense');
INSERT INTO zones (zone_country_id, zone_code, zone_name) VALUES (195,'Palencia','Palencia');
INSERT INTO zones (zone_country_id, zone_code, zone_name) VALUES (195,'Pontevedra','Pontevedra');
INSERT INTO zones (zone_country_id, zone_code, zone_name) VALUES (195,'Salamanca','Salamanca');
INSERT INTO zones (zone_country_id, zone_code, zone_name) VALUES (195,'Santa Cruz de Tenerife','Santa Cruz de Tenerife');
INSERT INTO zones (zone_country_id, zone_code, zone_name) VALUES (195,'Segovia','Segovia');
INSERT INTO zones (zone_country_id, zone_code, zone_name) VALUES (195,'Sevilla','Sevilla');
INSERT INTO zones (zone_country_id, zone_code, zone_name) VALUES (195,'Soria','Soria');
INSERT INTO zones (zone_country_id, zone_code, zone_name) VALUES (195,'Tarragona','Tarragona');
INSERT INTO zones (zone_country_id, zone_code, zone_name) VALUES (195,'Teruel','Teruel');
INSERT INTO zones (zone_country_id, zone_code, zone_name) VALUES (195,'Toledo','Toledo');
INSERT INTO zones (zone_country_id, zone_code, zone_name) VALUES (195,'Valencia','Valencia');
INSERT INTO zones (zone_country_id, zone_code, zone_name) VALUES (195,'Valladolid','Valladolid');
INSERT INTO zones (zone_country_id, zone_code, zone_name) VALUES (195,'Vizcaya','Vizcaya');
INSERT INTO zones (zone_country_id, zone_code, zone_name) VALUES (195,'Zamora','Zamora');
INSERT INTO zones (zone_country_id, zone_code, zone_name) VALUES (195,'Zaragoza','Zaragoza');

#Turkey
INSERT INTO zones (zone_country_id, zone_code, zone_name) VALUES (215,'ADA','Adana');
INSERT INTO zones (zone_country_id, zone_code, zone_name) VALUES (215,'ADI','Adiyaman');
INSERT INTO zones (zone_country_id, zone_code, zone_name) VALUES (215,'AFY','Afyonkarahisar');
INSERT INTO zones (zone_country_id, zone_code, zone_name) VALUES (215,'AGR','Agri');
INSERT INTO zones (zone_country_id, zone_code, zone_name) VALUES (215,'AKS','Aksaray');
INSERT INTO zones (zone_country_id, zone_code, zone_name) VALUES (215,'AMA','Amasya');
INSERT INTO zones (zone_country_id, zone_code, zone_name) VALUES (215,'ANK','Ankara');
INSERT INTO zones (zone_country_id, zone_code, zone_name) VALUES (215,'ANT','Antalya');
INSERT INTO zones (zone_country_id, zone_code, zone_name) VALUES (215,'ARD','Ardahan');
INSERT INTO zones (zone_country_id, zone_code, zone_name) VALUES (215,'ART','Artvin');
INSERT INTO zones (zone_country_id, zone_code, zone_name) VALUES (215,'AYI','Aydin');
INSERT INTO zones (zone_country_id, zone_code, zone_name) VALUES (215,'BAL','Balikesir');
INSERT INTO zones (zone_country_id, zone_code, zone_name) VALUES (215,'BAR','Bartin');
INSERT INTO zones (zone_country_id, zone_code, zone_name) VALUES (215,'BAT','Batman');
INSERT INTO zones (zone_country_id, zone_code, zone_name) VALUES (215,'BAY','Bayburt');
INSERT INTO zones (zone_country_id, zone_code, zone_name) VALUES (215,'BIL','Bilecik');
INSERT INTO zones (zone_country_id, zone_code, zone_name) VALUES (215,'BIN','Bingol');
INSERT INTO zones (zone_country_id, zone_code, zone_name) VALUES (215,'BIT','Bitlis');
INSERT INTO zones (zone_country_id, zone_code, zone_name) VALUES (215,'BOL','Bolu');
INSERT INTO zones (zone_country_id, zone_code, zone_name) VALUES (215,'BRD','Burdur');
INSERT INTO zones (zone_country_id, zone_code, zone_name) VALUES (215,'BRS','Bursa');
INSERT INTO zones (zone_country_id, zone_code, zone_name) VALUES (215,'CKL','Canakkale');
INSERT INTO zones (zone_country_id, zone_code, zone_name) VALUES (215,'CKR','Cankiri');
INSERT INTO zones (zone_country_id, zone_code, zone_name) VALUES (215,'COR','Corum');
INSERT INTO zones (zone_country_id, zone_code, zone_name) VALUES (215,'DEN','Denizli');
INSERT INTO zones (zone_country_id, zone_code, zone_name) VALUES (215,'DIY','Diyarbakir');
INSERT INTO zones (zone_country_id, zone_code, zone_name) VALUES (215,'DUZ','Duzce');
INSERT INTO zones (zone_country_id, zone_code, zone_name) VALUES (215,'EDI','Edirne');
INSERT INTO zones (zone_country_id, zone_code, zone_name) VALUES (215,'ELA','Elazig');
INSERT INTO zones (zone_country_id, zone_code, zone_name) VALUES (215,'EZC','Erzincan');
INSERT INTO zones (zone_country_id, zone_code, zone_name) VALUES (215,'EZR','Erzurum');
INSERT INTO zones (zone_country_id, zone_code, zone_name) VALUES (215,'ESK','Eskisehir');
INSERT INTO zones (zone_country_id, zone_code, zone_name) VALUES (215,'GAZ','Gaziantep');
INSERT INTO zones (zone_country_id, zone_code, zone_name) VALUES (215,'GIR','Giresun');
INSERT INTO zones (zone_country_id, zone_code, zone_name) VALUES (215,'GMS','Gumushane');
INSERT INTO zones (zone_country_id, zone_code, zone_name) VALUES (215,'HKR','Hakkari');
INSERT INTO zones (zone_country_id, zone_code, zone_name) VALUES (215,'HTY','Hatay');
INSERT INTO zones (zone_country_id, zone_code, zone_name) VALUES (215,'IGD','Igdir');
INSERT INTO zones (zone_country_id, zone_code, zone_name) VALUES (215,'ISP','Isparta');
INSERT INTO zones (zone_country_id, zone_code, zone_name) VALUES (215,'IST','Istanbul');
INSERT INTO zones (zone_country_id, zone_code, zone_name) VALUES (215,'IZM','Izmir');
INSERT INTO zones (zone_country_id, zone_code, zone_name) VALUES (215,'KAH','Kahramanmaras');
INSERT INTO zones (zone_country_id, zone_code, zone_name) VALUES (215,'KRB','Karabuk');
INSERT INTO zones (zone_country_id, zone_code, zone_name) VALUES (215,'KRM','Karaman');
INSERT INTO zones (zone_country_id, zone_code, zone_name) VALUES (215,'KRS','Kars');
INSERT INTO zones (zone_country_id, zone_code, zone_name) VALUES (215,'KAS','Kastamonu');
INSERT INTO zones (zone_country_id, zone_code, zone_name) VALUES (215,'KAY','Kayseri');
INSERT INTO zones (zone_country_id, zone_code, zone_name) VALUES (215,'KLS','Kilis');
INSERT INTO zones (zone_country_id, zone_code, zone_name) VALUES (215,'KRK','Kirikkale');
INSERT INTO zones (zone_country_id, zone_code, zone_name) VALUES (215,'KLR','Kirklareli');
INSERT INTO zones (zone_country_id, zone_code, zone_name) VALUES (215,'KRH','Kirsehir');
INSERT INTO zones (zone_country_id, zone_code, zone_name) VALUES (215,'KOC','Kocaeli');
INSERT INTO zones (zone_country_id, zone_code, zone_name) VALUES (215,'KON','Konya');
INSERT INTO zones (zone_country_id, zone_code, zone_name) VALUES (215,'KUT','Kutahya');
INSERT INTO zones (zone_country_id, zone_code, zone_name) VALUES (215,'MAL','Malatya');
INSERT INTO zones (zone_country_id, zone_code, zone_name) VALUES (215,'MAN','Manisa');
INSERT INTO zones (zone_country_id, zone_code, zone_name) VALUES (215,'MAR','Mardin');
INSERT INTO zones (zone_country_id, zone_code, zone_name) VALUES (215,'MER','Mersin');
INSERT INTO zones (zone_country_id, zone_code, zone_name) VALUES (215,'MUG','Mugla');
INSERT INTO zones (zone_country_id, zone_code, zone_name) VALUES (215,'MUS','Mus');
INSERT INTO zones (zone_country_id, zone_code, zone_name) VALUES (215,'NEV','Nevsehir');
INSERT INTO zones (zone_country_id, zone_code, zone_name) VALUES (215,'NIG','Nigde');
INSERT INTO zones (zone_country_id, zone_code, zone_name) VALUES (215,'ORD','Ordu');
INSERT INTO zones (zone_country_id, zone_code, zone_name) VALUES (215,'OSM','Osmaniye');
INSERT INTO zones (zone_country_id, zone_code, zone_name) VALUES (215,'RIZ','Rize');
INSERT INTO zones (zone_country_id, zone_code, zone_name) VALUES (215,'SAK','Sakarya');
INSERT INTO zones (zone_country_id, zone_code, zone_name) VALUES (215,'SAM','Samsun');
INSERT INTO zones (zone_country_id, zone_code, zone_name) VALUES (215,'SAN','Sanliurfa');
INSERT INTO zones (zone_country_id, zone_code, zone_name) VALUES (215,'SII','Siirt');
INSERT INTO zones (zone_country_id, zone_code, zone_name) VALUES (215,'SIN','Sinop');
INSERT INTO zones (zone_country_id, zone_code, zone_name) VALUES (215,'SIR','Sirnak');
INSERT INTO zones (zone_country_id, zone_code, zone_name) VALUES (215,'SIV','Sivas');
INSERT INTO zones (zone_country_id, zone_code, zone_name) VALUES (215,'TEL','Tekirdag');
INSERT INTO zones (zone_country_id, zone_code, zone_name) VALUES (215,'TOK','Tokat');
INSERT INTO zones (zone_country_id, zone_code, zone_name) VALUES (215,'TRA','Trabzon');
INSERT INTO zones (zone_country_id, zone_code, zone_name) VALUES (215,'TUN','Tunceli');
INSERT INTO zones (zone_country_id, zone_code, zone_name) VALUES (215,'USK','Usak');
INSERT INTO zones (zone_country_id, zone_code, zone_name) VALUES (215,'VAN','Van');
INSERT INTO zones (zone_country_id, zone_code, zone_name) VALUES (215,'YAL','Yalova');
INSERT INTO zones (zone_country_id, zone_code, zone_name) VALUES (215,'YOZ','Yozgat');
INSERT INTO zones (zone_country_id, zone_code, zone_name) VALUES (215,'ZON','Zonguldak');

#United Kingdom
INSERT INTO zones (zone_country_id, zone_code, zone_name) VALUES (222, 'ABN', 'Aberdeen');
INSERT INTO zones (zone_country_id, zone_code, zone_name) VALUES (222, 'ABNS', 'Aberdeenshire');
INSERT INTO zones (zone_country_id, zone_code, zone_name) VALUES (222, 'ANG', 'Anglesey');
INSERT INTO zones (zone_country_id, zone_code, zone_name) VALUES (222, 'AGS', 'Angus');
INSERT INTO zones (zone_country_id, zone_code, zone_name) VALUES (222, 'ARY', 'Argyll and Bute');
INSERT INTO zones (zone_country_id, zone_code, zone_name) VALUES (222, 'BEDS', 'Bedfordshire');
INSERT INTO zones (zone_country_id, zone_code, zone_name) VALUES (222, 'BERKS', 'Berkshire');
INSERT INTO zones (zone_country_id, zone_code, zone_name) VALUES (222, 'BLA', 'Blaenau Gwent');
INSERT INTO zones (zone_country_id, zone_code, zone_name) VALUES (222, 'BRI', 'Bridgend');
INSERT INTO zones (zone_country_id, zone_code, zone_name) VALUES (222, 'BSTL', 'Bristol');
INSERT INTO zones (zone_country_id, zone_code, zone_name) VALUES (222, 'BUCKS', 'Buckinghamshire');
INSERT INTO zones (zone_country_id, zone_code, zone_name) VALUES (222, 'CAE', 'Caerphilly');
INSERT INTO zones (zone_country_id, zone_code, zone_name) VALUES (222, 'CAMBS', 'Cambridgeshire');
INSERT INTO zones (zone_country_id, zone_code, zone_name) VALUES (222, 'CDF', 'Cardiff');
INSERT INTO zones (zone_country_id, zone_code, zone_name) VALUES (222, 'CARM', 'Carmarthenshire');
INSERT INTO zones (zone_country_id, zone_code, zone_name) VALUES (222, 'CDGN', 'Ceredigion');
INSERT INTO zones (zone_country_id, zone_code, zone_name) VALUES (222, 'CHES', 'Cheshire');
INSERT INTO zones (zone_country_id, zone_code, zone_name) VALUES (222, 'CLACK', 'Clackmannanshire');
INSERT INTO zones (zone_country_id, zone_code, zone_name) VALUES (222, 'CON', 'Conwy');
INSERT INTO zones (zone_country_id, zone_code, zone_name) VALUES (222, 'CORN', 'Cornwall');
INSERT INTO zones (zone_country_id, zone_code, zone_name) VALUES (222, 'DNBG', 'Denbighshire');
INSERT INTO zones (zone_country_id, zone_code, zone_name) VALUES (222, 'DERBY', 'Derbyshire');
INSERT INTO zones (zone_country_id, zone_code, zone_name) VALUES (222, 'DVN', 'Devon');
INSERT INTO zones (zone_country_id, zone_code, zone_name) VALUES (222, 'DOR', 'Dorset');
INSERT INTO zones (zone_country_id, zone_code, zone_name) VALUES (222, 'DGL', 'Dumfries and Galloway');
INSERT INTO zones (zone_country_id, zone_code, zone_name) VALUES (222, 'DUND', 'Dundee');
INSERT INTO zones (zone_country_id, zone_code, zone_name) VALUES (222, 'DHM', 'Durham');
INSERT INTO zones (zone_country_id, zone_code, zone_name) VALUES (222, 'ARYE', 'East Ayrshire');
INSERT INTO zones (zone_country_id, zone_code, zone_name) VALUES (222, 'DUNBE', 'East Dunbartonshire');
INSERT INTO zones (zone_country_id, zone_code, zone_name) VALUES (222, 'LOTE', 'East Lothian');
INSERT INTO zones (zone_country_id, zone_code, zone_name) VALUES (222, 'RENE', 'East Renfrewshire');
INSERT INTO zones (zone_country_id, zone_code, zone_name) VALUES (222, 'ERYS', 'East Riding of Yorkshire');
INSERT INTO zones (zone_country_id, zone_code, zone_name) VALUES (222, 'SXE', 'East Sussex');
INSERT INTO zones (zone_country_id, zone_code, zone_name) VALUES (222, 'EDIN', 'Edinburgh');
INSERT INTO zones (zone_country_id, zone_code, zone_name) VALUES (222, 'ESX', 'Essex');
INSERT INTO zones (zone_country_id, zone_code, zone_name) VALUES (222, 'FALK', 'Falkirk');
INSERT INTO zones (zone_country_id, zone_code, zone_name) VALUES (222, 'FFE', 'Fife');
INSERT INTO zones (zone_country_id, zone_code, zone_name) VALUES (222, 'FLINT', 'Flintshire');
INSERT INTO zones (zone_country_id, zone_code, zone_name) VALUES (222, 'GLAS', 'Glasgow');
INSERT INTO zones (zone_country_id, zone_code, zone_name) VALUES (222, 'GLOS', 'Gloucestershire');
INSERT INTO zones (zone_country_id, zone_code, zone_name) VALUES (222, 'LDN', 'Greater London');
INSERT INTO zones (zone_country_id, zone_code, zone_name) VALUES (222, 'MCH', 'Greater Manchester');
INSERT INTO zones (zone_country_id, zone_code, zone_name) VALUES (222, 'GDD', 'Gwynedd');
INSERT INTO zones (zone_country_id, zone_code, zone_name) VALUES (222, 'HANTS', 'Hampshire');
INSERT INTO zones (zone_country_id, zone_code, zone_name) VALUES (222, 'HWR', 'Herefordshire');
INSERT INTO zones (zone_country_id, zone_code, zone_name) VALUES (222, 'HERTS', 'Hertfordshire');
INSERT INTO zones (zone_country_id, zone_code, zone_name) VALUES (222, 'HLD', 'Highlands');
INSERT INTO zones (zone_country_id, zone_code, zone_name) VALUES (222, 'IVER', 'Inverclyde');
INSERT INTO zones (zone_country_id, zone_code, zone_name) VALUES (222, 'IOW', 'Isle of Wight');
INSERT INTO zones (zone_country_id, zone_code, zone_name) VALUES (222, 'KNT', 'Kent');
INSERT INTO zones (zone_country_id, zone_code, zone_name) VALUES (222, 'LANCS', 'Lancashire');
INSERT INTO zones (zone_country_id, zone_code, zone_name) VALUES (222, 'LEICS', 'Leicestershire');
INSERT INTO zones (zone_country_id, zone_code, zone_name) VALUES (222, 'LINCS', 'Lincolnshire');
INSERT INTO zones (zone_country_id, zone_code, zone_name) VALUES (222, 'MSY', 'Merseyside');
INSERT INTO zones (zone_country_id, zone_code, zone_name) VALUES (222, 'MERT', 'Merthyr Tydfil');
INSERT INTO zones (zone_country_id, zone_code, zone_name) VALUES (222, 'MLOT', 'Midlothian');
INSERT INTO zones (zone_country_id, zone_code, zone_name) VALUES (222, 'MMOUTH', 'Monmouthshire');
INSERT INTO zones (zone_country_id, zone_code, zone_name) VALUES (222, 'MORAY', 'Moray');
INSERT INTO zones (zone_country_id, zone_code, zone_name) VALUES (222, 'NPRTAL', 'Neath Port Talbot');
INSERT INTO zones (zone_country_id, zone_code, zone_name) VALUES (222, 'NEWPT', 'Newport');
INSERT INTO zones (zone_country_id, zone_code, zone_name) VALUES (222, 'NOR', 'Norfolk');
INSERT INTO zones (zone_country_id, zone_code, zone_name) VALUES (222, 'ARYN', 'North Ayrshire');
INSERT INTO zones (zone_country_id, zone_code, zone_name) VALUES (222, 'LANN', 'North Lanarkshire');
INSERT INTO zones (zone_country_id, zone_code, zone_name) VALUES (222, 'YSN', 'North Yorkshire');
INSERT INTO zones (zone_country_id, zone_code, zone_name) VALUES (222, 'NHM', 'Northamptonshire');
INSERT INTO zones (zone_country_id, zone_code, zone_name) VALUES (222, 'NLD', 'Northumberland');
INSERT INTO zones (zone_country_id, zone_code, zone_name) VALUES (222, 'NOT', 'Nottinghamshire');
INSERT INTO zones (zone_country_id, zone_code, zone_name) VALUES (222, 'ORK', 'Orkney Islands');
INSERT INTO zones (zone_country_id, zone_code, zone_name) VALUES (222, 'OFE', 'Oxfordshire');
INSERT INTO zones (zone_country_id, zone_code, zone_name) VALUES (222, 'PEM', 'Pembrokeshire');
INSERT INTO zones (zone_country_id, zone_code, zone_name) VALUES (222, 'PERTH', 'Perth and Kinross');
INSERT INTO zones (zone_country_id, zone_code, zone_name) VALUES (222, 'PWS', 'Powys');
INSERT INTO zones (zone_country_id, zone_code, zone_name) VALUES (222, 'REN', 'Renfrewshire');
INSERT INTO zones (zone_country_id, zone_code, zone_name) VALUES (222, 'RHON', 'Rhondda Cynon Taff');
INSERT INTO zones (zone_country_id, zone_code, zone_name) VALUES (222, 'RUT', 'Rutland');
INSERT INTO zones (zone_country_id, zone_code, zone_name) VALUES (222, 'BOR', 'Scottish Borders');
INSERT INTO zones (zone_country_id, zone_code, zone_name) VALUES (222, 'SHET', 'Shetland Islands');
INSERT INTO zones (zone_country_id, zone_code, zone_name) VALUES (222, 'SPE', 'Shropshire');
INSERT INTO zones (zone_country_id, zone_code, zone_name) VALUES (222, 'SOM', 'Somerset');
INSERT INTO zones (zone_country_id, zone_code, zone_name) VALUES (222, 'ARYS', 'South Ayrshire');
INSERT INTO zones (zone_country_id, zone_code, zone_name) VALUES (222, 'LANS', 'South Lanarkshire');
INSERT INTO zones (zone_country_id, zone_code, zone_name) VALUES (222, 'YSS', 'South Yorkshire');
INSERT INTO zones (zone_country_id, zone_code, zone_name) VALUES (222, 'SFD', 'Staffordshire');
INSERT INTO zones (zone_country_id, zone_code, zone_name) VALUES (222, 'STIR', 'Stirling');
INSERT INTO zones (zone_country_id, zone_code, zone_name) VALUES (222, 'SFK', 'Suffolk');
INSERT INTO zones (zone_country_id, zone_code, zone_name) VALUES (222, 'SRY', 'Surrey');
INSERT INTO zones (zone_country_id, zone_code, zone_name) VALUES (222, 'SWAN', 'Swansea');
INSERT INTO zones (zone_country_id, zone_code, zone_name) VALUES (222, 'TORF', 'Torfaen');
INSERT INTO zones (zone_country_id, zone_code, zone_name) VALUES (222, 'TWR', 'Tyne and Wear');
INSERT INTO zones (zone_country_id, zone_code, zone_name) VALUES (222, 'VGLAM', 'Vale of Glamorgan');
INSERT INTO zones (zone_country_id, zone_code, zone_name) VALUES (222, 'WARKS', 'Warwickshire');
INSERT INTO zones (zone_country_id, zone_code, zone_name) VALUES (222, 'WDUN', 'West Dunbartonshire');
INSERT INTO zones (zone_country_id, zone_code, zone_name) VALUES (222, 'WLOT', 'West Lothian');
INSERT INTO zones (zone_country_id, zone_code, zone_name) VALUES (222, 'WMD', 'West Midlands');
INSERT INTO zones (zone_country_id, zone_code, zone_name) VALUES (222, 'SXW', 'West Sussex');
INSERT INTO zones (zone_country_id, zone_code, zone_name) VALUES (222, 'YSW', 'West Yorkshire');
INSERT INTO zones (zone_country_id, zone_code, zone_name) VALUES (222, 'WIL', 'Western Isles');
INSERT INTO zones (zone_country_id, zone_code, zone_name) VALUES (222, 'WLT', 'Wiltshire');
INSERT INTO zones (zone_country_id, zone_code, zone_name) VALUES (222, 'WORCS', 'Worcestershire');
INSERT INTO zones (zone_country_id, zone_code, zone_name) VALUES (222, 'WRX', 'Wrexham');



# (c) 2006 DS Data Systems UK Ltd, All rights reserved.
#
# DS Data Systems and KonaKart and their respective logos, are 
# trademarks of DS Data Systems UK Ltd. All rights reserved.
#
# The information in this document below this text is free software; you can redistribute 
# it and/or modify it under the terms of the GNU Lesser General Public
# License as published by the Free Software Foundation; either
# version 2.1 of the License, or (at your option) any later version.
# 
# This software is distributed in the hope that it will be useful,
# but WITHOUT ANY WARRANTY; without even the implied warranty of
# MERCHANTABILITY or FITNESS FOR A PARTICULAR PURPOSE.  See the GNU
# Lesser General Public License for more details.
#

#---------------------------------------------------------------
# KonaKart supplementary v6.5.1.0 demo database script for MySQL database
#---------------------------------------------------------------
#
# KonaKart data configuration parameters
#
# TODO:
# To configure KonaKart to be able to send emails you have to modify the values to be inserted for the
# Email configuration parameters..  You will need to set parameters for:
#	SMTP Server Name
#	SMTP Secure (whether or not the server requires authentication, true or false)
#	SMTP Username
#	SMTP Password
#	Email Reply To Address

# TODO - Modify the following values for your own configuration:  (Default values are supplied - but these have to be changed)

# Email Configuration:

INSERT INTO configuration (configuration_title, configuration_key, configuration_value, configuration_description, configuration_group_id, sort_order, date_added) VALUES                ('SMTP Server',          'SMTP_SERVER',          'ENTER_YOUR_SMTP_SERVER_HERE', 'The SMTP server',                                         '12', '2', now());
INSERT INTO configuration (configuration_title, configuration_key, configuration_value, configuration_description, configuration_group_id, sort_order, date_added, set_function) VALUES  ('SMTP Secure',          'SMTP_SECURE',          'false',                       'Whether or not the SMTP server needs user authentication', '12', '3', now(), 'tep_cfg_select_option(array(\'true\', \'false\'), ');
INSERT INTO configuration (configuration_title, configuration_key, configuration_value, configuration_description, configuration_group_id, sort_order, date_added) VALUES                ('SMTP User',            'SMTP_USER',            'user@yourdomain.com',         'The SMTP user',                                           '12', '4', now());
INSERT INTO configuration (configuration_title, configuration_key, configuration_value, configuration_description, configuration_group_id, sort_order, date_added, set_function) VALUES  ('SMTP Password',        'SMTP_PASSWORD',        '',                            'The SMTP password',                                       '12', '5', now(), 'password');
INSERT INTO configuration (configuration_title, configuration_key, configuration_value, configuration_description, configuration_group_id, sort_order, date_added) VALUES                ('Email Reply To',       'EMAIL_REPLY_TO',       'user@yourdomain.com',         'The Reply To Address',                                    '12', '6', now());
INSERT INTO configuration (configuration_title, configuration_key, configuration_value, configuration_description, configuration_group_id, sort_order, date_added, set_function) VALUES  ('Debug Email Sessions', 'DEBUG_EMAIL_SESSIONS', 'false',                       'Debug email sessions',                                    '12', '7', now(), 'tep_cfg_select_option(array(\'true\', \'false\'), ');
INSERT INTO configuration (configuration_title, configuration_key, configuration_value, configuration_description, configuration_group_id, sort_order, date_added) VALUES                ('Send Extra Emails To', 'SEND_EXTRA_EMAILS_TO', '', 'Send extra emails to the following email addresses, separated by semicolons: email@address1; email@address2', '1', '11', now());

# Stock Reorder implementation:

INSERT INTO configuration (configuration_title, configuration_key, configuration_value, configuration_description, configuration_group_id, sort_order, date_added) VALUES                ('Stock Reorder Class','STOCK_REORDER_CLASS','com.konakart.bl.ReorderMgr','The Stock Reorder Implementation Cass','9', '7', now());

# Refresh interval for client side caches

INSERT INTO configuration (configuration_title, configuration_key, configuration_value, configuration_description, configuration_group_id, sort_order, set_function, date_added) VALUES  ('Client cache refresh interval','CLIENT_CACHE_UPDATE_SECS','600','Interval in seconds for refreshing client side caches','11', '8', 'integer(60,null)', now());
INSERT INTO configuration (configuration_title, configuration_key, configuration_value, configuration_description, configuration_group_id, sort_order, set_function, date_added) VALUES  ('Client config cache refresh check interval','CLIENT_CONFIG_CACHE_CHECK_SECS','30','Interval in seconds for checking to see whether the client side cache of config variables needs updating','11', '9', 'integer(30,null)', now());
INSERT INTO configuration (configuration_title, configuration_key, configuration_value, configuration_description, configuration_group_id, sort_order, date_added) VALUES                ('Client config cache refresh flag','CLIENT_CONFIG_CACHE_CHECK_FLAG','false','Boolean to determine whether to refresh the client config variable cache','100', '1' , now());

# Table to store IPN notifications from payment gateways
DROP TABLE IF EXISTS ipn_history ;
CREATE TABLE ipn_history (
   ipn_history_id int NOT NULL auto_increment,
   module_code varchar(32) NOT NULL,
   gateway_transaction_id varchar(128),
   gateway_result varchar(128), 
   gateway_full_response text,
   order_id int,
   konakart_result_id int,
   konakart_result_description varchar(255),
   date_added datetime,
   PRIMARY KEY (ipn_history_id)
);

# Base URL and path for images

INSERT INTO configuration (configuration_title, configuration_key, configuration_value, configuration_description, configuration_group_id, sort_order, date_added) VALUES                ('Image base URL','IMG_BASE_URL','http://localhost:8780/konakart/images/','The base URL for application images','4', '9', now());
INSERT INTO configuration (configuration_title, configuration_key, configuration_value, configuration_description, configuration_group_id, sort_order, date_added) VALUES                ('Image base path','IMG_BASE_PATH','C:/Program Files/KonaKart/webapps/konakart/images','The base path where application images are saved','4', '10', now());
INSERT INTO configuration (configuration_title, configuration_key, configuration_value, configuration_description, configuration_group_id, sort_order, date_added) VALUES                ('URL for reaching Image servlet','IMG_SERVLET_URL','/konakartadmin/uploadAction','The URL used to reach the servlet used for uploading images','4', '11', now());

# Addition of custom fields

ALTER TABLE customers ADD COLUMN custom1 varchar(128);
ALTER TABLE customers ADD COLUMN custom2 varchar(128);
ALTER TABLE customers ADD COLUMN custom3 varchar(128);
ALTER TABLE customers ADD COLUMN custom4 varchar(128);
ALTER TABLE customers ADD COLUMN custom5 varchar(128);

ALTER TABLE products ADD COLUMN custom1 varchar(128);
ALTER TABLE products ADD COLUMN custom2 varchar(128);
ALTER TABLE products ADD COLUMN custom3 varchar(128);
ALTER TABLE products ADD COLUMN custom4 varchar(128);
ALTER TABLE products ADD COLUMN custom5 varchar(128);

ALTER TABLE manufacturers ADD COLUMN custom1 varchar(128);
ALTER TABLE manufacturers ADD COLUMN custom2 varchar(128);
ALTER TABLE manufacturers ADD COLUMN custom3 varchar(128);
ALTER TABLE manufacturers ADD COLUMN custom4 varchar(128);
ALTER TABLE manufacturers ADD COLUMN custom5 varchar(128);

ALTER TABLE address_book ADD COLUMN custom1 varchar(128);
ALTER TABLE address_book ADD COLUMN custom2 varchar(128);
ALTER TABLE address_book ADD COLUMN custom3 varchar(128);
ALTER TABLE address_book ADD COLUMN custom4 varchar(128);
ALTER TABLE address_book ADD COLUMN custom5 varchar(128);

ALTER TABLE orders ADD COLUMN custom1 varchar(128);
ALTER TABLE orders ADD COLUMN custom2 varchar(128);
ALTER TABLE orders ADD COLUMN custom3 varchar(128);
ALTER TABLE orders ADD COLUMN custom4 varchar(128);
ALTER TABLE orders ADD COLUMN custom5 varchar(128);

ALTER TABLE reviews ADD COLUMN custom1 varchar(128);
ALTER TABLE reviews ADD COLUMN custom2 varchar(128);
ALTER TABLE reviews ADD COLUMN custom3 varchar(128);

ALTER TABLE categories ADD COLUMN custom1 varchar(128);
ALTER TABLE categories ADD COLUMN custom2 varchar(128);
ALTER TABLE categories ADD COLUMN custom3 varchar(128);

# SSL
DELETE FROM configuration WHERE configuration_key = 'ENABLE_SSL';
INSERT INTO configuration (configuration_title, configuration_key, configuration_value, configuration_description, configuration_group_id, sort_order, set_function, date_added) VALUES ('Enables SSL if set to true', 'ENABLE_SSL', 'false', 'Enables SSL if set to true to make the site secure', '16', '10', 'tep_cfg_select_option(array(\'true\', \'false\'), ', now());
DELETE FROM configuration WHERE configuration_key = 'STANDARD_PORT_NUMBER';
INSERT INTO configuration (configuration_title, configuration_key, configuration_value, configuration_description, configuration_group_id, sort_order, set_function, date_added) VALUES ('Port number for standard (non SSL) pages','STANDARD_PORT_NUMBER','8780','Port number used to access standard non SSL pages','16', '20' ,'integer(0,null)', now());
DELETE FROM configuration WHERE configuration_key = 'SSL_PORT_NUMBER';
INSERT INTO configuration (configuration_title, configuration_key, configuration_value, configuration_description, configuration_group_id, sort_order, set_function, date_added) VALUES ('Port number for SSL pages','SSL_PORT_NUMBER','8443','Port number used to access SSL pages','16', '30' ,'integer(0,null)', now());

# Location for report definitions, and BIRT viewer home
DELETE FROM configuration WHERE configuration_key = 'REPORTS_DEFN_PATH';
INSERT INTO configuration (configuration_title, configuration_key, configuration_value, configuration_description, configuration_group_id, sort_order, date_added) VALUES                ('Report definitions base path','REPORTS_DEFN_PATH','C:/Program Files/KonaKart/webapps/birt-viewer/reports/','The reports definition location','17', '1', now());
DELETE FROM configuration WHERE configuration_key = 'REPORTS_EXTENSION';
INSERT INTO configuration (configuration_title, configuration_key, configuration_value, configuration_description, configuration_group_id, sort_order, date_added) VALUES                ('Report file extension','REPORTS_EXTENSION','.rptdesign','The report file extension - identifies report files','17', '2', now());
DELETE FROM configuration WHERE configuration_key = 'REPORTS_URL';
INSERT INTO configuration (configuration_title, configuration_key, configuration_value, configuration_description, configuration_group_id, sort_order, date_added) VALUES                ('Report viewer URL','REPORTS_URL','http://localhost:8780/birt-viewer/frameset?__report=reports/','The report viewer base URL','17', '3', now());
DELETE FROM configuration WHERE configuration_key = 'REPORTS_STATUS_PAGE_URL';
INSERT INTO configuration (configuration_title, configuration_key, configuration_value, configuration_description, configuration_group_id, sort_order, date_added) VALUES                ('Status Page Report URL','REPORTS_STATUS_PAGE_URL','http://localhost:8780/birt-viewer/run?__report=reports/OrdersInLast30DaysChart.rptdesign','The URL for the report on the status page','17', '4', now());

# Stock Reorder Email
DELETE FROM configuration WHERE configuration_key = 'STOCK_REORDER_EMAIL';
INSERT INTO configuration (configuration_title, configuration_key, configuration_value, configuration_description, configuration_group_id, sort_order, date_added) VALUES ('E-Mail address for low stock alert', 'STOCK_REORDER_EMAIL', 'reorder_mgr@konakart.com', 'The e-mail address used to send an alert email when the stock level of a product falls below the reorder level', '9', '6', now());

# Allow user to insert coupon code
DELETE FROM configuration WHERE configuration_key = 'DISPLAY_COUPON_ENTRY';
INSERT INTO configuration (configuration_title, configuration_key, configuration_value, configuration_description, configuration_group_id, sort_order, set_function, date_added) VALUES ('Display Coupon Entry Field', 'DISPLAY_COUPON_ENTRY', 'true', 'During checkout the customer will be allowed to enter a coupon if set to true', '1', '22', 'tep_cfg_select_option(array(\'true\', \'false\'), ', now());

# Promotions
DROP TABLE IF EXISTS promotion;
CREATE TABLE promotion (
   promotion_id int NOT NULL auto_increment,
   order_total_code varchar(32) NOT NULL,
   description varchar(128),
   name varchar(64),
   active int(1) NOT NULL DEFAULT '0',
   cumulative int(1) NOT NULL DEFAULT '0',
   requires_coupon int(1) NOT NULL DEFAULT '0',
   start_date datetime,
   end_date datetime,
   manufacturer_rule int,
   product_rule int,
   customer_rule int,
   category_rule int,
   custom1 varchar(128),
   custom2 varchar(128),
   custom3 varchar(128),
   custom4 varchar(128),
   custom5 varchar(128),
   custom6 varchar(128),
   custom7 varchar(128),
   custom8 varchar(128),
   custom9 varchar(128),
   custom10 varchar(128),
   date_added datetime NOT NULL,
   last_modified datetime,
   PRIMARY KEY (promotion_id)
);

DROP TABLE IF EXISTS promotion_to_manufacturer;
CREATE TABLE promotion_to_manufacturer (
  promotion_id int NOT NULL,
  manufacturers_id int NOT NULL,
  PRIMARY KEY (promotion_id,manufacturers_id)
);

DROP TABLE IF EXISTS promotion_to_product;
CREATE TABLE promotion_to_product (
  promotion_id int NOT NULL,
  products_id int NOT NULL,
  products_options_id int NOT NULL DEFAULT '0',
  products_options_values_id int NOT NULL DEFAULT '0',
  PRIMARY KEY (promotion_id,products_id,products_options_id,products_options_values_id)
);

DROP TABLE IF EXISTS promotion_to_category;
CREATE TABLE promotion_to_category (
  promotion_id int NOT NULL,
  categories_id int NOT NULL,
  PRIMARY KEY (promotion_id,categories_id)
);

DROP TABLE IF EXISTS promotion_to_customer;
CREATE TABLE promotion_to_customer (
  promotion_id int NOT NULL,
  customers_id int NOT NULL,
  max_use int NOT NULL DEFAULT '-1',
  times_used int NOT NULL DEFAULT '0',
  custom1 varchar(128),
  custom2 varchar(128),
  PRIMARY KEY (promotion_id,customers_id)
);

DROP TABLE IF EXISTS coupon;
CREATE TABLE coupon (
   coupon_id int NOT NULL auto_increment,
   coupon_code varchar(64) NOT NULL,
   name varchar(64),
   description varchar(128),
   max_use int NOT NULL DEFAULT '1',
   times_used int NOT NULL DEFAULT '0',
   custom1 varchar(128),
   custom2 varchar(128),
   custom3 varchar(128),
   custom4 varchar(128),
   custom5 varchar(128),
   date_added datetime NOT NULL,
   last_modified datetime,
   PRIMARY KEY (coupon_id)
);

DROP TABLE IF EXISTS promotion_to_coupon;
CREATE TABLE promotion_to_coupon (
  promotion_id int NOT NULL,
  coupon_id int NOT NULL,
  PRIMARY KEY (promotion_id,coupon_id)
);

# Add promotion related fields to orders table
ALTER TABLE orders ADD COLUMN promotion_ids varchar(64);
ALTER TABLE orders ADD COLUMN coupon_ids varchar(64);


# Utility Table
DROP TABLE IF EXISTS utility;
CREATE TABLE utility (
	id int NOT NULL,
	PRIMARY KEY (id)
);

DELETE FROM utility;
INSERT INTO utility (id) VALUES (1);
INSERT INTO utility (id) VALUES (2);
INSERT INTO utility (id) VALUES (3);
INSERT INTO utility (id) VALUES (4);
INSERT INTO utility (id) VALUES (5);
INSERT INTO utility (id) VALUES (6);
INSERT INTO utility (id) VALUES (7);
INSERT INTO utility (id) VALUES (8);
INSERT INTO utility (id) VALUES (9);
INSERT INTO utility (id) VALUES (10);
INSERT INTO utility (id) VALUES (11);
INSERT INTO utility (id) VALUES (12);
INSERT INTO utility (id) VALUES (13);
INSERT INTO utility (id) VALUES (14);
INSERT INTO utility (id) VALUES (15);
INSERT INTO utility (id) VALUES (16);
INSERT INTO utility (id) VALUES (17);
INSERT INTO utility (id) VALUES (18);
INSERT INTO utility (id) VALUES (19);
INSERT INTO utility (id) VALUES (20);
INSERT INTO utility (id) VALUES (21);
INSERT INTO utility (id) VALUES (22);
INSERT INTO utility (id) VALUES (23);
INSERT INTO utility (id) VALUES (24);
INSERT INTO utility (id) VALUES (25);
INSERT INTO utility (id) VALUES (26);
INSERT INTO utility (id) VALUES (27);
INSERT INTO utility (id) VALUES (28);
INSERT INTO utility (id) VALUES (29);
INSERT INTO utility (id) VALUES (30);
INSERT INTO utility (id) VALUES (31);

# Product relationships for merchandising
DROP TABLE IF EXISTS products_to_products;
CREATE TABLE products_to_products (
  products_to_products_id int NOT NULL auto_increment,
  id_from int NOT NULL,
  id_to int NOT NULL,
  relation_type int DEFAULT '0' NOT NULL,
  custom1 varchar(128),
  custom2 varchar(128),
  PRIMARY KEY (products_to_products_id)
);

# Max number of items to display for merchandising
INSERT INTO configuration (configuration_title, configuration_key, configuration_value, configuration_description, configuration_group_id, sort_order, set_function, date_added) VALUES ('Up Sell Products', 'MAX_DISPLAY_UP_SELL', '6', 'Maximum number of products to display in the \'Top of Range\' box', '3', '20', 'integer(0,null)', now());
INSERT INTO configuration (configuration_title, configuration_key, configuration_value, configuration_description, configuration_group_id, sort_order, set_function, date_added) VALUES ('Cross Sell Products', 'MAX_DISPLAY_CROSS_SELL', '6', 'Maximum number of products to display in the \'Similar Products\' box', '3', '21', 'integer(0,null)', now());
INSERT INTO configuration (configuration_title, configuration_key, configuration_value, configuration_description, configuration_group_id, sort_order, set_function, date_added) VALUES ('Accessories', 'MAX_DISPLAY_ACCESSORIES', '6', 'Maximum number of products to display in the \'Accessories\' box', '3', '22', 'integer(0,null)', now());
INSERT INTO configuration (configuration_title, configuration_key, configuration_value, configuration_description, configuration_group_id, sort_order, set_function, date_added) VALUES ('Dependent Products', 'MAX_DISPLAY_DEPENDENT_PRODUCTS', '6', 'Maximum number of products to display in the \'Warranties\' box', '3', '23', 'integer(0,null)', now());

# Single page checkout
DELETE FROM configuration WHERE configuration_key = 'ONE_PAGE_CHECKOUT';
INSERT INTO configuration (configuration_title, configuration_key, configuration_value, configuration_description, configuration_group_id, sort_order, set_function, date_added) VALUES ('Enables One Page Checkout', 'ONE_PAGE_CHECKOUT', 'true', 'When set to true, it enables the one page checkout functionality rather than 3 separate pages', '1', '23', 'tep_cfg_select_option(array(\'true\', \'false\'), ', now());
DELETE FROM configuration WHERE configuration_key = 'ALLOW_CHECKOUT_WITHOUT_REGISTRATION';
INSERT INTO configuration (configuration_title, configuration_key, configuration_value, configuration_description, configuration_group_id, sort_order, set_function, date_added) VALUES ('Enables Checkout Without Registration', 'ALLOW_CHECKOUT_WITHOUT_REGISTRATION', 'true', 'When set to true, and one page checkout is enabled, it allows customers to checkout without registering', '1', '24', 'tep_cfg_select_option(array(\'true\', \'false\'), ', now());

# Create a KK_IF function which for MySQL is a wrapper around the IF function (but we can't use IF on all databases)
DROP FUNCTION IF EXISTS KK_IF;
#CREATE FUNCTION KK_IF (test int, a decimal(15,4), b decimal(15,4)) RETURNS decimal(15,4) deterministic return IF(test, a, b);

# Order Integration Mgr
DELETE FROM configuration WHERE configuration_key = 'ORDER_INTEGRATION_CLASS';
INSERT INTO configuration (configuration_title, configuration_key, configuration_value, configuration_description, configuration_group_id, sort_order, date_added) VALUES ('Order Integration Class', 'ORDER_INTEGRATION_CLASS','com.konakart.bl.OrderIntegrationMgr','The Order Integration Implementation Class, to trigger off events when an order is saved or modified', '9', '8', now());
DELETE FROM configuration WHERE configuration_key = 'ADMIN_ORDER_INTEGRATION_CLASS';
INSERT INTO configuration (configuration_title, configuration_key, configuration_value, configuration_description, configuration_group_id, sort_order, date_added) VALUES ('Admin Order Integration Class', 'ADMIN_ORDER_INTEGRATION_CLASS','com.konakartadmin.bl.AdminOrderIntegrationMgr','The Order Integration Implementation Class, to trigger off events when an order is modified from the Admin App', '9', '9', now());

# Table to contain quantities for products with different options
DROP TABLE IF EXISTS products_quantity;
CREATE TABLE products_quantity (
   products_id int NOT NULL,
   products_options varchar(128) NOT NULL,
   products_quantity int NOT NULL,
   products_sku varchar(255),
   PRIMARY KEY (products_id, products_options)
);

# Add extra fields to orders_products_attributes table
ALTER TABLE orders_products_attributes ADD products_options_id int NOT NULL default '-1';
ALTER TABLE orders_products_attributes ADD products_options_values_id int NOT NULL default '-1';

# Add extra fields to products table
ALTER TABLE products ADD products_invisible int(1) NOT NULL DEFAULT '0';
ALTER TABLE products ADD products_sku varchar(255);

# Tables for returns
DROP TABLE IF EXISTS orders_returns;
CREATE TABLE orders_returns (
   orders_returns_id int NOT NULL auto_increment,
   orders_id int NOT NULL,
   rma_code varchar(128),
   return_reason text,
   date_added datetime,
   last_modified datetime,
   PRIMARY KEY (orders_returns_id)
);

DROP TABLE IF EXISTS returns_to_ord_prods;
CREATE TABLE returns_to_ord_prods (
   orders_returns_id int NOT NULL,
   orders_products_id int NOT NULL,
   quantity int NOT NULL,
   date_added datetime,
   PRIMARY KEY (orders_returns_id, orders_products_id)
);

# Extend the size of the products_model column
ALTER TABLE products MODIFY products_model VARCHAR(64);

# Add an extra field to the ipn_history table
ALTER TABLE ipn_history ADD customers_id int;

# For the case where SSL communication requires a different URL
DELETE FROM configuration WHERE configuration_key = 'SSL_BASE_URL';
INSERT INTO configuration (configuration_title, configuration_key, configuration_value, configuration_description, configuration_group_id, sort_order, date_added) VALUES ('Base URL for SSL pages','SSL_BASE_URL','','Base URL used for SSL pages (i.e. https://myhost:8443). This overrides the SSL port number config.','16', '40', now());

# Variables for configuring auditing
DELETE FROM configuration WHERE configuration_key = 'READ_AUDIT';
INSERT INTO configuration (configuration_title, configuration_key, configuration_value, configuration_description, configuration_group_id, sort_order, set_function, date_added) VALUES ('Auditing for Reads', 'READ_AUDIT', '0', 'Enable / Disable auditing for reads', '18', '1','tep_cfg_pull_down_audit_list(', now());
DELETE FROM configuration WHERE configuration_key = 'EDIT_AUDIT';
INSERT INTO configuration (configuration_title, configuration_key, configuration_value, configuration_description, configuration_group_id, sort_order, set_function, date_added) VALUES ('Auditing for Edits', 'EDIT_AUDIT', '0', 'Enable / Disable auditing for edits', '18', '2','tep_cfg_pull_down_audit_list(', now());
DELETE FROM configuration WHERE configuration_key = 'INSERT_AUDIT';
INSERT INTO configuration (configuration_title, configuration_key, configuration_value, configuration_description, configuration_group_id, sort_order, set_function, date_added) VALUES ('Auditing for Inserts', 'INSERT_AUDIT', '0', 'Enable / Disable auditing for inserts', '18', '3','tep_cfg_pull_down_audit_list(', now());
DELETE FROM configuration WHERE configuration_key = 'DELETE_AUDIT';
INSERT INTO configuration (configuration_title, configuration_key, configuration_value, configuration_description, configuration_group_id, sort_order, set_function, date_added) VALUES ('Auditing for Deletes', 'DELETE_AUDIT', '0', 'Enable / Disable auditing for deletes', '18', '4','tep_cfg_pull_down_audit_list(', now());

# Audit table
DROP TABLE IF EXISTS kk_audit;
CREATE TABLE kk_audit (
   audit_id int NOT NULL auto_increment,
   customers_id int NOT NULL,
   audit_action int NOT NULL,
   api_method_name varchar(128) NOT NULL,
   object_id int,
   object_to_string text,
   date_added datetime NOT NULL,
   PRIMARY KEY (audit_id)
);

# Add extra fields to the customers table
ALTER TABLE customers ADD customers_type int;
ALTER TABLE customers ADD customers_enabled int DEFAULT 1;

# Role table
DROP TABLE IF EXISTS kk_role;
CREATE TABLE kk_role (
   role_id int NOT NULL auto_increment,
   name varchar(128) NOT NULL,
   description varchar(255),
   date_added datetime,
   last_modified datetime,
   PRIMARY KEY (role_id)
);

# Customers_to_role table
DROP TABLE IF EXISTS kk_customers_to_role;
CREATE TABLE kk_customers_to_role (
   role_id int DEFAULT '0' NOT NULL,
   customers_id int DEFAULT '0' NOT NULL,
   date_added datetime,
   PRIMARY KEY (role_id, customers_id)
);

# Panel table
DROP TABLE IF EXISTS kk_panel;
CREATE TABLE kk_panel (
   panel_id int NOT NULL auto_increment,
   code varchar(128) NOT NULL,
   description varchar(255),
   date_added datetime,
   last_modified datetime,
   PRIMARY KEY (panel_id)
);

# Role to Panel table
DROP TABLE IF EXISTS kk_role_to_panel;
CREATE TABLE kk_role_to_panel (
   role_id int DEFAULT '0' NOT NULL,
   panel_id int DEFAULT '0' NOT NULL,
   can_edit int DEFAULT '0',
   can_insert int DEFAULT '0',
   can_delete int DEFAULT '0',
   custom1 int DEFAULT '0',
   custom1_desc varchar(128),
   custom2 int DEFAULT '0',
   custom2_desc varchar(128),
   custom3 int DEFAULT '0',
   custom3_desc varchar(128),
   custom4 int DEFAULT '0',
   custom4_desc varchar(128),
   custom5 int DEFAULT '0',
   custom5_desc varchar(128),
   date_added datetime,
   last_modified datetime,
   PRIMARY KEY (role_id, panel_id)
);

# Default super-administrator user = "admin@konakart.com" password = "princess"
DELETE FROM customers WHERE customers_email_address = 'admin@konakart.com' AND customers_telephone='019081';
DELETE FROM address_book WHERE entry_street_address='1 Way Street' AND entry_postcode='PostCode1';
INSERT INTO address_book (customers_id, entry_gender, entry_company, entry_firstname, entry_lastname, entry_street_address, entry_suburb, entry_postcode, entry_city, entry_state, entry_country_id, entry_zone_id) VALUES (-1, 'm', 'ACME Inc.', 'Andy', 'Admin', '1 Way Street', '', 'PostCode1', 'NeverNever', '', 223, 12);
INSERT INTO customers (customers_gender, customers_firstname, customers_lastname,customers_dob, customers_email_address, customers_default_address_id, customers_telephone, customers_fax, customers_password, customers_newsletter, customers_type) VALUES ('m', 'Andy', 'Admin', '1977-01-01 00:00:00', 'admin@konakart.com', -1, '019081', '', 'f5147fc3f6eb46e234c01db939bdb581:08', '0', 1);
INSERT INTO customers_info select customers_id , now(), 0, now(), now(), 0 FROM customers WHERE customers_email_address = 'admin@konakart.com' AND customers_telephone='019081';
UPDATE address_book SET customers_id = (select customers_id from customers WHERE customers_email_address = 'admin@konakart.com' AND customers_telephone='019081') WHERE customers_id=-1;
UPDATE customers SET customers_default_address_id = (select address_book_id FROM address_book WHERE entry_street_address='1 Way Street' AND entry_postcode='PostCode1') WHERE customers_default_address_id=-1;

# Default catalog maintainer user = "cat@konakart.com" password = "princess"
DELETE FROM customers WHERE customers_email_address = 'cat@konakart.com' AND customers_telephone='019082';
DELETE FROM address_book WHERE entry_street_address='2 Way Street' AND entry_postcode='PostCode2';
INSERT INTO address_book (customers_id, entry_gender, entry_company, entry_firstname, entry_lastname, entry_street_address, entry_suburb, entry_postcode, entry_city, entry_state, entry_country_id, entry_zone_id) VALUES (-1, 'm', 'ACME Inc.', 'Caty', 'Catalog', '2 Way Street', '', 'PostCode2', 'NeverNever', '', 223, 12);
INSERT INTO customers (customers_gender, customers_firstname, customers_lastname,customers_dob, customers_email_address, customers_default_address_id, customers_telephone, customers_fax, customers_password, customers_newsletter, customers_type) VALUES ('m', 'Caty', 'Catalog', '1977-01-01 00:00:00', 'cat@konakart.com', -1, '019082', '', 'f5147fc3f6eb46e234c01db939bdb581:08', '0', 1);
INSERT INTO customers_info SELECT customers_id , now(), 0, now(), now(), 0 FROM customers WHERE customers_email_address = 'cat@konakart.com' AND customers_telephone='019082';
UPDATE address_book SET customers_id = (SELECT customers_id FROM customers WHERE customers_email_address = 'cat@konakart.com' AND customers_telephone='019082') WHERE customers_id=-1;
UPDATE customers SET customers_default_address_id = (SELECT address_book_id FROM address_book WHERE entry_street_address='2 Way Street' AND entry_postcode='PostCode2') WHERE customers_default_address_id=-1;


# Default order maintainer user = "order@konakart.com" password = "princess"
DELETE FROM customers WHERE customers_email_address = 'order@konakart.com' and customers_telephone='019083';
DELETE FROM address_book WHERE entry_street_address='3 Way Street' and entry_postcode='PostCode3';
INSERT INTO address_book (customers_id, entry_gender, entry_company, entry_firstname, entry_lastname, entry_street_address, entry_suburb, entry_postcode, entry_city, entry_state, entry_country_id, entry_zone_id) VALUES (-1, 'm', 'ACME Inc.', 'Olly', 'Order', '3 Way Street', '', 'PostCode3', 'NeverNever', '', 223, 12);
INSERT INTO customers (customers_gender, customers_firstname, customers_lastname,customers_dob, customers_email_address, customers_default_address_id, customers_telephone, customers_fax, customers_password, customers_newsletter, customers_type) VALUES ('m', 'Olly', 'Order', '1977-01-01 00:00:00', 'order@konakart.com', -1, '019083', '', 'f5147fc3f6eb46e234c01db939bdb581:08', '0', 1);
INSERT INTO customers_info SELECT customers_id , now(), 0, now(), now(), 0 FROM customers WHERE customers_email_address = 'order@konakart.com' AND customers_telephone='019083';
UPDATE address_book SET customers_id = (SELECT customers_id FROM customers WHERE customers_email_address = 'order@konakart.com' AND customers_telephone='019083') WHERE customers_id=-1;
UPDATE customers SET customers_default_address_id = (SELECT address_book_id FROM address_book WHERE entry_street_address='3 Way Street' AND entry_postcode='PostCode3') WHERE customers_default_address_id=-1;

# Panels
DELETE FROM kk_panel;
INSERT INTO kk_panel (panel_id, code, description, date_added) VALUES (1, 'kk_panel_addressFormats','Address Formats', now());
INSERT INTO kk_panel (panel_id, code, description, date_added) VALUES (2, 'kk_panel_audit','Audit', now());
INSERT INTO kk_panel (panel_id, code, description, date_added) VALUES (3, 'kk_panel_auditConfig','AuditConfig', now());
INSERT INTO kk_panel (panel_id, code, description, date_added) VALUES (4, 'kk_panel_cache','Cache', now());
INSERT INTO kk_panel (panel_id, code, description, date_added) VALUES (5, 'kk_panel_categories','Categories', now());
INSERT INTO kk_panel (panel_id, code, description, date_added) VALUES (6, 'kk_panel_configFiles','Configuration Files', now());
INSERT INTO kk_panel (panel_id, code, description, date_added) VALUES (7, 'kk_panel_digitalDownloadConfig','Digital Downloads', now());
INSERT INTO kk_panel (panel_id, code, description, date_added) VALUES (8, 'kk_panel_countries','Countries', now());
INSERT INTO kk_panel (panel_id, code, description, date_added) VALUES (9, 'kk_panel_coupons','Coupons', now());
INSERT INTO kk_panel (panel_id, code, description, date_added) VALUES (10, 'kk_panel_couponsFromProm','Coupons For Promotions', now());
INSERT INTO kk_panel (panel_id, code, description, date_added) VALUES (11, 'kk_panel_currencies','Currencies', now());
INSERT INTO kk_panel (panel_id, code, description, date_added) VALUES (12, 'kk_panel_customerDetails','Customer Details', now());
INSERT INTO kk_panel (panel_id, code, description, date_added) VALUES (13, 'kk_panel_customerOrders','Customer Orders', now());
INSERT INTO kk_panel (panel_id, code, description, date_added) VALUES (14, 'kk_panel_customers','Customers', now());
INSERT INTO kk_panel (panel_id, code, description, date_added) VALUES (15, 'kk_panel_deleteSessions','Delete Expired Sessions', now());
INSERT INTO kk_panel (panel_id, code, description, date_added) VALUES (16, 'kk_panel_editCustomer','Edit Customer', now());
INSERT INTO kk_panel (panel_id, code, description, date_added) VALUES (17, 'kk_panel_editOrderPanel','Edit Order', now());
INSERT INTO kk_panel (panel_id, code, description, date_added) VALUES (18, 'kk_panel_editProduct','Edit Product', now());
INSERT INTO kk_panel (panel_id, code, description, date_added) VALUES (19, 'kk_panel_emailOptions','Email Options', now());
INSERT INTO kk_panel (panel_id, code, description, date_added) VALUES (20, 'kk_panel_geoZones','Geo-Zones', now());
INSERT INTO kk_panel (panel_id, code, description, date_added) VALUES (21, 'kk_panel_httpHttps','HTTP / HTTPS', now());
INSERT INTO kk_panel (panel_id, code, description, date_added) VALUES (22, 'kk_panel_images','Images', now());
INSERT INTO kk_panel (panel_id, code, description, date_added) VALUES (23, 'kk_panel_insertCustomer','Insert Customer', now());
INSERT INTO kk_panel (panel_id, code, description, date_added) VALUES (24, 'kk_panel_ipnhistory','Payment Gateway Callbacks', now());
INSERT INTO kk_panel (panel_id, code, description, date_added) VALUES (25, 'kk_panel_ipnhistoryFromOrders','Payment Status For Order', now());
INSERT INTO kk_panel (panel_id, code, description, date_added) VALUES (26, 'kk_panel_languages','Languages', now());
INSERT INTO kk_panel (panel_id, code, description, date_added) VALUES (27, 'kk_panel_logging','Logging', now());
INSERT INTO kk_panel (panel_id, code, description, date_added) VALUES (28, 'kk_panel_roleToPanels','Maintain Roles', now());
INSERT INTO kk_panel (panel_id, code, description, date_added) VALUES (29, 'kk_panel_manufacturers','Manufacturers', now());
INSERT INTO kk_panel (panel_id, code, description, date_added) VALUES (30, 'kk_panel_maximumValues','Maximum Values', now());
INSERT INTO kk_panel (panel_id, code, description, date_added) VALUES (31, 'kk_panel_minimumValues','Minimum Values', now());
INSERT INTO kk_panel (panel_id, code, description, date_added) VALUES (32, 'kk_panel_userToRoles','Map Users to Roles', now());
INSERT INTO kk_panel (panel_id, code, description, date_added) VALUES (33, 'kk_panel_orders','Orders', now());
INSERT INTO kk_panel (panel_id, code, description, date_added) VALUES (34, 'kk_panel_orderStatuses','Order Statuses', now());
INSERT INTO kk_panel (panel_id, code, description, date_added) VALUES (35, 'kk_panel_orderTotalModules','Order Total', now());
INSERT INTO kk_panel (panel_id, code, description, date_added) VALUES (36, 'kk_panel_paymentModules','Payment', now());
INSERT INTO kk_panel (panel_id, code, description, date_added) VALUES (37, 'kk_panel_prodsFromCat','Products for Categories', now());
INSERT INTO kk_panel (panel_id, code, description, date_added) VALUES (38, 'kk_panel_prodsFromManu','Products for Manufacturer', now());
INSERT INTO kk_panel (panel_id, code, description, date_added) VALUES (39, 'kk_panel_productOptions','Product Options', now());
INSERT INTO kk_panel (panel_id, code, description, date_added) VALUES (40, 'kk_panel_products','Products', now());
INSERT INTO kk_panel (panel_id, code, description, date_added) VALUES (41, 'kk_panel_promotions','Promotions', now());
INSERT INTO kk_panel (panel_id, code, description, date_added) VALUES (42, 'kk_panel_promRules','Promotion Rules', now());
INSERT INTO kk_panel (panel_id, code, description, date_added) VALUES (43, 'kk_panel_refreshCache','Refresh Config Cache', now());
INSERT INTO kk_panel (panel_id, code, description, date_added) VALUES (44, 'kk_panel_reports','Reports', now());
INSERT INTO kk_panel (panel_id, code, description, date_added) VALUES (45, 'kk_panel_reportsConfig','Reports Configuration', now());
INSERT INTO kk_panel (panel_id, code, description, date_added) VALUES (46, 'kk_panel_returns','Product Returns', now());
INSERT INTO kk_panel (panel_id, code, description, date_added) VALUES (47, 'kk_panel_returnsFromOrders','Product Returns For Order', now());
INSERT INTO kk_panel (panel_id, code, description, date_added) VALUES (48, 'kk_panel_rss','Latest News', now());
INSERT INTO kk_panel (panel_id, code, description, date_added) VALUES (49, 'kk_panel_shippingModules','Shipping', now());
INSERT INTO kk_panel (panel_id, code, description, date_added) VALUES (50, 'kk_panel_shippingPacking','Shipping / Packing', now());
INSERT INTO kk_panel (panel_id, code, description, date_added) VALUES (51, 'kk_panel_status','Status', now());
INSERT INTO kk_panel (panel_id, code, description, date_added) VALUES (52, 'kk_panel_stockAndOrders','Stock and Orders', now());
INSERT INTO kk_panel (panel_id, code, description, date_added) VALUES (53, 'kk_panel_storeConfiguration','My Store', now());
INSERT INTO kk_panel (panel_id, code, description, date_added) VALUES (54, 'kk_panel_subZones','Sub-Zones', now());
INSERT INTO kk_panel (panel_id, code, description, date_added) VALUES (55, 'kk_panel_taxAreaMapping','Tax Area Mapping', now());
INSERT INTO kk_panel (panel_id, code, description, date_added) VALUES (56, 'kk_panel_taxAreas','Tax Areas', now());
INSERT INTO kk_panel (panel_id, code, description, date_added) VALUES (57, 'kk_panel_taxAreaToZoneMapping','Tax Area to Zone Mapping', now());
INSERT INTO kk_panel (panel_id, code, description, date_added) VALUES (58, 'kk_panel_taxClasses','Tax Classes', now());
INSERT INTO kk_panel (panel_id, code, description, date_added) VALUES (59, 'kk_panel_taxRates','Tax Rates', now());
INSERT INTO kk_panel (panel_id, code, description, date_added) VALUES (60, 'kk_panel_zones','Zones', now());
INSERT INTO kk_panel (panel_id, code, description, date_added) VALUES (61, 'kk_panel_changePassword','Change Password', now());

# Roles
DELETE FROM kk_role;
INSERT INTO kk_role (role_id, name, description, date_added) VALUES (1, 'Super User','Permission to do everything to all stores', now());
INSERT INTO kk_role (role_id, name, description, date_added) VALUES (2, 'Catalog Maintenance','Permission to maintain the catalog of products', now());
INSERT INTO kk_role (role_id, name, description, date_added) VALUES (3, 'Order Maintenance','Permission to maintain the orders', now());
INSERT INTO kk_role (role_id, name, description, date_added) VALUES (4, 'Customer Maintenance','Permission to maintain the customers', now());
INSERT INTO kk_role (role_id, name, description, date_added) VALUES (5, 'Store Administrator','Permission to maintain a single store', now());

# Associate roles to panels
DELETE FROM kk_role_to_panel;

# Super User Role
INSERT INTO kk_role_to_panel (role_id, panel_id, can_edit, can_insert, can_delete, date_added) VALUES (1, 1, 1,1,1,now());
INSERT INTO kk_role_to_panel (role_id, panel_id, can_edit, can_insert, can_delete, date_added) VALUES (1, 2, 1,1,1,now());
INSERT INTO kk_role_to_panel (role_id, panel_id, can_edit, can_insert, can_delete, date_added) VALUES (1, 3, 1,1,1,now());
INSERT INTO kk_role_to_panel (role_id, panel_id, can_edit, can_insert, can_delete, date_added) VALUES (1, 4, 1,1,1,now());
INSERT INTO kk_role_to_panel (role_id, panel_id, can_edit, can_insert, can_delete, date_added) VALUES (1, 5, 1,1,1,now());
INSERT INTO kk_role_to_panel (role_id, panel_id, can_edit, can_insert, can_delete, date_added) VALUES (1, 6, 1,1,1,now());
INSERT INTO kk_role_to_panel (role_id, panel_id, can_edit, can_insert, can_delete, date_added) VALUES (1, 7, 1,1,1,now());
INSERT INTO kk_role_to_panel (role_id, panel_id, can_edit, can_insert, can_delete, date_added) VALUES (1, 8, 1,1,1,now());
INSERT INTO kk_role_to_panel (role_id, panel_id, can_edit, can_insert, can_delete, date_added) VALUES (1, 9, 1,1,1,now());
INSERT INTO kk_role_to_panel (role_id, panel_id, can_edit, can_insert, can_delete, date_added) VALUES (1, 10, 1,1,1,now());
INSERT INTO kk_role_to_panel (role_id, panel_id, can_edit, can_insert, can_delete, date_added) VALUES (1, 11, 1,1,1,now());
INSERT INTO kk_role_to_panel (role_id, panel_id, can_edit, can_insert, can_delete, date_added) VALUES (1, 12, 1,1,1,now());
INSERT INTO kk_role_to_panel (role_id, panel_id, can_edit, can_insert, can_delete, date_added) VALUES (1, 13, 1,1,1,now());
INSERT INTO kk_role_to_panel (role_id, panel_id, can_edit, can_insert, can_delete, date_added, custom1, custom1_desc, custom2, custom2_desc) VALUES (1, 14, 1,1,1,now(), 0, 'If set email is disabled', 0, 'If set cannot reset password');
INSERT INTO kk_role_to_panel (role_id, panel_id, can_edit, can_insert, can_delete, date_added) VALUES (1, 15, 1,1,1,now());
INSERT INTO kk_role_to_panel (role_id, panel_id, can_edit, can_insert, can_delete, date_added) VALUES (1, 16, 1,1,1,now());
INSERT INTO kk_role_to_panel (role_id, panel_id, can_edit, can_insert, can_delete, date_added) VALUES (1, 17, 1,1,1,now());
INSERT INTO kk_role_to_panel (role_id, panel_id, can_edit, can_insert, can_delete, date_added) VALUES (1, 18, 1,1,1,now());
INSERT INTO kk_role_to_panel (role_id, panel_id, can_edit, can_insert, can_delete, date_added) VALUES (1, 19, 1,1,1,now());
INSERT INTO kk_role_to_panel (role_id, panel_id, can_edit, can_insert, can_delete, date_added) VALUES (1, 20, 1,1,1,now());
INSERT INTO kk_role_to_panel (role_id, panel_id, can_edit, can_insert, can_delete, date_added) VALUES (1, 21, 1,1,1,now());
INSERT INTO kk_role_to_panel (role_id, panel_id, can_edit, can_insert, can_delete, date_added) VALUES (1, 22, 1,1,1,now());
INSERT INTO kk_role_to_panel (role_id, panel_id, can_edit, can_insert, can_delete, date_added) VALUES (1, 23, 1,1,1,now());
INSERT INTO kk_role_to_panel (role_id, panel_id, can_edit, can_insert, can_delete, date_added) VALUES (1, 24, 1,1,1,now());
INSERT INTO kk_role_to_panel (role_id, panel_id, can_edit, can_insert, can_delete, date_added) VALUES (1, 25, 1,1,1,now());
INSERT INTO kk_role_to_panel (role_id, panel_id, can_edit, can_insert, can_delete, date_added) VALUES (1, 26, 1,1,1,now());
INSERT INTO kk_role_to_panel (role_id, panel_id, can_edit, can_insert, can_delete, date_added) VALUES (1, 27, 1,1,1,now());
INSERT INTO kk_role_to_panel (role_id, panel_id, can_edit, can_insert, can_delete, date_added) VALUES (1, 28, 1,1,1,now());
INSERT INTO kk_role_to_panel (role_id, panel_id, can_edit, can_insert, can_delete, date_added) VALUES (1, 29, 1,1,1,now());
INSERT INTO kk_role_to_panel (role_id, panel_id, can_edit, can_insert, can_delete, date_added) VALUES (1, 30, 1,1,1,now());
INSERT INTO kk_role_to_panel (role_id, panel_id, can_edit, can_insert, can_delete, date_added) VALUES (1, 31, 1,1,1,now());
INSERT INTO kk_role_to_panel (role_id, panel_id, can_edit, can_insert, can_delete, date_added) VALUES (1, 32, 1,1,1,now());
INSERT INTO kk_role_to_panel (role_id, panel_id, can_edit, can_insert, can_delete, date_added) VALUES (1, 33, 1,1,1,now());
INSERT INTO kk_role_to_panel (role_id, panel_id, can_edit, can_insert, can_delete, date_added) VALUES (1, 34, 1,1,1,now());
INSERT INTO kk_role_to_panel (role_id, panel_id, can_edit, can_insert, can_delete, date_added) VALUES (1, 35, 1,1,1,now());
INSERT INTO kk_role_to_panel (role_id, panel_id, can_edit, can_insert, can_delete, date_added) VALUES (1, 36, 1,1,1,now());
INSERT INTO kk_role_to_panel (role_id, panel_id, can_edit, can_insert, can_delete, date_added) VALUES (1, 37, 1,1,1,now());
INSERT INTO kk_role_to_panel (role_id, panel_id, can_edit, can_insert, can_delete, date_added) VALUES (1, 38, 1,1,1,now());
INSERT INTO kk_role_to_panel (role_id, panel_id, can_edit, can_insert, can_delete, date_added) VALUES (1, 39, 1,1,1,now());
INSERT INTO kk_role_to_panel (role_id, panel_id, can_edit, can_insert, can_delete, date_added) VALUES (1, 40, 1,1,1,now());
INSERT INTO kk_role_to_panel (role_id, panel_id, can_edit, can_insert, can_delete, date_added) VALUES (1, 41, 1,1,1,now());
INSERT INTO kk_role_to_panel (role_id, panel_id, can_edit, can_insert, can_delete, date_added) VALUES (1, 42, 1,1,1,now());
INSERT INTO kk_role_to_panel (role_id, panel_id, can_edit, can_insert, can_delete, date_added) VALUES (1, 43, 1,1,1,now());
INSERT INTO kk_role_to_panel (role_id, panel_id, can_edit, can_insert, can_delete, date_added, custom1, custom1_desc) VALUES (1, 44, 1,1,1,now(), 0, 'If set reports cannot be run');
INSERT INTO kk_role_to_panel (role_id, panel_id, can_edit, can_insert, can_delete, date_added) VALUES (1, 45, 1,1,1,now());
INSERT INTO kk_role_to_panel (role_id, panel_id, can_edit, can_insert, can_delete, date_added) VALUES (1, 46, 1,1,1,now());
INSERT INTO kk_role_to_panel (role_id, panel_id, can_edit, can_insert, can_delete, date_added) VALUES (1, 47, 1,1,1,now());
INSERT INTO kk_role_to_panel (role_id, panel_id, can_edit, can_insert, can_delete, date_added) VALUES (1, 48, 1,1,1,now());
INSERT INTO kk_role_to_panel (role_id, panel_id, can_edit, can_insert, can_delete, date_added) VALUES (1, 49, 1,1,1,now());
INSERT INTO kk_role_to_panel (role_id, panel_id, can_edit, can_insert, can_delete, date_added) VALUES (1, 50, 1,1,1,now());
INSERT INTO kk_role_to_panel (role_id, panel_id, can_edit, can_insert, can_delete, date_added) VALUES (1, 51, 1,1,1,now());
INSERT INTO kk_role_to_panel (role_id, panel_id, can_edit, can_insert, can_delete, date_added) VALUES (1, 52, 1,1,1,now());
INSERT INTO kk_role_to_panel (role_id, panel_id, can_edit, can_insert, can_delete, date_added) VALUES (1, 53, 1,1,1,now());
INSERT INTO kk_role_to_panel (role_id, panel_id, can_edit, can_insert, can_delete, date_added) VALUES (1, 54, 1,1,1,now());
INSERT INTO kk_role_to_panel (role_id, panel_id, can_edit, can_insert, can_delete, date_added) VALUES (1, 55, 1,1,1,now());
INSERT INTO kk_role_to_panel (role_id, panel_id, can_edit, can_insert, can_delete, date_added) VALUES (1, 56, 1,1,1,now());
INSERT INTO kk_role_to_panel (role_id, panel_id, can_edit, can_insert, can_delete, date_added) VALUES (1, 57, 1,1,1,now());
INSERT INTO kk_role_to_panel (role_id, panel_id, can_edit, can_insert, can_delete, date_added) VALUES (1, 58, 1,1,1,now());
INSERT INTO kk_role_to_panel (role_id, panel_id, can_edit, can_insert, can_delete, date_added) VALUES (1, 59, 1,1,1,now());
INSERT INTO kk_role_to_panel (role_id, panel_id, can_edit, can_insert, can_delete, date_added) VALUES (1, 60, 1,1,1,now());
INSERT INTO kk_role_to_panel (role_id, panel_id, can_edit, can_insert, can_delete, date_added) VALUES (1, 61, 1,1,1,now());

# Catalog maintenance Role
INSERT INTO kk_role_to_panel (role_id, panel_id, can_edit, can_insert, can_delete, date_added) VALUES (2, 5, 1,1,1,now());
INSERT INTO kk_role_to_panel (role_id, panel_id, can_edit, can_insert, can_delete, date_added) VALUES (2, 9, 1,1,1,now());
INSERT INTO kk_role_to_panel (role_id, panel_id, can_edit, can_insert, can_delete, date_added) VALUES (2, 10, 1,1,1,now());
INSERT INTO kk_role_to_panel (role_id, panel_id, can_edit, can_insert, can_delete, date_added) VALUES (2, 18, 1,1,1,now());
INSERT INTO kk_role_to_panel (role_id, panel_id, can_edit, can_insert, can_delete, date_added) VALUES (2, 29, 1,1,1,now());
INSERT INTO kk_role_to_panel (role_id, panel_id, can_edit, can_insert, can_delete, date_added) VALUES (2, 37, 1,1,1,now());
INSERT INTO kk_role_to_panel (role_id, panel_id, can_edit, can_insert, can_delete, date_added) VALUES (2, 38, 1,1,1,now());
INSERT INTO kk_role_to_panel (role_id, panel_id, can_edit, can_insert, can_delete, date_added) VALUES (2, 39, 1,1,1,now());
INSERT INTO kk_role_to_panel (role_id, panel_id, can_edit, can_insert, can_delete, date_added) VALUES (2, 40, 1,1,1,now());
INSERT INTO kk_role_to_panel (role_id, panel_id, can_edit, can_insert, can_delete, date_added) VALUES (2, 41, 1,1,1,now());
INSERT INTO kk_role_to_panel (role_id, panel_id, can_edit, can_insert, can_delete, date_added) VALUES (2, 42, 1,1,1,now());
INSERT INTO kk_role_to_panel (role_id, panel_id, can_edit, can_insert, can_delete, date_added) VALUES (2, 61, 1,1,1,now());

# Order Maintenance Role
INSERT INTO kk_role_to_panel (role_id, panel_id, can_edit, can_insert, can_delete, date_added) VALUES (3, 17, 1,1,1,now());
INSERT INTO kk_role_to_panel (role_id, panel_id, can_edit, can_insert, can_delete, date_added) VALUES (3, 24, 1,1,1,now());
INSERT INTO kk_role_to_panel (role_id, panel_id, can_edit, can_insert, can_delete, date_added) VALUES (3, 25, 1,1,1,now());
INSERT INTO kk_role_to_panel (role_id, panel_id, can_edit, can_insert, can_delete, date_added) VALUES (3, 33, 1,1,1,now());
INSERT INTO kk_role_to_panel (role_id, panel_id, can_edit, can_insert, can_delete, date_added) VALUES (3, 46, 1,1,1,now());
INSERT INTO kk_role_to_panel (role_id, panel_id, can_edit, can_insert, can_delete, date_added) VALUES (3, 47, 1,1,1,now());
INSERT INTO kk_role_to_panel (role_id, panel_id, can_edit, can_insert, can_delete, date_added) VALUES (3, 61, 1,1,1,now());

# Customer Maintenance Role
INSERT INTO kk_role_to_panel (role_id, panel_id, can_edit, can_insert, can_delete, date_added) VALUES (4, 13, 1,1,1,now());
INSERT INTO kk_role_to_panel (role_id, panel_id, can_edit, can_insert, can_delete, date_added, custom1, custom1_desc, custom2, custom2_desc) VALUES (4, 14, 1,1,1,now(), 0, 'If set email is disabled', 0, 'If set cannot reset password');
INSERT INTO kk_role_to_panel (role_id, panel_id, can_edit, can_insert, can_delete, date_added) VALUES (4, 16, 1,1,1,now());
INSERT INTO kk_role_to_panel (role_id, panel_id, can_edit, can_insert, can_delete, date_added) VALUES (4, 23, 1,1,1,now());
INSERT INTO kk_role_to_panel (role_id, panel_id, can_edit, can_insert, can_delete, date_added) VALUES (4, 61, 1,1,1,now());

# Associate customers to roles
DELETE FROM kk_customers_to_role;

# Super User
INSERT INTO kk_customers_to_role (role_id, customers_id, date_added) SELECT 1, customers_id, now() FROM customers WHERE customers_email_address = 'admin@konakart.com' AND customers_telephone='019081';

# Catalog maintainer
INSERT INTO kk_customers_to_role (role_id, customers_id, date_added) SELECT 2, customers_id, now() FROM customers WHERE customers_email_address = 'cat@konakart.com' AND customers_telephone='019082';

# Order & Customer Manager
INSERT INTO kk_customers_to_role (role_id, customers_id, date_added) SELECT 3, customers_id, now() FROM customers WHERE customers_email_address = 'order@konakart.com'AND customers_telephone='019083';
INSERT INTO kk_customers_to_role (role_id, customers_id, date_added) SELECT 4, customers_id, now() FROM customers WHERE customers_email_address = 'order@konakart.com' AND customers_telephone='019083';

# Digital Download table
DROP TABLE IF EXISTS kk_digital_download;
CREATE TABLE kk_digital_download (
  products_id int DEFAULT '0' NOT NULL,
  customers_id int DEFAULT '0' NOT NULL,
  max_downloads int DEFAULT '-1',
  times_downloaded int DEFAULT '0',
  expiration_date datetime,
  date_added datetime,
  last_modified datetime,
  PRIMARY KEY (products_id, customers_id)
);

# Add extra fields to the products table
ALTER TABLE products ADD products_type int DEFAULT '0';
ALTER TABLE products ADD products_file_path varchar(255);
ALTER TABLE products ADD products_content_type varchar(128);

# Add extra field to the orders_products
ALTER TABLE orders_products ADD products_type int DEFAULT '0';

# Configuration variables for digital downloads
DELETE FROM configuration WHERE configuration_key = 'DD_BASE_PATH';
INSERT INTO configuration (configuration_title, configuration_key, configuration_value, configuration_description, configuration_group_id, sort_order, date_added) VALUES ('Digital Download Base Path', 'DD_BASE_PATH', '', 'Base path for digital download files', 19, 0, now());
DELETE FROM configuration WHERE configuration_key = 'DD_MAX_DOWNLOADS';
INSERT INTO configuration (configuration_title, configuration_key, configuration_value, configuration_description, configuration_group_id, sort_order, date_added) VALUES  ('Max Number of Downloads', 'DD_MAX_DOWNLOADS', '-1', 'Maximum number of downloads allowed from link. -1 for unlimited number.', 19, 1, now());
DELETE FROM configuration WHERE configuration_key = 'DD_MAX_DOWNLOAD_DAYS';
INSERT INTO configuration (configuration_title, configuration_key, configuration_value, configuration_description, configuration_group_id, sort_order, date_added) VALUES  ('Number of days link is valid', 'DD_MAX_DOWNLOAD_DAYS', '-1', 'The download link remains valid for this number of days. -1 for unlimited number of days', 19, 2, now());
DELETE FROM configuration WHERE configuration_key = 'DD_DELETE_ON_EXPIRATION';
INSERT INTO configuration (configuration_title, configuration_key, configuration_value, configuration_description, configuration_group_id, sort_order, set_function, date_added) VALUES ('Delete record on expiration', 'DD_DELETE_ON_EXPIRATION', 'true', 'When the download link expires, delete the database table record', 19, 3, 'tep_cfg_select_option(array(\'true\', \'false\'), ',now());
DELETE FROM configuration WHERE configuration_key = 'DD_DOWNLOAD_AS_ATTACHMENT';
INSERT INTO configuration (configuration_title, configuration_key, configuration_value, configuration_description, configuration_group_id, sort_order, set_function, date_added) VALUES ('Download as an attachment', 'DD_DOWNLOAD_AS_ATTACHMENT', 'true', 'Download the file as an attachment rather than viewing in the browser', 19, 4, 'tep_cfg_select_option(array(\'true\', \'false\'), ',now());

# Add a new order status
DELETE FROM orders_status WHERE orders_status_id = 7;
INSERT INTO orders_status(orders_status_id, language_id, orders_status_name) VALUES (7,1,'Partially Delivered');
INSERT INTO orders_status(orders_status_id, language_id, orders_status_name) VALUES (7,2,'Teilweise geliefert');
INSERT INTO orders_status(orders_status_id, language_id, orders_status_name) VALUES (7,3,'Entregado parcialmente');

# Configuration variable for enabling/disabling access to Invisible Products in the Admin App
DELETE FROM configuration WHERE configuration_key = 'SHOW_INVISIBLE_PRODUCTS_IN_ADM';
INSERT INTO configuration (configuration_title, configuration_key, configuration_value, configuration_description, configuration_group_id, sort_order, set_function, date_added) VALUES ('Show Invisible Products', 'SHOW_INVISIBLE_PRODUCTS_IN_ADM', 'true', 'Show invisible products in the Admin App', 9, 4, 'tep_cfg_select_option(array(\'true\', \'false\'), ', now());

# Add a primary key to the counter table
DROP TABLE IF EXISTS counter;
CREATE TABLE counter (
  counter_id int NOT NULL auto_increment,
  startdate char(8),
  counter int(12),
  PRIMARY KEY (counter_id)
);


# Logging configuration
INSERT INTO configuration_group VALUES ('20', 'Logging', 'Logging configuration options', '20', '1');
DELETE FROM configuration WHERE configuration_key = 'ADMIN_APP_LOGGING_LEVEL';
INSERT INTO configuration (configuration_title, configuration_key, configuration_value, configuration_description, configuration_group_id, sort_order, set_function, date_added) VALUES ('Admin App logging level', 'ADMIN_APP_LOGGING_LEVEL', '4', 'Set the logging level for the KonaKart Admin App', '20', '1', 'option(0=OFF,1=SEVERE,2=ERROR,4=WARNING,6=INFO,8=DEBUG)', now());

# Detailed eMail configurations
DELETE FROM configuration WHERE configuration_key = 'SEND_ORDER_CONF_EMAIL';
INSERT INTO configuration (configuration_title, configuration_key, configuration_value, configuration_description, configuration_group_id, sort_order, set_function, date_added) VALUES ('Send Order Confirmation E-Mails', 'SEND_ORDER_CONF_EMAIL', 'true', 'Send out an e-mail when an order is saved or state changes', '12', '8', 'tep_cfg_select_option(array(\'true\', \'false\'), ', now());
DELETE FROM configuration WHERE configuration_key = 'SEND_STOCK_REORDER_EMAIL';
INSERT INTO configuration (configuration_title, configuration_key, configuration_value, configuration_description, configuration_group_id, sort_order, set_function, date_added) VALUES ('Send Stock Reorder E-Mails', 'SEND_STOCK_REORDER_EMAIL', 'true', 'Send out an e-mail when the stock level of a product falls below a certain value', '12', '9', 'tep_cfg_select_option(array(\'true\', \'false\'), ', now());
DELETE FROM configuration WHERE configuration_key = 'SEND_WELCOME_EMAIL';
INSERT INTO configuration (configuration_title, configuration_key, configuration_value, configuration_description, configuration_group_id, sort_order, set_function, date_added) VALUES ('Send Welcome E-Mails', 'SEND_WELCOME_EMAIL', 'true', 'Send out a welcome e-mail when a customer registers to use the cart', '12', '10', 'tep_cfg_select_option(array(\'true\', \'false\'), ', now());
DELETE FROM configuration WHERE configuration_key = 'SEND_NEW_PASSWORD_EMAIL';
INSERT INTO configuration (configuration_title, configuration_key, configuration_value, configuration_description, configuration_group_id, sort_order, set_function, date_added) VALUES ('Send New Password E-Mails', 'SEND_NEW_PASSWORD_EMAIL', 'true', 'Send out an e-mail containing a new password when requested by a customer', '12', '11', 'tep_cfg_select_option(array(\'true\', \'false\'), ', now());

# Add extra image fields to product 
ALTER TABLE products ADD products_image2 varchar(64);
ALTER TABLE products ADD products_image3 varchar(64);
ALTER TABLE products ADD products_image4 varchar(64);

# Add field for comparison data to products_description
ALTER TABLE products_description ADD products_comparison text;

# Initial configuration for the Order Total Shipping Module
INSERT INTO configuration (configuration_title, configuration_key, configuration_value, configuration_description, configuration_group_id, sort_order, set_function, date_added) VALUES ('Allow Free Shipping', 'MODULE_ORDER_TOTAL_SHIPPING_FREE_SHIPPING', 'false', 'Do you want to allow free shipping?', '6', '3','tep_cfg_select_option(array(\'true\', \'false\'), ', now());
INSERT INTO configuration (configuration_title, configuration_key, configuration_value, configuration_description, configuration_group_id, sort_order, use_function, date_added) VALUES ('Free Shipping For Orders Over', 'MODULE_ORDER_TOTAL_SHIPPING_FREE_SHIPPING_OVER', '50', 'Provide free shipping for orders over the set amount.', '6', '4', 'currencies->format',now());
INSERT INTO configuration (configuration_title, configuration_key, configuration_value, configuration_description, configuration_group_id, sort_order, set_function, date_added) VALUES ('Provide Free Shipping For Orders Made', 'MODULE_ORDER_TOTAL_SHIPPING_DESTINATION', 'national', 'Provide free shipping for orders sent to the set destination.', '6', '5', 'tep_cfg_select_option(array(\'national\', \'international\', \'both\'), ', now());

# API Call table
DROP TABLE IF EXISTS kk_api_call;
CREATE TABLE kk_api_call (
   api_call_id int NOT NULL auto_increment,
   name varchar(128) NOT NULL,
   description varchar(255),
   date_added datetime,
   last_modified datetime,
   PRIMARY KEY (api_call_id)
);

# Role to API Call table
DROP TABLE IF EXISTS kk_role_to_api_call;
CREATE TABLE kk_role_to_api_call (
   role_id int DEFAULT '0' NOT NULL,
   api_call_id int DEFAULT '0' NOT NULL,
   date_added datetime,
   PRIMARY KEY (role_id, api_call_id)
);

# Add the API Call Data
DELETE FROM kk_api_call;
INSERT INTO kk_api_call (api_call_id, name, description, date_added) VALUES (1, 'deleteCurrency','', now());
INSERT INTO kk_api_call (api_call_id, name, description, date_added) VALUES (2, 'insertCurrency','', now());
INSERT INTO kk_api_call (api_call_id, name, description, date_added) VALUES (3, 'updateCurrency','', now());
INSERT INTO kk_api_call (api_call_id, name, description, date_added) VALUES (4, 'deleteOrderStatusName','', now());
INSERT INTO kk_api_call (api_call_id, name, description, date_added) VALUES (5, 'insertOrderStatusName','', now());
INSERT INTO kk_api_call (api_call_id, name, description, date_added) VALUES (6, 'insertOrderStatusNames','', now());
INSERT INTO kk_api_call (api_call_id, name, description, date_added) VALUES (7, 'updateOrderStatusName','', now());
INSERT INTO kk_api_call (api_call_id, name, description, date_added) VALUES (8, 'deleteCountry','', now());
INSERT INTO kk_api_call (api_call_id, name, description, date_added) VALUES (9, 'insertCountry','', now());
INSERT INTO kk_api_call (api_call_id, name, description, date_added) VALUES (10, 'updateCountry','', now());
INSERT INTO kk_api_call (api_call_id, name, description, date_added) VALUES (11, 'deleteLanguage','', now());
INSERT INTO kk_api_call (api_call_id, name, description, date_added) VALUES (12, 'insertLanguage','', now());
INSERT INTO kk_api_call (api_call_id, name, description, date_added) VALUES (13, 'updateLanguage','', now());
INSERT INTO kk_api_call (api_call_id, name, description, date_added) VALUES (14, 'sendEmail','', now());
INSERT INTO kk_api_call (api_call_id, name, description, date_added) VALUES (15, 'getOrdersCount','', now());
INSERT INTO kk_api_call (api_call_id, name, description, date_added) VALUES (16, 'getOrdersLite','', now());
INSERT INTO kk_api_call (api_call_id, name, description, date_added) VALUES (17, 'getOrders','', now());
INSERT INTO kk_api_call (api_call_id, name, description, date_added) VALUES (18, 'getOrderForOrderId','', now());
INSERT INTO kk_api_call (api_call_id, name, description, date_added) VALUES (19, 'getOrderForOrderIdAndLangId','', now());
INSERT INTO kk_api_call (api_call_id, name, description, date_added) VALUES (20, 'getOrdersCreatedSince','', now());
INSERT INTO kk_api_call (api_call_id, name, description, date_added) VALUES (21, 'updateOrderStatus','', now());
INSERT INTO kk_api_call (api_call_id, name, description, date_added) VALUES (22, 'getHtml','', now());
INSERT INTO kk_api_call (api_call_id, name, description, date_added) VALUES (23, 'getCustomersCount','', now());
INSERT INTO kk_api_call (api_call_id, name, description, date_added) VALUES (24, 'getCustomersCountWhoHaventPlacedAnOrderSince','', now());
INSERT INTO kk_api_call (api_call_id, name, description, date_added) VALUES (25, 'getCustomersCountWhoHavePlacedAnOrderSince','', now());
INSERT INTO kk_api_call (api_call_id, name, description, date_added) VALUES (26, 'updateCustomer','', now());
INSERT INTO kk_api_call (api_call_id, name, description, date_added) VALUES (27, 'deleteCustomer','', now());
INSERT INTO kk_api_call (api_call_id, name, description, date_added) VALUES (28, 'deleteOrder','', now());
INSERT INTO kk_api_call (api_call_id, name, description, date_added) VALUES (29, 'getCustomers','', now());
INSERT INTO kk_api_call (api_call_id, name, description, date_added) VALUES (30, 'getCustomersLite','', now());
INSERT INTO kk_api_call (api_call_id, name, description, date_added) VALUES (31, 'getCustomerForId','', now());
INSERT INTO kk_api_call (api_call_id, name, description, date_added) VALUES (32, 'deleteTaxRate','', now());
INSERT INTO kk_api_call (api_call_id, name, description, date_added) VALUES (33, 'insertTaxRate','', now());
INSERT INTO kk_api_call (api_call_id, name, description, date_added) VALUES (34, 'updateTaxRate','', now());
INSERT INTO kk_api_call (api_call_id, name, description, date_added) VALUES (35, 'deleteZone','', now());
INSERT INTO kk_api_call (api_call_id, name, description, date_added) VALUES (36, 'insertZone','', now());
INSERT INTO kk_api_call (api_call_id, name, description, date_added) VALUES (37, 'updateZone','', now());
INSERT INTO kk_api_call (api_call_id, name, description, date_added) VALUES (38, 'deleteTaxClass','', now());
INSERT INTO kk_api_call (api_call_id, name, description, date_added) VALUES (39, 'insertTaxClass','', now());
INSERT INTO kk_api_call (api_call_id, name, description, date_added) VALUES (40, 'updateTaxClass','', now());
INSERT INTO kk_api_call (api_call_id, name, description, date_added) VALUES (41, 'deleteAddressFormat','', now());
INSERT INTO kk_api_call (api_call_id, name, description, date_added) VALUES (42, 'insertAddressFormat','', now());
INSERT INTO kk_api_call (api_call_id, name, description, date_added) VALUES (43, 'updateAddressFormat','', now());
INSERT INTO kk_api_call (api_call_id, name, description, date_added) VALUES (44, 'deleteGeoZone','', now());
INSERT INTO kk_api_call (api_call_id, name, description, date_added) VALUES (45, 'insertGeoZone','', now());
INSERT INTO kk_api_call (api_call_id, name, description, date_added) VALUES (46, 'updateGeoZone','', now());
INSERT INTO kk_api_call (api_call_id, name, description, date_added) VALUES (47, 'deleteSubZone','', now());
INSERT INTO kk_api_call (api_call_id, name, description, date_added) VALUES (48, 'insertSubZone','', now());
INSERT INTO kk_api_call (api_call_id, name, description, date_added) VALUES (49, 'updateSubZone','', now());
INSERT INTO kk_api_call (api_call_id, name, description, date_added) VALUES (50, 'getConfigurationInfo','', now());
INSERT INTO kk_api_call (api_call_id, name, description, date_added) VALUES (51, 'getConfigurationsByGroup','', now());
INSERT INTO kk_api_call (api_call_id, name, description, date_added) VALUES (52, 'saveConfigs','', now());
INSERT INTO kk_api_call (api_call_id, name, description, date_added) VALUES (53, 'insertConfigs','', now());
INSERT INTO kk_api_call (api_call_id, name, description, date_added) VALUES (54, 'removeConfigs','', now());
INSERT INTO kk_api_call (api_call_id, name, description, date_added) VALUES (55, 'getModules','', now());
INSERT INTO kk_api_call (api_call_id, name, description, date_added) VALUES (56, 'registerCustomer','', now());
INSERT INTO kk_api_call (api_call_id, name, description, date_added) VALUES (57, 'resetCustomerPassword','', now());
INSERT INTO kk_api_call (api_call_id, name, description, date_added) VALUES (58, 'changePassword','', now());
INSERT INTO kk_api_call (api_call_id, name, description, date_added) VALUES (59, 'insertProduct','', now());
INSERT INTO kk_api_call (api_call_id, name, description, date_added) VALUES (60, 'editProduct','', now());
INSERT INTO kk_api_call (api_call_id, name, description, date_added) VALUES (61, 'getProduct','', now());
INSERT INTO kk_api_call (api_call_id, name, description, date_added) VALUES (62, 'searchForProducts','', now());
INSERT INTO kk_api_call (api_call_id, name, description, date_added) VALUES (63, 'deleteProduct','', now());
INSERT INTO kk_api_call (api_call_id, name, description, date_added) VALUES (64, 'deleteCategoryTree','', now());
INSERT INTO kk_api_call (api_call_id, name, description, date_added) VALUES (65, 'deleteSingleCategory','', now());
INSERT INTO kk_api_call (api_call_id, name, description, date_added) VALUES (66, 'editCategory','', now());
INSERT INTO kk_api_call (api_call_id, name, description, date_added) VALUES (67, 'insertCategory','', now());
INSERT INTO kk_api_call (api_call_id, name, description, date_added) VALUES (68, 'moveCategory','', now());
INSERT INTO kk_api_call (api_call_id, name, description, date_added) VALUES (69, 'deleteManufacturer','', now());
INSERT INTO kk_api_call (api_call_id, name, description, date_added) VALUES (70, 'editManufacturer','', now());
INSERT INTO kk_api_call (api_call_id, name, description, date_added) VALUES (71, 'insertManufacturer','', now());
INSERT INTO kk_api_call (api_call_id, name, description, date_added) VALUES (72, 'deleteReview','', now());
INSERT INTO kk_api_call (api_call_id, name, description, date_added) VALUES (73, 'editReview','', now());
INSERT INTO kk_api_call (api_call_id, name, description, date_added) VALUES (74, 'getAllReviews','', now());
INSERT INTO kk_api_call (api_call_id, name, description, date_added) VALUES (75, 'getReview','', now());
INSERT INTO kk_api_call (api_call_id, name, description, date_added) VALUES (76, 'getReviewsPerProduct','', now());
INSERT INTO kk_api_call (api_call_id, name, description, date_added) VALUES (77, 'insertReview','', now());
INSERT INTO kk_api_call (api_call_id, name, description, date_added) VALUES (78, 'insertSpecial','', now());
INSERT INTO kk_api_call (api_call_id, name, description, date_added) VALUES (79, 'getSpecial','', now());
INSERT INTO kk_api_call (api_call_id, name, description, date_added) VALUES (80, 'deleteSpecial','', now());
INSERT INTO kk_api_call (api_call_id, name, description, date_added) VALUES (81, 'editSpecial','', now());
INSERT INTO kk_api_call (api_call_id, name, description, date_added) VALUES (82, 'getAllSpecials','', now());
INSERT INTO kk_api_call (api_call_id, name, description, date_added) VALUES (83, 'getSpecialsPerCategory','', now());
INSERT INTO kk_api_call (api_call_id, name, description, date_added) VALUES (84, 'deleteProductOptions','', now());
INSERT INTO kk_api_call (api_call_id, name, description, date_added) VALUES (85, 'deleteProductOptionValues','', now());
INSERT INTO kk_api_call (api_call_id, name, description, date_added) VALUES (86, 'getProductOptionsPerId','', now());
INSERT INTO kk_api_call (api_call_id, name, description, date_added) VALUES (87, 'getProductOptionValuesPerId','', now());
INSERT INTO kk_api_call (api_call_id, name, description, date_added) VALUES (88, 'insertProductOption','', now());
INSERT INTO kk_api_call (api_call_id, name, description, date_added) VALUES (89, 'editProductOption','', now());
INSERT INTO kk_api_call (api_call_id, name, description, date_added) VALUES (90, 'insertProductOptionValue','', now());
INSERT INTO kk_api_call (api_call_id, name, description, date_added) VALUES (91, 'editProductOptionValue','', now());
INSERT INTO kk_api_call (api_call_id, name, description, date_added) VALUES (92, 'getNextProductOptionId','', now());
INSERT INTO kk_api_call (api_call_id, name, description, date_added) VALUES (93, 'getNextProductOptionValuesId','', now());
INSERT INTO kk_api_call (api_call_id, name, description, date_added) VALUES (94, 'getProductAttributesPerProduct','', now());
INSERT INTO kk_api_call (api_call_id, name, description, date_added) VALUES (95, 'deleteProductAttribute','', now());
INSERT INTO kk_api_call (api_call_id, name, description, date_added) VALUES (96, 'deleteProductAttributesPerProduct','', now());
INSERT INTO kk_api_call (api_call_id, name, description, date_added) VALUES (97, 'editProductAttribute','', now());
INSERT INTO kk_api_call (api_call_id, name, description, date_added) VALUES (98, 'insertProductAttribute','', now());
INSERT INTO kk_api_call (api_call_id, name, description, date_added) VALUES (99, 'insertProductOptionValues','', now());
INSERT INTO kk_api_call (api_call_id, name, description, date_added) VALUES (100, 'insertProductOptions','', now());
INSERT INTO kk_api_call (api_call_id, name, description, date_added) VALUES (101, 'checkSession','', now());
INSERT INTO kk_api_call (api_call_id, name, description, date_added) VALUES (102, 'searchForIpnHistory','', now());
INSERT INTO kk_api_call (api_call_id, name, description, date_added) VALUES (103, 'deleteExpiredSessions','', now());
INSERT INTO kk_api_call (api_call_id, name, description, date_added) VALUES (104, 'getConfigFiles','', now());
INSERT INTO kk_api_call (api_call_id, name, description, date_added) VALUES (105, 'getReports','', now());
INSERT INTO kk_api_call (api_call_id, name, description, date_added) VALUES (106, 'reloadReports','', now());
INSERT INTO kk_api_call (api_call_id, name, description, date_added) VALUES (107, 'getFileContents','', now());
INSERT INTO kk_api_call (api_call_id, name, description, date_added) VALUES (108, 'saveFileContents','', now());
INSERT INTO kk_api_call (api_call_id, name, description, date_added) VALUES (109, 'deleteFile','', now());
INSERT INTO kk_api_call (api_call_id, name, description, date_added) VALUES (110, 'addCategoriesToPromotion','', now());
INSERT INTO kk_api_call (api_call_id, name, description, date_added) VALUES (111, 'addCouponsToPromotion','', now());
INSERT INTO kk_api_call (api_call_id, name, description, date_added) VALUES (112, 'addPromotionsToCoupon','', now());
INSERT INTO kk_api_call (api_call_id, name, description, date_added) VALUES (113, 'addCustomersToPromotion','', now());
INSERT INTO kk_api_call (api_call_id, name, description, date_added) VALUES (114, 'addCustomersToPromotionPerOrdersMade','', now());
INSERT INTO kk_api_call (api_call_id, name, description, date_added) VALUES (115, 'addManufacturersToPromotion','', now());
INSERT INTO kk_api_call (api_call_id, name, description, date_added) VALUES (116, 'addProductsToPromotion','', now());
INSERT INTO kk_api_call (api_call_id, name, description, date_added) VALUES (117, 'deletePromotion','', now());
INSERT INTO kk_api_call (api_call_id, name, description, date_added) VALUES (118, 'deleteCoupon','', now());
INSERT INTO kk_api_call (api_call_id, name, description, date_added) VALUES (119, 'editCoupon','', now());
INSERT INTO kk_api_call (api_call_id, name, description, date_added) VALUES (120, 'editPromotion','', now());
INSERT INTO kk_api_call (api_call_id, name, description, date_added) VALUES (121, 'getCouponsPerPromotion','', now());
INSERT INTO kk_api_call (api_call_id, name, description, date_added) VALUES (122, 'getCoupons','', now());
INSERT INTO kk_api_call (api_call_id, name, description, date_added) VALUES (123, 'getCategoriesPerPromotion','', now());
INSERT INTO kk_api_call (api_call_id, name, description, date_added) VALUES (124, 'getManufacturersPerPromotion','', now());
INSERT INTO kk_api_call (api_call_id, name, description, date_added) VALUES (125, 'getProductsPerPromotion','', now());
INSERT INTO kk_api_call (api_call_id, name, description, date_added) VALUES (126, 'getPromotion','', now());
INSERT INTO kk_api_call (api_call_id, name, description, date_added) VALUES (127, 'getPromotions','', now());
INSERT INTO kk_api_call (api_call_id, name, description, date_added) VALUES (128, 'getPromotionsCount','', now());
INSERT INTO kk_api_call (api_call_id, name, description, date_added) VALUES (129, 'getPromotionsPerCoupon','', now());
INSERT INTO kk_api_call (api_call_id, name, description, date_added) VALUES (130, 'insertCouponForPromotion','', now());
INSERT INTO kk_api_call (api_call_id, name, description, date_added) VALUES (131, 'insertCoupon','', now());
INSERT INTO kk_api_call (api_call_id, name, description, date_added) VALUES (132, 'insertPromotion','', now());
INSERT INTO kk_api_call (api_call_id, name, description, date_added) VALUES (133, 'removeCategoriesFromPromotion','', now());
INSERT INTO kk_api_call (api_call_id, name, description, date_added) VALUES (134, 'removeCouponsFromPromotion','', now());
INSERT INTO kk_api_call (api_call_id, name, description, date_added) VALUES (135, 'removePromotionsFromCoupon','', now());
INSERT INTO kk_api_call (api_call_id, name, description, date_added) VALUES (136, 'removeCustomersFromPromotion','', now());
INSERT INTO kk_api_call (api_call_id, name, description, date_added) VALUES (137, 'removeManufacturersFromPromotion','', now());
INSERT INTO kk_api_call (api_call_id, name, description, date_added) VALUES (138, 'removeProductsFromPromotion','', now());
INSERT INTO kk_api_call (api_call_id, name, description, date_added) VALUES (139, 'getRelatedProducts','', now());
INSERT INTO kk_api_call (api_call_id, name, description, date_added) VALUES (140, 'removeRelatedProducts','', now());
INSERT INTO kk_api_call (api_call_id, name, description, date_added) VALUES (141, 'addRelatedProducts','', now());
INSERT INTO kk_api_call (api_call_id, name, description, date_added) VALUES (142, 'readFromUrl','', now());
INSERT INTO kk_api_call (api_call_id, name, description, date_added) VALUES (143, 'editOrderReturn','', now());
INSERT INTO kk_api_call (api_call_id, name, description, date_added) VALUES (144, 'insertOrderReturn','', now());
INSERT INTO kk_api_call (api_call_id, name, description, date_added) VALUES (145, 'deleteOrderReturn','', now());
INSERT INTO kk_api_call (api_call_id, name, description, date_added) VALUES (146, 'getOrderReturns','', now());
INSERT INTO kk_api_call (api_call_id, name, description, date_added) VALUES (147, 'getSku','', now());
INSERT INTO kk_api_call (api_call_id, name, description, date_added) VALUES (148, 'getSkus','', now());
INSERT INTO kk_api_call (api_call_id, name, description, date_added) VALUES (149, 'doesCustomerExistForEmail','', now());
INSERT INTO kk_api_call (api_call_id, name, description, date_added) VALUES (150, 'getAuditData','', now());
INSERT INTO kk_api_call (api_call_id, name, description, date_added) VALUES (151, 'deleteAuditData','', now());
INSERT INTO kk_api_call (api_call_id, name, description, date_added) VALUES (152, 'getRolesPerSessionId','', now());
INSERT INTO kk_api_call (api_call_id, name, description, date_added) VALUES (153, 'getRolesPerUser','', now());
INSERT INTO kk_api_call (api_call_id, name, description, date_added) VALUES (154, 'addRolesToUser','', now());
INSERT INTO kk_api_call (api_call_id, name, description, date_added) VALUES (155, 'removeRolesFromUser','', now());
INSERT INTO kk_api_call (api_call_id, name, description, date_added) VALUES (156, 'removePanelsFromRole','', now());
INSERT INTO kk_api_call (api_call_id, name, description, date_added) VALUES (157, 'removeApiCallsFromRole','', now());
INSERT INTO kk_api_call (api_call_id, name, description, date_added) VALUES (158, 'addPanelsToRole','', now());
INSERT INTO kk_api_call (api_call_id, name, description, date_added) VALUES (159, 'addApiCallsToRole','', now());
INSERT INTO kk_api_call (api_call_id, name, description, date_added) VALUES (160, 'getPanelsPerRole','', now());
INSERT INTO kk_api_call (api_call_id, name, description, date_added) VALUES (161, 'getApiCallsPerRole','', now());
INSERT INTO kk_api_call (api_call_id, name, description, date_added) VALUES (162, 'getAllPanels','', now());
INSERT INTO kk_api_call (api_call_id, name, description, date_added) VALUES (163, 'getAllApiCalls','', now());
INSERT INTO kk_api_call (api_call_id, name, description, date_added) VALUES (164, 'getAllRoles','', now());
INSERT INTO kk_api_call (api_call_id, name, description, date_added) VALUES (165, 'editRole','', now());
INSERT INTO kk_api_call (api_call_id, name, description, date_added) VALUES (166, 'insertRole','', now());
INSERT INTO kk_api_call (api_call_id, name, description, date_added) VALUES (167, 'deleteRole','', now());
INSERT INTO kk_api_call (api_call_id, name, description, date_added) VALUES (168, 'deletePanel','', now());
INSERT INTO kk_api_call (api_call_id, name, description, date_added) VALUES (169, 'deleteApiCall','', now());
INSERT INTO kk_api_call (api_call_id, name, description, date_added) VALUES (170, 'editPanel','', now());
INSERT INTO kk_api_call (api_call_id, name, description, date_added) VALUES (171, 'editApiCall','', now());
INSERT INTO kk_api_call (api_call_id, name, description, date_added) VALUES (172, 'getPanel','', now());
INSERT INTO kk_api_call (api_call_id, name, description, date_added) VALUES (173, 'getApiCall','', now());
INSERT INTO kk_api_call (api_call_id, name, description, date_added) VALUES (174, 'getRole','', now());
INSERT INTO kk_api_call (api_call_id, name, description, date_added) VALUES (175, 'insertPanel','', now());
INSERT INTO kk_api_call (api_call_id, name, description, date_added) VALUES (176, 'insertApiCall','', now());
INSERT INTO kk_api_call (api_call_id, name, description, date_added) VALUES (177, 'insertDigitalDownload','', now());

# Variable for enabling / disabling API Call Security
DELETE FROM configuration WHERE configuration_key = 'API_CALL_SECURITY';
INSERT INTO configuration (configuration_title, configuration_key, configuration_value, configuration_description, configuration_group_id, sort_order, set_function, date_added) VALUES ('Enable Security on API Calls', 'API_CALL_SECURITY', 'false', 'Do you want to enable security on API calls ?', '18', '5','tep_cfg_select_option(array(\'true\', \'false\'), ' , now());

# KonaKart Mail Properties file location
DELETE FROM configuration WHERE configuration_key = 'KONAKART_MAIL_PROPERTIES_FILE';
INSERT INTO configuration (configuration_title, configuration_key, configuration_value, configuration_description, configuration_group_id, sort_order, date_added) VALUES ('KonaKart mail properties filename', 'KONAKART_MAIL_PROPERTIES_FILE', 'C:/Program Files/KonaKart/conf/konakart_mail.properties', 'Location of the KonaKart mail properties file', '12', '8', now());

# Log file location 
DELETE FROM configuration WHERE configuration_key = 'KONAKART_LOG_FILE_DIRECTORY';
INSERT INTO configuration (configuration_title, configuration_key, configuration_value, configuration_description, configuration_group_id, sort_order, date_added) VALUES ('KonaKart Log file Directory', 'KONAKART_LOG_FILE_DIRECTORY', 'C:/Program Files/KonaKart/logs', 'The location where KonaKart will write diagnostic log files', '20', '2', now());

# Extend the size of the country_name columns to match countries table
ALTER TABLE orders MODIFY customers_country VARCHAR(64);
ALTER TABLE orders MODIFY billing_country VARCHAR(64);
ALTER TABLE orders MODIFY delivery_country VARCHAR(64);

# Extend the size of the products_model column to match products table
ALTER TABLE orders_products MODIFY products_model VARCHAR(64);

# Do not allow checkout without registration by default
UPDATE configuration SET configuration_value = 'false', configuration_description='This allows checkout without registration only when one page checkout is enabled' WHERE configuration_key = 'ALLOW_CHECKOUT_WITHOUT_REGISTRATION';

# Add a new panel
INSERT INTO kk_panel (panel_id, code, description, date_added) VALUES (62, 'kk_panel_communications','Customer Communications', now());
INSERT INTO kk_role_to_panel (role_id, panel_id, can_edit, can_insert, can_delete, date_added) VALUES (1, 62, 1,1,1,now());
INSERT INTO kk_role_to_panel (role_id, panel_id, can_edit, can_insert, can_delete, date_added) VALUES (4, 62, 1,1,1,now());

# New API calls
INSERT INTO kk_api_call (api_call_id, name, description, date_added) VALUES (178, 'sendTemplateEmailToCustomers1','', now());
INSERT INTO kk_api_call (api_call_id, name, description, date_added) VALUES (179, 'insertProductNotification','', now());
INSERT INTO kk_api_call (api_call_id, name, description, date_added) VALUES (180, 'deleteProductNotification','', now());
INSERT INTO kk_api_call (api_call_id, name, description, date_added) VALUES (181, 'getCustomerForEmail','', now());

# Number of concurrent eMail sending threads to use for sending out the newsletter
DELETE FROM configuration WHERE configuration_key = 'EMAIL_THREADS';
INSERT INTO configuration (configuration_title, configuration_key, configuration_value, configuration_description, configuration_group_id, sort_order, date_added) VALUES ('Number of email sender threads', 'EMAIL_THREADS', '5', 'Number of concurrent threads used to send newsletter eMails', '12', '15', now());

# Addition of custom fields to orders_products and customers_basket

ALTER TABLE orders_products ADD COLUMN custom1 varchar(128);
ALTER TABLE orders_products ADD COLUMN custom2 varchar(128);
ALTER TABLE orders_products ADD COLUMN custom3 varchar(128);
ALTER TABLE orders_products ADD COLUMN custom4 varchar(128);
ALTER TABLE orders_products ADD COLUMN custom5 varchar(128);

ALTER TABLE customers_basket ADD COLUMN custom1 varchar(128);
ALTER TABLE customers_basket ADD COLUMN custom2 varchar(128);
ALTER TABLE customers_basket ADD COLUMN custom3 varchar(128);
ALTER TABLE customers_basket ADD COLUMN custom4 varchar(128);
ALTER TABLE customers_basket ADD COLUMN custom5 varchar(128);

# Customer group
DROP TABLE IF EXISTS kk_customer_group;
CREATE TABLE kk_customer_group (
   customer_group_id int DEFAULT '0' NOT NULL,
   language_id int DEFAULT '1' NOT NULL,
   name varchar(64) NOT NULL,
   description varchar(128),
   date_added datetime,
   last_modified datetime,
   PRIMARY KEY (customer_group_id, language_id)
);

ALTER TABLE customers ADD COLUMN customers_group_id int default '-1';
ALTER TABLE promotion ADD COLUMN customer_group_rule int default '0';

DROP TABLE IF EXISTS promotion_to_cust_group;
CREATE TABLE promotion_to_cust_group (
  promotion_id int NOT NULL,
  customers_group_id int NOT NULL,
  PRIMARY KEY (promotion_id,customers_group_id)
);

# Addition of custom fields to customer group

ALTER TABLE kk_customer_group ADD COLUMN custom1 varchar(128);
ALTER TABLE kk_customer_group ADD COLUMN custom2 varchar(128);
ALTER TABLE kk_customer_group ADD COLUMN custom3 varchar(128);
ALTER TABLE kk_customer_group ADD COLUMN custom4 varchar(128);
ALTER TABLE kk_customer_group ADD COLUMN custom5 varchar(128);

# Addition of price_id to customer group

ALTER TABLE kk_customer_group ADD COLUMN price_id int default '0';

# Addition of new price fields to product and order product

ALTER TABLE products ADD COLUMN products_price_1 decimal(15,4);
ALTER TABLE products ADD COLUMN products_price_2 decimal(15,4);
ALTER TABLE products ADD COLUMN products_price_3 decimal(15,4);

ALTER TABLE orders_products ADD COLUMN products_price_0 decimal(15,4);
ALTER TABLE orders_products ADD COLUMN products_price_1 decimal(15,4);
ALTER TABLE orders_products ADD COLUMN products_price_2 decimal(15,4);
ALTER TABLE orders_products ADD COLUMN products_price_3 decimal(15,4);

ALTER TABLE products_attributes ADD COLUMN options_values_price_1 decimal(15,4);
ALTER TABLE products_attributes ADD COLUMN options_values_price_2 decimal(15,4);
ALTER TABLE products_attributes ADD COLUMN options_values_price_3 decimal(15,4);

# Add a new customer group panel
INSERT INTO kk_panel (panel_id, code, description, date_added) VALUES (63, 'kk_panel_custGroups','Customer Groups', now());
INSERT INTO kk_role_to_panel (role_id, panel_id, can_edit, can_insert, can_delete, date_added) VALUES (1, 63, 1,1,1,now());
INSERT INTO kk_role_to_panel (role_id, panel_id, can_edit, can_insert, can_delete, date_added) VALUES (4, 63, 1,1,1,now());

# Address format template for address in admin app
DELETE FROM configuration WHERE configuration_key = 'ADMIN_APP_ADDRESS_FORMAT';
INSERT INTO configuration (configuration_title, configuration_key, configuration_value, configuration_description, configuration_group_id, sort_order, date_added) VALUES ('Address Format for Admin App', 'ADMIN_APP_ADDRESS_FORMAT', '$street $street1 $suburb $city $state $country', 'How the address is formatted in the customers panel', '21', '0', now());

# Add a new configuration panel
INSERT INTO kk_panel (panel_id, code, description, date_added) VALUES (64, 'kk_panel_adminAppConfig','Configure Admin App', now());
INSERT INTO kk_role_to_panel (role_id, panel_id, can_edit, can_insert, can_delete, date_added) VALUES (1, 64, 1,1,1,now());

# Config variables for Admin customer login
DELETE FROM configuration WHERE configuration_key = 'ADMIN_APP_LOGIN_BASE_URL';
INSERT INTO configuration (configuration_title, configuration_key, configuration_value, configuration_description, configuration_group_id, sort_order, date_added) VALUES ('Base URL for logging into the App', 'ADMIN_APP_LOGIN_BASE_URL', 'https://localhost:8443/konakart/AdminLoginSubmit.do', 'Base URL for logging into the App from the Admin App', '21', '1', now());

DELETE FROM configuration WHERE configuration_key = 'ADMIN_APP_LOGIN_WINDOW_FEATURES';
INSERT INTO configuration (configuration_title, configuration_key, configuration_value, configuration_description, configuration_group_id, sort_order, date_added) VALUES ('Window features', 'ADMIN_APP_LOGIN_WINDOW_FEATURES', 'resizable=yes,scrollbars=yes,status=yes,toolbar=yes,location=yes', 'Comma separated features for the application window opened by the login feature of the admin app', '21', '2', now());

# New API calls
INSERT INTO kk_api_call (api_call_id, name, description, date_added) VALUES (182, 'removeCustomerGroupsFromPromotion','', now());
INSERT INTO kk_api_call (api_call_id, name, description, date_added) VALUES (183, 'addCustomerGroupsToPromotion','', now());
INSERT INTO kk_api_call (api_call_id, name, description, date_added) VALUES (184, 'getCustomerGroupsPerPromotion','', now());
INSERT INTO kk_api_call (api_call_id, name, description, date_added) VALUES (185, 'insertCustomerGroup','', now());
INSERT INTO kk_api_call (api_call_id, name, description, date_added) VALUES (186, 'updateCustomerGroup','', now());
INSERT INTO kk_api_call (api_call_id, name, description, date_added) VALUES (187, 'deleteCustomerGroup','', now());
INSERT INTO kk_api_call (api_call_id, name, description, date_added) VALUES (188, 'getCustomerGroups','', now());
INSERT INTO kk_api_call (api_call_id, name, description, date_added) VALUES (189, 'editOrder','', now());

# Login integration class
DELETE FROM configuration WHERE configuration_key = 'LOGIN_INTEGRATION_CLASS';
INSERT INTO configuration (configuration_title, configuration_key, configuration_value, configuration_description, configuration_group_id, sort_order, date_added) VALUES ('Login Integration Class', 'LOGIN_INTEGRATION_CLASS','com.konakart.bl.LoginIntegrationMgr','The Login Integration Implementation Class, to allow custom credential checking', '18', '6', now());
DELETE FROM configuration WHERE configuration_key = 'ADMIN_LOGIN_INTEGRATION_CLASS';
INSERT INTO configuration (configuration_title, configuration_key, configuration_value, configuration_description, configuration_group_id, sort_order, date_added) VALUES ('Admin Login Integration Class', 'ADMIN_LOGIN_INTEGRATION_CLASS','com.konakartadmin.bl.AdminLoginIntegrationMgr','The Login Integration Implementation Class, to allow custom credential checking for the Admin App', '18', '7', now());

# Add two custom privileges to the Orders screen for restricting access to PackingList and Invoice buttons
UPDATE kk_role_to_panel SET custom1=0, custom1_desc='If set packing list button not shown', custom2=0, custom2_desc='If set invoice button not shown' WHERE role_id=1 and panel_id=33;
UPDATE kk_role_to_panel SET custom1=0, custom1_desc='If set packing list button not shown', custom2=0, custom2_desc='If set invoice button not shown' WHERE role_id=3 and panel_id=33;

# Config variables for Admin search definitions
DELETE FROM configuration WHERE configuration_key = 'ADMIN_APP_ADD_WILDCARD_BEFORE';
INSERT INTO configuration (configuration_title, configuration_key, configuration_value, configuration_description, configuration_group_id, sort_order, set_function, date_added) VALUES ('Add wildcard search before text', 'ADMIN_APP_ADD_WILDCARD_BEFORE', 'true', 'When set to true, a wildcard search character is added before the specified text', '21', '10', 'tep_cfg_select_option(array(\'true\', \'false\'), ', now());
DELETE FROM configuration WHERE configuration_key = 'ADMIN_APP_ADD_WILDCARD_AFTER';
INSERT INTO configuration (configuration_title, configuration_key, configuration_value, configuration_description, configuration_group_id, sort_order, set_function, date_added) VALUES ('Add wildcard search after text', 'ADMIN_APP_ADD_WILDCARD_AFTER', 'true', 'When set to true, a wildcard search character is added after the specified text', '21', '11', 'tep_cfg_select_option(array(\'true\', \'false\'), ', now());

# v2.2.5.0 -------------------------------------------------------------------------------------------------------

# Customer Panel Custom Command Definitions
DELETE FROM configuration WHERE configuration_key = 'ADMIN_APP_CUST_CUSTOM_LABEL';
INSERT INTO configuration (configuration_title, configuration_key, configuration_value, configuration_description, configuration_group_id, sort_order, date_added) VALUES ('Customer Custom Button Label', 'ADMIN_APP_CUST_CUSTOM_LABEL', '', 'When this is set, a custom button appears on the customer panel with this label', '21', '20', now());
DELETE FROM configuration WHERE configuration_key = 'ADMIN_APP_CUST_CUSTOM_URL';
INSERT INTO configuration (configuration_title, configuration_key, configuration_value, configuration_description, configuration_group_id, sort_order, date_added) VALUES ('Customer Custom Button URL', 'ADMIN_APP_CUST_CUSTOM_URL', 'http://www.konakart.com', 'The URL that is launched when the Customer Custom button is clicked', '21', '21', now());

# Default Customer Panel Search Definition
DELETE FROM configuration WHERE configuration_key = 'ADMIN_APP_DEFAULT_CUST_CHOICE_IDX';
INSERT INTO configuration (configuration_title, configuration_key, configuration_value, configuration_description, configuration_group_id, sort_order, set_function, date_added) VALUES ('Default Customer Choice', 'ADMIN_APP_DEFAULT_CUST_CHOICE_IDX', 0, 'Sets the default customer choice droplist on the Customer Panel', '21', '22', 'CustomerChoices', now());

# Default Customer Group Search Definition
DELETE FROM configuration WHERE configuration_key = 'ADMIN_APP_DEFAULT_CUST_GROUP_IDX';
INSERT INTO configuration (configuration_title, configuration_key, configuration_value, configuration_description, configuration_group_id, sort_order, set_function, date_added) VALUES ('Default Customer Group', 'ADMIN_APP_DEFAULT_CUST_GROUP_IDX', 0, 'Sets the default customer group droplist on the Customer Panel', '21', '22', 'CustomerGroups', now());

# Add the custom3 privilege to enable/disable the customer search options on the Customer panel
UPDATE kk_role_to_panel SET custom3=0, custom3_desc='If set customer search droplists are disabled' WHERE panel_id=14;

# Set customer type to 0 (customer) for all customers with null customer types
UPDATE customers SET customers_type=0 WHERE customers_type is null;

# v2.2.6.0 -------------------------------------------------------------------------------------------------------

# Add attributes for supporting bundles
ALTER TABLE products_to_products ADD COLUMN products_options varchar(128);
ALTER TABLE products_to_products ADD COLUMN products_quantity int;

# New API calls
INSERT INTO kk_api_call (api_call_id, name, description, date_added) VALUES (190, 'getBundleProductDetails','', now());
INSERT INTO kk_api_call (api_call_id, name, description, date_added) VALUES (191, 'customSecure','', now());

# Insert a bundle product
INSERT INTO products (products_id, products_quantity, products_model, products_image, products_price, products_date_added, products_last_modified, products_date_available, products_weight, products_status, products_tax_class_id, manufacturers_id, products_ordered, products_type) VALUES (28,0,'MSMOUSEKBBUNDLE','microsoft/bundle.gif',121.45, now(),null,now(),16.00,1,1,2,0,4);
INSERT INTO products_description (products_id, language_id, products_name, products_description, products_url, products_viewed) VALUES (28,1,'Bundle Saver','Buy the Microsoft IntelliMouse Explorer and the Internet Keyboard together\, to save  10% on the individual prices and to receive free shipping !','www.microsoft.com/hardware/',0);
INSERT INTO products_description (products_id, language_id, products_name, products_description, products_url, products_viewed) VALUES (28,2,'Bundle Saver','Buy the Microsoft IntelliMouse Explorer and the Internet Keyboard together\, to save  10% on the individual prices and to receive free shipping !','www.microsoft.com/hardware/',0);
INSERT INTO products_description (products_id, language_id, products_name, products_description, products_url, products_viewed) VALUES (28,3,'Bundle Saver','Buy the Microsoft IntelliMouse Explorer and the Internet Keyboard together\, to save  10% on the individual prices and to receive free shipping !','',0);
INSERT INTO products_to_categories VALUES (28,9);
INSERT INTO products_to_categories VALUES (28,8);
INSERT INTO products_to_products (id_from, id_to, relation_type, products_options, products_quantity) VALUES (28,26,5,'3{8}',1);
INSERT INTO products_to_products (id_from, id_to, relation_type, products_options, products_quantity) VALUES (28,25,5,'',1);

# Tags

DROP TABLE IF EXISTS kk_tag_group;
CREATE TABLE kk_tag_group (
   tag_group_id int DEFAULT '0' NOT NULL,
   language_id int DEFAULT '1' NOT NULL,
   name varchar(128) NOT NULL,
   description varchar(255),
   PRIMARY KEY (tag_group_id, language_id)
);

DROP TABLE IF EXISTS kk_tag;
CREATE TABLE kk_tag (
   tag_id int DEFAULT '0' NOT NULL,
   language_id int DEFAULT '1' NOT NULL,
   name varchar(128) NOT NULL,
   sort_order int default '0',
   PRIMARY KEY (tag_id, language_id)
);

DROP TABLE IF EXISTS kk_category_to_tag_group;
CREATE TABLE kk_category_to_tag_group (
  categories_id int NOT NULL,
  tag_group_id int NOT NULL,
  PRIMARY KEY (categories_id,tag_group_id)
);

DROP TABLE IF EXISTS kk_tag_group_to_tag;
CREATE TABLE kk_tag_group_to_tag (
  tag_group_id int NOT NULL,
  tag_id int NOT NULL,
  PRIMARY KEY (tag_group_id,tag_id)
);

DROP TABLE IF EXISTS kk_tag_to_product;
CREATE TABLE kk_tag_to_product (
  tag_id int NOT NULL,
  products_id int NOT NULL,
  date_added datetime NOT NULL,
  PRIMARY KEY (tag_id,products_id)
);

# Movie Rating Tags
DELETE FROM kk_tag;
INSERT INTO kk_tag (tag_id, language_id, name, sort_order)  VALUES (1,1,'General Audience: G',0);
INSERT INTO kk_tag (tag_id, language_id, name, sort_order)  VALUES (1,2,'General Audience: G',0);
INSERT INTO kk_tag (tag_id, language_id, name, sort_order)  VALUES (1,3,'General Audience: G',0);
INSERT INTO kk_tag (tag_id, language_id, name, sort_order)  VALUES (2,1,'Parental Guidance: PG',1);
INSERT INTO kk_tag (tag_id, language_id, name, sort_order)  VALUES (2,2,'Parental Guidance: PG',1);
INSERT INTO kk_tag (tag_id, language_id, name, sort_order)  VALUES (2,3,'Parental Guidance: PG',1);
INSERT INTO kk_tag (tag_id, language_id, name, sort_order)  VALUES (3,1,'Parents Cautioned: PG-13',2);
INSERT INTO kk_tag (tag_id, language_id, name, sort_order)  VALUES (3,2,'Parents Cautioned: PG-13',2);
INSERT INTO kk_tag (tag_id, language_id, name, sort_order)  VALUES (3,3,'Parents Cautioned: PG-13',2);
INSERT INTO kk_tag (tag_id, language_id, name, sort_order)  VALUES (4,1,'Restricted: R',3);
INSERT INTO kk_tag (tag_id, language_id, name, sort_order)  VALUES (4,2,'Restricted: R',3);
INSERT INTO kk_tag (tag_id, language_id, name, sort_order)  VALUES (4,3,'Restricted: R',3);
INSERT INTO kk_tag (tag_id, language_id, name, sort_order)  VALUES (5,1,'Adults Only: NC-17',4);
INSERT INTO kk_tag (tag_id, language_id, name, sort_order)  VALUES (5,2,'Adults Only: NC-17',4);
INSERT INTO kk_tag (tag_id, language_id, name, sort_order)  VALUES (5,3,'Adults Only: NC-17',4);
INSERT INTO kk_tag (tag_id, language_id, name, sort_order)  VALUES (6,1,'Blu-ray',0);
INSERT INTO kk_tag (tag_id, language_id, name, sort_order)  VALUES (6,2,'Blu-ray',0);
INSERT INTO kk_tag (tag_id, language_id, name, sort_order)  VALUES (6,3,'Blu-ray',0);
INSERT INTO kk_tag (tag_id, language_id, name, sort_order)  VALUES (7,1,'HD-DVD',1);
INSERT INTO kk_tag (tag_id, language_id, name, sort_order)  VALUES (7,2,'HD-DVD',1);
INSERT INTO kk_tag (tag_id, language_id, name, sort_order)  VALUES (7,3,'HD-DVD',1);

# Tag group
DELETE FROM kk_tag_group;
INSERT INTO kk_tag_group (tag_group_id, language_id, name, description)  VALUES (1,1,'MPAA Movie Ratings','The MPAA rating given to each movie');
INSERT INTO kk_tag_group (tag_group_id, language_id, name, description)  VALUES (1,2,'MPAA Movie Ratings','The MPAA rating given to each movie');
INSERT INTO kk_tag_group (tag_group_id, language_id, name, description)  VALUES (1,3,'MPAA Movie Ratings','The MPAA rating given to each movie');
INSERT INTO kk_tag_group (tag_group_id, language_id, name, description)  VALUES (2,1,'DVD Format','The format of the DVD');
INSERT INTO kk_tag_group (tag_group_id, language_id, name, description)  VALUES (2,2,'DVD Format','The format of the DVD');
INSERT INTO kk_tag_group (tag_group_id, language_id, name, description)  VALUES (2,3,'DVD Format','The format of the DVD');

# Add tags to group
DELETE FROM kk_tag_group_to_tag;
INSERT INTO kk_tag_group_to_tag (tag_group_id, tag_id)  VALUES (1,1);
INSERT INTO kk_tag_group_to_tag (tag_group_id, tag_id)  VALUES (1,2);
INSERT INTO kk_tag_group_to_tag (tag_group_id, tag_id)  VALUES (1,3);
INSERT INTO kk_tag_group_to_tag (tag_group_id, tag_id)  VALUES (1,4);
INSERT INTO kk_tag_group_to_tag (tag_group_id, tag_id)  VALUES (1,5);
INSERT INTO kk_tag_group_to_tag (tag_group_id, tag_id)  VALUES (2,6);
INSERT INTO kk_tag_group_to_tag (tag_group_id, tag_id)  VALUES (2,7);

# Add tag group to category
DELETE FROM kk_category_to_tag_group;
INSERT INTO kk_category_to_tag_group (categories_id,tag_group_id)  VALUES (10,1);
INSERT INTO kk_category_to_tag_group (categories_id,tag_group_id)  VALUES (10,2);

# Add tags to products
DELETE FROM kk_tag_to_product;
INSERT INTO kk_tag_to_product (tag_id, products_id, date_added)  VALUES (1,4,now());
INSERT INTO kk_tag_to_product (tag_id, products_id, date_added)  VALUES (1,6,now());
INSERT INTO kk_tag_to_product (tag_id, products_id, date_added)  VALUES (2,9,now());
INSERT INTO kk_tag_to_product (tag_id, products_id, date_added)  VALUES (2,10,now());
INSERT INTO kk_tag_to_product (tag_id, products_id, date_added)  VALUES (3,11,now());
INSERT INTO kk_tag_to_product (tag_id, products_id, date_added)  VALUES (3,12,now());
INSERT INTO kk_tag_to_product (tag_id, products_id, date_added)  VALUES (4,13,now());
INSERT INTO kk_tag_to_product (tag_id, products_id, date_added)  VALUES (4,17,now());
INSERT INTO kk_tag_to_product (tag_id, products_id, date_added)  VALUES (5,18,now());
INSERT INTO kk_tag_to_product (tag_id, products_id, date_added)  VALUES (6,4,now());
INSERT INTO kk_tag_to_product (tag_id, products_id, date_added)  VALUES (6,6,now());
INSERT INTO kk_tag_to_product (tag_id, products_id, date_added)  VALUES (6,9,now());
INSERT INTO kk_tag_to_product (tag_id, products_id, date_added)  VALUES (6,10,now());
INSERT INTO kk_tag_to_product (tag_id, products_id, date_added)  VALUES (7,11,now());
INSERT INTO kk_tag_to_product (tag_id, products_id, date_added)  VALUES (7,12,now());
INSERT INTO kk_tag_to_product (tag_id, products_id, date_added)  VALUES (7,13,now());
INSERT INTO kk_tag_to_product (tag_id, products_id, date_added)  VALUES (7,17,now());
INSERT INTO kk_tag_to_product (tag_id, products_id, date_added)  VALUES (7,18,now());

# Tag API calls
INSERT INTO kk_api_call (api_call_id, name, description, date_added) VALUES (192, 'getTags','', now());
INSERT INTO kk_api_call (api_call_id, name, description, date_added) VALUES (193, 'getTagGroups','', now());
INSERT INTO kk_api_call (api_call_id, name, description, date_added) VALUES (194, 'insertTag','', now());
INSERT INTO kk_api_call (api_call_id, name, description, date_added) VALUES (195, 'insertTags','', now());
INSERT INTO kk_api_call (api_call_id, name, description, date_added) VALUES (196, 'insertGroup','', now());
INSERT INTO kk_api_call (api_call_id, name, description, date_added) VALUES (197, 'insertGroups','', now());
INSERT INTO kk_api_call (api_call_id, name, description, date_added) VALUES (198, 'updateTag','', now());
INSERT INTO kk_api_call (api_call_id, name, description, date_added) VALUES (199, 'updateTagGroup','', now());
INSERT INTO kk_api_call (api_call_id, name, description, date_added) VALUES (200, 'deleteTag','', now());
INSERT INTO kk_api_call (api_call_id, name, description, date_added) VALUES (201, 'deleteTagGroup','', now());
INSERT INTO kk_api_call (api_call_id, name, description, date_added) VALUES (202, 'getTagGroupsPerCategory','', now());
INSERT INTO kk_api_call (api_call_id, name, description, date_added) VALUES (203, 'addTagGroupsToCategory','', now());
INSERT INTO kk_api_call (api_call_id, name, description, date_added) VALUES (204, 'removeTagGroupsFromCategory','', now());
INSERT INTO kk_api_call (api_call_id, name, description, date_added) VALUES (205, 'getTagsPerProduct','', now());
INSERT INTO kk_api_call (api_call_id, name, description, date_added) VALUES (206, 'addTagsToProduct','', now());
INSERT INTO kk_api_call (api_call_id, name, description, date_added) VALUES (207, 'removeTagsFromProduct','', now());

# Panels for maintaining Tags
INSERT INTO kk_panel (panel_id, code, description, date_added) VALUES (65, 'kk_panel_tagGroups','Maintain Tag Groups', now());
INSERT INTO kk_panel (panel_id, code, description, date_added) VALUES (66, 'kk_panel_tags','Maintain Tags', now());

# Allow super-user to maintain tags
INSERT INTO kk_role_to_panel (role_id, panel_id, can_edit, can_insert, can_delete, date_added) VALUES (1, 65, 1,1,1,now());
INSERT INTO kk_role_to_panel (role_id, panel_id, can_edit, can_insert, can_delete, date_added) VALUES (1, 66, 1,1,1,now());

# Allow catalog maintainer to maintain tags
INSERT INTO kk_role_to_panel (role_id, panel_id, can_edit, can_insert, can_delete, date_added) VALUES (2, 65, 1,1,1,now());
INSERT INTO kk_role_to_panel (role_id, panel_id, can_edit, can_insert, can_delete, date_added) VALUES (2, 66, 1,1,1,now());

# Save shipping and payment module information with the order
ALTER TABLE orders ADD COLUMN shipping_module_code varchar(64);
ALTER TABLE orders ADD COLUMN payment_module_code varchar(64);

# Returns Panel Custom Command Definitions
DELETE FROM configuration WHERE configuration_key = 'ADMIN_APP_RETURNS_CUSTOM_LABEL';
INSERT INTO configuration (configuration_title, configuration_key, configuration_value, configuration_description, configuration_group_id, sort_order, date_added) VALUES ('Returns Custom Button Label', 'ADMIN_APP_RETURNS_CUSTOM_LABEL', '', 'When this is set, a custom button appears on the returns panels with this label', '21', '22', now());
DELETE FROM configuration WHERE configuration_key = 'ADMIN_APP_RETURNS_CUSTOM_URL';
INSERT INTO configuration (configuration_title, configuration_key, configuration_value, configuration_description, configuration_group_id, sort_order, date_added) VALUES ('Returns Custom Button URL', 'ADMIN_APP_RETURNS_CUSTOM_URL', 'http://www.konakart.com', 'The URL that is launched when the Returns Custom button is clicked', '21', '23', now());

# Add the custom3 privilege to enable/disable custom option on the 'Returns' and 'Returns from Orders' panel
UPDATE kk_role_to_panel SET custom3=0, custom3_desc='If set custom returns button is disabled' WHERE panel_id=46;
UPDATE kk_role_to_panel SET custom3=0, custom3_desc='If set custom returns button is disabled' WHERE panel_id=47;

# Panel for viewing customer from orders panel. Also allow super-user and order maintainer to have access
INSERT INTO kk_panel (panel_id, code, description, date_added) VALUES (67, 'kk_panel_customerForOrder','Customer For Order', now());
INSERT INTO kk_role_to_panel (role_id, panel_id, can_edit, can_insert, can_delete, date_added) VALUES (1, 67, 1,1,1,now());
INSERT INTO kk_role_to_panel (role_id, panel_id, can_edit, can_insert, can_delete, date_added) VALUES (3, 67, 0,0,0,now());

# Add the custom privileges to the CustomerForOrder panel to make it the same as the Customer panel
UPDATE kk_role_to_panel SET custom1=0, custom1_desc='If set email is disabled' WHERE panel_id=67;
UPDATE kk_role_to_panel SET custom2=0, custom2_desc='If set cannot reset password' WHERE panel_id=67;
UPDATE kk_role_to_panel SET custom3=0, custom3_desc='If set customer search droplists are disabled' WHERE panel_id=67;

# Custom Panels
INSERT INTO kk_panel (panel_id, code, description, date_added) VALUES (68, 'kk_panel_custom1','Custom1', now());
INSERT INTO kk_panel (panel_id, code, description, date_added) VALUES (69, 'kk_panel_custom2','Custom2', now());
INSERT INTO kk_panel (panel_id, code, description, date_added) VALUES (70, 'kk_panel_custom3','Custom3', now());
INSERT INTO kk_panel (panel_id, code, description, date_added) VALUES (71, 'kk_panel_custom4','Custom4', now());
INSERT INTO kk_panel (panel_id, code, description, date_added) VALUES (72, 'kk_panel_custom5','Custom5', now());
INSERT INTO kk_panel (panel_id, code, description, date_added) VALUES (73, 'kk_panel_custom6','Custom6', now());
INSERT INTO kk_panel (panel_id, code, description, date_added) VALUES (74, 'kk_panel_custom7','Custom7', now());
INSERT INTO kk_panel (panel_id, code, description, date_added) VALUES (75, 'kk_panel_custom8','Custom8', now());
INSERT INTO kk_panel (panel_id, code, description, date_added) VALUES (76, 'kk_panel_custom9','Custom9', now());
INSERT INTO kk_panel (panel_id, code, description, date_added) VALUES (77, 'kk_panel_custom10','Custom10', now());

# Add the custom panels to super admin role
INSERT INTO kk_role_to_panel (role_id, panel_id, can_edit, can_insert, can_delete, date_added) VALUES (1, 68, 1,1,1,now());
INSERT INTO kk_role_to_panel (role_id, panel_id, can_edit, can_insert, can_delete, date_added) VALUES (1, 69, 1,1,1,now());
INSERT INTO kk_role_to_panel (role_id, panel_id, can_edit, can_insert, can_delete, date_added) VALUES (1, 70, 1,1,1,now());
INSERT INTO kk_role_to_panel (role_id, panel_id, can_edit, can_insert, can_delete, date_added) VALUES (1, 71, 1,1,1,now());
INSERT INTO kk_role_to_panel (role_id, panel_id, can_edit, can_insert, can_delete, date_added) VALUES (1, 72, 1,1,1,now());
INSERT INTO kk_role_to_panel (role_id, panel_id, can_edit, can_insert, can_delete, date_added) VALUES (1, 73, 1,1,1,now());
INSERT INTO kk_role_to_panel (role_id, panel_id, can_edit, can_insert, can_delete, date_added) VALUES (1, 74, 1,1,1,now());
INSERT INTO kk_role_to_panel (role_id, panel_id, can_edit, can_insert, can_delete, date_added) VALUES (1, 75, 1,1,1,now());
INSERT INTO kk_role_to_panel (role_id, panel_id, can_edit, can_insert, can_delete, date_added) VALUES (1, 76, 1,1,1,now());
INSERT INTO kk_role_to_panel (role_id, panel_id, can_edit, can_insert, can_delete, date_added) VALUES (1, 77, 1,1,1,now());

# Custom Panel URLs
DELETE FROM configuration WHERE configuration_key = 'ADMIN_APP_CUSTOM_PANEL1_URL';
INSERT INTO configuration (configuration_title, configuration_key, configuration_value, configuration_description, configuration_group_id, sort_order, date_added) VALUES ('URL for Custom1 panel', 'ADMIN_APP_CUSTOM_PANEL1_URL', 'http://www.konakart.com/?', 'The URL for Custom1 panel', '22', '0', now());
DELETE FROM configuration WHERE configuration_key = 'ADMIN_APP_CUSTOM_PANEL2_URL';
INSERT INTO configuration (configuration_title, configuration_key, configuration_value, configuration_description, configuration_group_id, sort_order, date_added) VALUES ('URL for Custom2 panel', 'ADMIN_APP_CUSTOM_PANEL2_URL', 'http://www.konakart.com/?', 'The URL for Custom2 panel', '22', '1', now());
DELETE FROM configuration WHERE configuration_key = 'ADMIN_APP_CUSTOM_PANEL3_URL';
INSERT INTO configuration (configuration_title, configuration_key, configuration_value, configuration_description, configuration_group_id, sort_order, date_added) VALUES ('URL for Custom3 panel', 'ADMIN_APP_CUSTOM_PANEL3_URL', 'http://www.konakart.com/?', 'The URL for Custom3 panel', '22', '2', now());
DELETE FROM configuration WHERE configuration_key = 'ADMIN_APP_CUSTOM_PANEL4_URL';
INSERT INTO configuration (configuration_title, configuration_key, configuration_value, configuration_description, configuration_group_id, sort_order, date_added) VALUES ('URL for Custom4 panel', 'ADMIN_APP_CUSTOM_PANEL4_URL', 'http://www.konakart.com/?', 'The URL for Custom4 panel', '22', '3', now());
DELETE FROM configuration WHERE configuration_key = 'ADMIN_APP_CUSTOM_PANEL5_URL';
INSERT INTO configuration (configuration_title, configuration_key, configuration_value, configuration_description, configuration_group_id, sort_order, date_added) VALUES ('URL for Custom5 panel', 'ADMIN_APP_CUSTOM_PANEL5_URL', 'http://www.konakart.com/?', 'The URL for Custom5 panel', '22', '4', now());
DELETE FROM configuration WHERE configuration_key = 'ADMIN_APP_CUSTOM_PANEL6_URL';
INSERT INTO configuration (configuration_title, configuration_key, configuration_value, configuration_description, configuration_group_id, sort_order, date_added) VALUES ('URL for Custom6 panel', 'ADMIN_APP_CUSTOM_PANEL6_URL', 'http://www.konakart.com/?', 'The URL for Custom6 panel', '22', '5', now());
DELETE FROM configuration WHERE configuration_key = 'ADMIN_APP_CUSTOM_PANEL7_URL';
INSERT INTO configuration (configuration_title, configuration_key, configuration_value, configuration_description, configuration_group_id, sort_order, date_added) VALUES ('URL for Custom7 panel', 'ADMIN_APP_CUSTOM_PANEL7_URL', 'http://www.konakart.com/?', 'The URL for Custom7 panel', '22', '6', now());
DELETE FROM configuration WHERE configuration_key = 'ADMIN_APP_CUSTOM_PANEL8_URL';
INSERT INTO configuration (configuration_title, configuration_key, configuration_value, configuration_description, configuration_group_id, sort_order, date_added) VALUES ('URL for Custom8 panel', 'ADMIN_APP_CUSTOM_PANEL8_URL', 'http://www.konakart.com/?', 'The URL for Custom8 panel', '22', '7', now());
DELETE FROM configuration WHERE configuration_key = 'ADMIN_APP_CUSTOM_PANEL9_URL';
INSERT INTO configuration (configuration_title, configuration_key, configuration_value, configuration_description, configuration_group_id, sort_order, date_added) VALUES ('URL for Custom9 panel', 'ADMIN_APP_CUSTOM_PANEL9_URL', 'http://www.konakart.com/?', 'The URL for Custom9 panel', '22', '8', now());
DELETE FROM configuration WHERE configuration_key = 'ADMIN_APP_CUSTOM_PANEL10_URL';
INSERT INTO configuration (configuration_title, configuration_key, configuration_value, configuration_description, configuration_group_id, sort_order, date_added) VALUES ('URL for Custom10 panel', 'ADMIN_APP_CUSTOM_PANEL10_URL', 'http://www.konakart.com/?', 'The URL for Custom10 panel', '22', '9', now());

# Panel for configuring custom panels
INSERT INTO kk_panel (panel_id, code, description, date_added) VALUES (78, 'kk_panel_customConfig','Configure Custom Panels', now());

# Add configure custom panel to super admin role
INSERT INTO kk_role_to_panel (role_id, panel_id, can_edit, can_insert, can_delete, date_added) VALUES (1, 78, 1,1,1,now());

# v3.0.1.0 -------------------------------------------------------------------------------------------------------

# New API calls
INSERT INTO kk_api_call (api_call_id, name, description, date_added) VALUES (208, 'updateCachedConfigurations','', now());
INSERT INTO kk_api_call (api_call_id, name, description, date_added) VALUES (209, 'getKonakartPropertyValue','', now());

# Update the REPORTS_STATUS_PAGE_URL (adding the storeId parameter)
UPDATE configuration SET configuration_value = 'http://localhost:8780/birtviewer/run?__report=reports/OrdersInLast30DaysChart.rptdesign&storeId=store1' WHERE configuration_key = 'REPORTS_STATUS_PAGE_URL';

# Update the reports values after moving birt-viewer to birtviewer
UPDATE configuration SET configuration_value = 'C:/Program Files/KonaKart/webapps/birtviewer/reports/' WHERE configuration_key = 'REPORTS_DEFN_PATH';
UPDATE configuration SET configuration_value = 'http://localhost:8780/birtviewer/frameset?__report=reports/' WHERE configuration_key = 'REPORTS_URL';

# Run Initial Search on Customer Panel
DELETE FROM configuration WHERE configuration_key = 'CUST_PANEL_RUN_INITIAL_SEARCH';
INSERT INTO configuration (configuration_title, configuration_key, configuration_value, configuration_description, configuration_group_id, sort_order, set_function, date_added) VALUES ('Run Initial Customer Search', 'CUST_PANEL_RUN_INITIAL_SEARCH', 'true', 'Set to true to always run the initial Customer Search', '21', '12', 'tep_cfg_select_option(array(\'true\', \'false\'), ', now());

# Clear button clears results on Customer Panel
DELETE FROM configuration WHERE configuration_key = 'CUST_PANEL_CLEAR_REMOVES_RESULTS';
INSERT INTO configuration (configuration_title, configuration_key, configuration_value, configuration_description, configuration_group_id, sort_order, set_function, date_added) VALUES ('Clear button on Customer Panel removes results', 'CUST_PANEL_CLEAR_REMOVES_RESULTS', 'false', 'Set to true to clear both the search criteria AND the results when the clear button is clicked', '21', '13', 'tep_cfg_select_option(array(\'true\', \'false\'), ', now());

#Oracle -- For Oracle Only - Increase size of Auditing column
#Oracle ALTER TABLE kk_audit ADD tempcol CLOB;
#Oracle UPDATE kk_audit SET tempcol = object_to_string;
#Oracle ALTER TABLE kk_audit DROP COLUMN object_to_string;
#Oracle ALTER TABLE kk_audit RENAME COLUMN tempcol to object_to_string;

#DB2 -- For DB2 Only - Increase size of Auditing Column
#DB2 ALTER TABLE kk_audit ALTER COLUMN object_to_string SET DATA TYPE VARCHAR(7000);

# Add the ENABLE_ANALYTICS config variable
DELETE FROM configuration WHERE configuration_key = 'ENABLE_ANALYTICS';
INSERT INTO configuration (configuration_title, configuration_key, configuration_value, configuration_description, configuration_group_id, sort_order, set_function, date_added) VALUES ('Enable Analytics', 'ENABLE_ANALYTICS', 'false', 'Enable analytics to have the analytics.code (in your Messages.properties file) inserted into the JSPs', '20', '3', 'tep_cfg_select_option(array(\'true\', \'false\'), ', now());

# Google Data Feed
DROP TABLE IF EXISTS kk_product_feed;
CREATE TABLE kk_product_feed (
  product_id int NOT NULL,
  language_id int NOT NULL,
  feed_type int NOT NULL,
  feed_key varchar(255) NOT NULL,
  last_updated datetime NOT NULL,
  PRIMARY KEY  (product_id, language_id, feed_type)
);

# Google Data Feed - Google Username config variable
DELETE FROM configuration WHERE configuration_key = 'GOOGLE_DATA_ENABLED';
INSERT INTO configuration (configuration_title, configuration_key, configuration_value, configuration_description, configuration_group_id, sort_order, set_function, date_added) VALUES ('Google Data Enabled', 'GOOGLE_DATA_ENABLED', '', 'Set to true to enable Google Data updates when products are amended in KonaKart', '23', '1', 'tep_cfg_select_option(array(\'true\', \'false\'), ', now());
DELETE FROM configuration WHERE configuration_key = 'GOOGLE_API_KEY';
INSERT INTO configuration (configuration_title, configuration_key, configuration_value, configuration_description, configuration_group_id, sort_order, date_added) VALUES ('Google API Key', 'GOOGLE_API_KEY', '', 'Google API Key (obtain from Google) for populating Google Data with Product Information', '23', '2', now());
DELETE FROM configuration WHERE configuration_key = 'GOOGLE_DATA_USERNAME';
INSERT INTO configuration (configuration_title, configuration_key, configuration_value, configuration_description, configuration_group_id, sort_order, date_added) VALUES ('Google Data Username', 'GOOGLE_DATA_USERNAME', '', 'Username (obtain from Google) for populating Google Data with Product Information', '23', '3', now());
DELETE FROM configuration WHERE configuration_key = 'GOOGLE_DATA_PASSWORD';
INSERT INTO configuration (configuration_title, configuration_key, configuration_value, configuration_description, configuration_group_id, sort_order, set_function, date_added) VALUES ('Google Data Password', 'GOOGLE_DATA_PASSWORD', '', 'Password (obtain from Google) for populating Google Data with Product Information', '23', '4', 'password', now());
DELETE FROM configuration WHERE configuration_key = 'GOOGLE_DATA_LOCATION';
INSERT INTO configuration (configuration_title, configuration_key, configuration_value, configuration_description, configuration_group_id, sort_order, date_added) VALUES ('Store Location', 'GOOGLE_DATA_LOCATION', 'Lake Buena Vista, FL 32830, USA', 'Store location (address) to be published to Google Data', '23', '5', now());

# Panel for configuring Data Feeds
INSERT INTO kk_panel (panel_id, code, description, date_added) VALUES (79, 'kk_panel_dataFeeds','Configure Data Feeds', now());

# Add configure Data Feeds to super admin role
INSERT INTO kk_role_to_panel (role_id, panel_id, can_edit, can_insert, can_delete, date_added) VALUES (1, 79, 1,1,1,now());

# Panel for Publishing Products
INSERT INTO kk_panel (panel_id, code, description, date_added) VALUES (80, 'kk_panel_publishProducts','Publish Products', now());

# Add Publish Products panel to super admin role
INSERT INTO kk_role_to_panel (role_id, panel_id, can_edit, can_insert, can_delete, date_added) VALUES (1, 80, 1,1,1,now());

# publishProducts API call
INSERT INTO kk_api_call (api_call_id, name, description, date_added) VALUES (210, 'publishProducts','', now());

# Solr 
DELETE FROM configuration WHERE configuration_key = 'USE_SOLR_SEARCH';
INSERT INTO configuration (configuration_title, configuration_key, configuration_value, configuration_description, configuration_group_id, sort_order, set_function, date_added) VALUES ('Use Solr Search Server','USE_SOLR_SEARCH','false','Use Solr search server to search for products','24', '1', 'tep_cfg_select_option(array(\'true\', \'false\') ', now());
DELETE FROM configuration WHERE configuration_key = 'SOLR_URL';
INSERT INTO configuration (configuration_title, configuration_key, configuration_value, configuration_description, configuration_group_id, sort_order, date_added) VALUES ('Base URL of Solr Search Server','SOLR_URL','http://localhost:8780/solr','Base URL of Solr Search Server','24', '2', now());

# New Solr API calls
INSERT INTO kk_api_call (api_call_id, name, description, date_added) VALUES (211, 'addAllProductsToSearchEngine','', now());
INSERT INTO kk_api_call (api_call_id, name, description, date_added) VALUES (212, 'addProductToSearchEngine','', now());
INSERT INTO kk_api_call (api_call_id, name, description, date_added) VALUES (213, 'removeAllProductsFromSearchEngine','', now());
INSERT INTO kk_api_call (api_call_id, name, description, date_added) VALUES (214, 'removeProductFromSearchEngine','', now());

# Configuration variable for enabling/disabling storage of credit card details
DELETE FROM configuration WHERE configuration_key = 'STORE_CC_DETAILS';
INSERT INTO configuration (configuration_title, configuration_key, configuration_value, configuration_description, configuration_group_id, sort_order, set_function, date_added) VALUES ('Store Credit Card Details', 'STORE_CC_DETAILS', 'false', 'Store credit card details', 9, 4, 'tep_cfg_select_option(array(\'true\', \'false\'), ', now());

# Save encrypted Credit Card details
ALTER TABLE orders ADD COLUMN cc_cvv varchar(10);
ALTER TABLE orders ADD COLUMN e1 varchar(100);
ALTER TABLE orders ADD COLUMN e2 varchar(100);
ALTER TABLE orders ADD COLUMN e3 varchar(100);
ALTER TABLE orders ADD COLUMN e4 varchar(100);
ALTER TABLE orders ADD COLUMN e5 varchar(100);
ALTER TABLE orders ADD COLUMN e6 varchar(100);

# Add the custom1 privilege to enable/disable the reading and editing of credit card details on the Edit Order Panel
UPDATE kk_role_to_panel SET custom1=0, custom1_desc='Set to allow read and edit of credit card details' WHERE panel_id=17;

# Panel for Configuring Solr
INSERT INTO kk_panel (panel_id, code, description, date_added) VALUES (81, 'kk_panel_solr_search','Solr Search Engine Configuration', now());

# Add Configure Solr panel to super admin role
INSERT INTO kk_role_to_panel (role_id, panel_id, can_edit, can_insert, can_delete, date_added) VALUES (1, 81, 1,1,1,now());

# Panel for Controling products in Solr
INSERT INTO kk_panel (panel_id, code, description, date_added) VALUES (82, 'kk_panel_solr_control','Solr Search Engine Control', now());

# Add Control Solr panel to super admin role
INSERT INTO kk_role_to_panel (role_id, panel_id, can_edit, can_insert, can_delete, date_added) VALUES (1, 82, 1,1,1,now());

# KonaKart Application Base URL
INSERT INTO configuration (configuration_title, configuration_key, configuration_value, configuration_description, configuration_group_id, sort_order, date_added) VALUES ('Store Base URL', 'KK_BASE_URL', 'http://localhost:8780/konakart/', 'KonaKart Base URL', '1', '25', now());

# v3.2.0.0 -------------------------------------------------------------------------------------------------------

# API call for inserting a configuration group
INSERT INTO kk_api_call (api_call_id, name, description, date_added) VALUES (215, 'insertConfigurationGroup','', now());

# Column for storing store_id on all tables
ALTER TABLE address_book ADD COLUMN store_id varchar(64);
ALTER TABLE address_book ADD KEY idx_store_id (store_id);

ALTER TABLE address_format ADD COLUMN store_id varchar(64);
ALTER TABLE address_format ADD KEY idx_store_id (store_id);

ALTER TABLE banners ADD COLUMN store_id varchar(64);
ALTER TABLE banners ADD KEY idx_store_id (store_id);

ALTER TABLE banners_history ADD COLUMN store_id varchar(64);
ALTER TABLE banners_history ADD KEY idx_store_id (store_id);

ALTER TABLE categories ADD COLUMN store_id varchar(64);
ALTER TABLE categories ADD KEY idx_store_id (store_id);

ALTER TABLE categories_description ADD COLUMN store_id varchar(64);
ALTER TABLE categories_description ADD KEY idx_store_id (store_id);

ALTER TABLE configuration ADD COLUMN store_id varchar(64);
ALTER TABLE configuration ADD KEY idx_store_id (store_id);

ALTER TABLE configuration_group ADD COLUMN store_id varchar(64);
ALTER TABLE configuration_group ADD KEY idx_store_id (store_id);

ALTER TABLE counter ADD COLUMN store_id varchar(64);
ALTER TABLE counter ADD KEY idx_store_id (store_id);

ALTER TABLE counter_history ADD COLUMN store_id varchar(64);
ALTER TABLE counter_history ADD KEY idx_store_id (store_id);

ALTER TABLE countries ADD COLUMN store_id varchar(64);
ALTER TABLE countries ADD KEY idx_store_id (store_id);

ALTER TABLE coupon ADD COLUMN store_id varchar(64);
ALTER TABLE coupon ADD KEY idx_store_id (store_id);

ALTER TABLE currencies ADD COLUMN store_id varchar(64);
ALTER TABLE currencies ADD KEY idx_store_id (store_id);

ALTER TABLE customers ADD COLUMN store_id varchar(64);
ALTER TABLE customers ADD KEY idx_store_id (store_id);

ALTER TABLE customers_basket ADD COLUMN store_id varchar(64);
ALTER TABLE customers_basket ADD KEY idx_store_id (store_id);

ALTER TABLE customers_basket_attributes ADD COLUMN store_id varchar(64);
ALTER TABLE customers_basket_attributes ADD KEY idx_store_id (store_id);

ALTER TABLE customers_info ADD COLUMN store_id varchar(64);
ALTER TABLE customers_info ADD KEY idx_store_id (store_id);

ALTER TABLE geo_zones ADD COLUMN store_id varchar(64);
ALTER TABLE geo_zones ADD KEY idx_store_id (store_id);

ALTER TABLE ipn_history ADD COLUMN store_id varchar(64);
ALTER TABLE ipn_history ADD KEY idx_store_id (store_id);

ALTER TABLE kk_audit ADD COLUMN store_id varchar(64);
ALTER TABLE kk_audit ADD KEY idx_store_id (store_id);

ALTER TABLE kk_category_to_tag_group ADD COLUMN store_id varchar(64);
ALTER TABLE kk_category_to_tag_group ADD KEY idx_store_id (store_id);

ALTER TABLE kk_customer_group ADD COLUMN store_id varchar(64);
ALTER TABLE kk_customer_group ADD KEY idx_store_id (store_id);

ALTER TABLE kk_customers_to_role ADD COLUMN store_id varchar(64);
ALTER TABLE kk_customers_to_role ADD KEY idx_store_id (store_id);

ALTER TABLE kk_digital_download ADD COLUMN store_id varchar(64);
ALTER TABLE kk_digital_download ADD KEY idx_store_id (store_id);

ALTER TABLE kk_product_feed ADD COLUMN store_id varchar(64);
ALTER TABLE kk_product_feed ADD KEY idx_store_id (store_id);

ALTER TABLE kk_role_to_api_call ADD COLUMN store_id varchar(64);
ALTER TABLE kk_role_to_api_call ADD KEY idx_store_id (store_id);

ALTER TABLE kk_role_to_panel ADD COLUMN store_id varchar(64);
ALTER TABLE kk_role_to_panel ADD KEY idx_store_id (store_id);

ALTER TABLE kk_tag ADD COLUMN store_id varchar(64);
ALTER TABLE kk_tag ADD KEY idx_store_id (store_id);

ALTER TABLE kk_tag_group ADD COLUMN store_id varchar(64);
ALTER TABLE kk_tag_group ADD KEY idx_store_id (store_id);

ALTER TABLE kk_tag_group_to_tag ADD COLUMN store_id varchar(64);
ALTER TABLE kk_tag_group_to_tag ADD KEY idx_store_id (store_id);

ALTER TABLE kk_tag_to_product ADD COLUMN store_id varchar(64);
ALTER TABLE kk_tag_to_product ADD KEY idx_store_id (store_id);

ALTER TABLE languages ADD COLUMN store_id varchar(64);
ALTER TABLE languages ADD KEY idx_store_id (store_id);

ALTER TABLE manufacturers ADD COLUMN store_id varchar(64);
ALTER TABLE manufacturers ADD KEY idx_store_id (store_id);

ALTER TABLE manufacturers_info ADD COLUMN store_id varchar(64);
ALTER TABLE manufacturers_info ADD KEY idx_store_id (store_id);

ALTER TABLE newsletters ADD COLUMN store_id varchar(64);
ALTER TABLE newsletters ADD KEY idx_store_id (store_id);

ALTER TABLE orders ADD COLUMN store_id varchar(64);
ALTER TABLE orders ADD KEY idx_store_id (store_id);

ALTER TABLE orders_products ADD COLUMN store_id varchar(64);
ALTER TABLE orders_products ADD KEY idx_store_id (store_id);

ALTER TABLE orders_products_attributes ADD COLUMN store_id varchar(64);
ALTER TABLE orders_products_attributes ADD KEY idx_store_id (store_id);

ALTER TABLE orders_products_download ADD COLUMN store_id varchar(64);
ALTER TABLE orders_products_download ADD KEY idx_store_id (store_id);

ALTER TABLE orders_returns ADD COLUMN store_id varchar(64);
ALTER TABLE orders_returns ADD KEY idx_store_id (store_id);

ALTER TABLE orders_status ADD COLUMN store_id varchar(64);
ALTER TABLE orders_status ADD KEY idx_store_id (store_id);

ALTER TABLE orders_status_history ADD COLUMN store_id varchar(64);
ALTER TABLE orders_status_history ADD KEY idx_store_id (store_id);

ALTER TABLE orders_total ADD COLUMN store_id varchar(64);
ALTER TABLE orders_total ADD KEY idx_store_id (store_id);

ALTER TABLE products ADD COLUMN store_id varchar(64);
ALTER TABLE products ADD KEY idx_store_id (store_id);

ALTER TABLE products_attributes ADD COLUMN store_id varchar(64);
ALTER TABLE products_attributes ADD KEY idx_store_id (store_id);

ALTER TABLE products_attributes_download ADD COLUMN store_id varchar(64);
ALTER TABLE products_attributes_download ADD KEY idx_store_id (store_id);

ALTER TABLE products_description ADD COLUMN store_id varchar(64);
ALTER TABLE products_description ADD KEY idx_store_id (store_id);

ALTER TABLE products_notifications ADD COLUMN store_id varchar(64);
ALTER TABLE products_notifications ADD KEY idx_store_id (store_id);

ALTER TABLE products_options ADD COLUMN store_id varchar(64);
ALTER TABLE products_options ADD KEY idx_store_id (store_id);

ALTER TABLE products_options_values ADD COLUMN store_id varchar(64);
ALTER TABLE products_options_values ADD KEY idx_store_id (store_id);

ALTER TABLE products_options_values_to_products_options ADD COLUMN store_id varchar(64);
ALTER TABLE products_options_values_to_products_options ADD KEY idx_store_id (store_id);

ALTER TABLE products_quantity ADD COLUMN store_id varchar(64);
ALTER TABLE products_quantity ADD KEY idx_store_id (store_id);

ALTER TABLE products_to_categories ADD COLUMN store_id varchar(64);
ALTER TABLE products_to_categories ADD KEY idx_store_id (store_id);

ALTER TABLE products_to_products ADD COLUMN store_id varchar(64);
ALTER TABLE products_to_products ADD KEY idx_store_id (store_id);

ALTER TABLE promotion ADD COLUMN store_id varchar(64);
ALTER TABLE promotion ADD KEY idx_store_id (store_id);

ALTER TABLE promotion_to_category ADD COLUMN store_id varchar(64);
ALTER TABLE promotion_to_category ADD KEY idx_store_id (store_id);

ALTER TABLE promotion_to_coupon ADD COLUMN store_id varchar(64);
ALTER TABLE promotion_to_coupon ADD KEY idx_store_id (store_id);

ALTER TABLE promotion_to_cust_group ADD COLUMN store_id varchar(64);
ALTER TABLE promotion_to_cust_group ADD KEY idx_store_id (store_id);

ALTER TABLE promotion_to_customer ADD COLUMN store_id varchar(64);
ALTER TABLE promotion_to_customer ADD KEY idx_store_id (store_id);

ALTER TABLE promotion_to_manufacturer ADD COLUMN store_id varchar(64);
ALTER TABLE promotion_to_manufacturer ADD KEY idx_store_id (store_id);

ALTER TABLE promotion_to_product ADD COLUMN store_id varchar(64);
ALTER TABLE promotion_to_product ADD KEY idx_store_id (store_id);

ALTER TABLE returns_to_ord_prods ADD COLUMN store_id varchar(64);
ALTER TABLE returns_to_ord_prods ADD KEY idx_store_id (store_id);

ALTER TABLE reviews ADD COLUMN store_id varchar(64);
ALTER TABLE reviews ADD KEY idx_store_id (store_id);

ALTER TABLE reviews_description ADD COLUMN store_id varchar(64);
ALTER TABLE reviews_description ADD KEY idx_store_id (store_id);

ALTER TABLE sessions ADD COLUMN store_id varchar(64);
ALTER TABLE sessions ADD KEY idx_store_id (store_id);

ALTER TABLE specials ADD COLUMN store_id varchar(64);
ALTER TABLE specials ADD KEY idx_store_id (store_id);

ALTER TABLE tax_class ADD COLUMN store_id varchar(64);
ALTER TABLE tax_class ADD KEY idx_store_id (store_id);

ALTER TABLE tax_rates ADD COLUMN store_id varchar(64);
ALTER TABLE tax_rates ADD KEY idx_store_id (store_id);

#ALTER TABLE utility ADD COLUMN store_id varchar(64);
#ALTER TABLE utility ADD KEY idx_store_id (store_id);

ALTER TABLE whos_online ADD COLUMN store_id varchar(64);
ALTER TABLE whos_online ADD KEY idx_store_id (store_id);

ALTER TABLE zones ADD COLUMN store_id varchar(64);
ALTER TABLE zones ADD KEY idx_store_id (store_id);

ALTER TABLE zones_to_geo_zones ADD COLUMN store_id varchar(64);
ALTER TABLE zones_to_geo_zones ADD KEY idx_store_id (store_id);

# kk_store table for holding store instance information for multi-store
DROP TABLE IF EXISTS kk_store;
CREATE TABLE kk_store (
  store_id varchar(64) NOT NULL,
  store_name varchar(64) NOT NULL,
  store_desc varchar(128) NOT NULL,
  store_enabled int(1) NOT NULL,
  store_under_maint int(1) NOT NULL,
  store_deleted int(1) NOT NULL,
  store_template int(1) NOT NULL,
  store_admin_email varchar(96),
  store_css_filename varchar(128),
  store_logo_filename varchar(128),
  store_url varchar(128),
  store_home varchar(64),
  store_max_products int NOT NULL DEFAULT '-1',
  custom1 varchar(128),
  custom2 varchar(128),
  custom3 varchar(128),
  custom4 varchar(128),
  custom5 varchar(128),
  date_added datetime,
  last_updated datetime,
  PRIMARY KEY (store_id)
);

INSERT INTO kk_store (store_id, store_name, store_desc, store_enabled, store_under_maint, store_deleted, store_template, store_admin_email, store_logo_filename, store_css_filename, store_home, date_added) VALUES ('store1','store1','Store Number One', 1,0,0,0, 'admin@konakart.com', 'logo.png', 'style.css', 'derby', now());

# MultiStore Template StoreId
DELETE FROM configuration WHERE configuration_key = 'MULTISTORE_TEMPLATE_STORE';
INSERT INTO configuration (configuration_title, configuration_key, configuration_value, configuration_description, configuration_group_id, sort_order, date_added) VALUES ('Multi-Store Template Store', 'MULTISTORE_TEMPLATE_STORE', 'store1', 'This is the storeId of the template store used when creating new stores in a multi-store installation', '25', '5', now());

# MultiStore Admin Role
DELETE FROM configuration WHERE configuration_key = 'MULTISTORE_ADMIN_ROLE_IDX';
INSERT INTO configuration (configuration_title, configuration_key, configuration_value, configuration_description, configuration_group_id, sort_order, set_function, date_added) VALUES ('Multi-Store Admin Role', 'MULTISTORE_ADMIN_ROLE_IDX', '5', 'Defines the Role given to Admin users of new stores', '25', '6', 'Roles', now());

# MultiStore Super User Role
DELETE FROM configuration WHERE configuration_key = 'MULTISTORE_SUPER_USER_ROLE_IDX';
INSERT INTO configuration (configuration_title, configuration_key, configuration_value, configuration_description, configuration_group_id, sort_order, set_function, date_added) VALUES ('Multi-Store Super User Role', 'MULTISTORE_SUPER_USER_ROLE_IDX', '1', 'Defines the Role given to Super User user of new stores', '25', '6', 'Roles', now());

# Filenames for new store sql
DELETE FROM configuration WHERE configuration_key = 'KK_NEW_STORE_SQL_FILENAME';
INSERT INTO configuration (configuration_title, configuration_key, configuration_value, configuration_description, configuration_group_id, sort_order, date_added) VALUES                ('KonaKart new store creation SQL','KK_NEW_STORE_SQL_FILENAME','C:/Program Files/KonaKart/database/MySQL/konakart_new_store.sql','Filename containing the KonaKart new store creation SQL commands','25', '10', now());
DELETE FROM configuration WHERE configuration_key = 'USER_NEW_STORE_SQL_FILENAME';
INSERT INTO configuration (configuration_title, configuration_key, configuration_value, configuration_description, configuration_group_id, sort_order, date_added) VALUES                ('User new store creation SQL','USER_NEW_STORE_SQL_FILENAME','C:/Program Files/KonaKart/database/MySQL/konakart_user_new_store.sql','Filename containing the user defined new store creation SQL commands - these are executed after the KonaKart cloning commands','25', '11', now());

# Table for wish list
DROP TABLE IF EXISTS kk_wishlist;
CREATE TABLE kk_wishlist (
  kk_wishlist_id int NOT NULL auto_increment,
  store_id varchar(64),
  customers_id int NOT NULL,
  name varchar(128),
  description varchar(255),
  public_or_private int NOT NULL,
  date_added datetime NOT NULL,
  customers_firstname varchar(32),
  customers_lastname varchar(32),
  customers_dob datetime,
  customers_city varchar(32),
  customers_state varchar(32),
  custom1 varchar(128),
  custom2 varchar(128),
  custom3 varchar(128),
  custom4 varchar(128),
  custom5 varchar(128),
  PRIMARY KEY (kk_wishlist_id)
);

# Table for wish list items
DROP TABLE IF EXISTS kk_wishlist_item;
CREATE TABLE kk_wishlist_item (
  kk_wishlist_item_id int NOT NULL auto_increment,
  store_id varchar(64),
  kk_wishlist_id int NOT NULL,
  products_id varchar(255) NOT NULL,
  priority int,
  date_added datetime NOT NULL,
  custom1 varchar(128),
  custom2 varchar(128),
  custom3 varchar(128),
  custom4 varchar(128),
  custom5 varchar(128),
  PRIMARY KEY (kk_wishlist_item_id)
);

# Enable / Disable wish list functionality from application
DELETE FROM configuration WHERE configuration_key = 'ENABLE_WISHLIST';
INSERT INTO configuration (configuration_title, configuration_key, configuration_value, configuration_description, configuration_group_id, sort_order, set_function, date_added) VALUES ('Enable Wish List functionality', 'ENABLE_WISHLIST', 'false', 'When set to true, wish list functionality is enabled in the application', '1', '24', 'tep_cfg_select_option(array(\'true\', \'false\'), ', now());

# Add column to orders table for order number
ALTER TABLE orders ADD COLUMN orders_number varchar(128);

# Orders Panel Show Order Number or Order Id
DELETE FROM configuration WHERE configuration_key = 'ADMIN_APP_ORDERS_DISPLAY_ORDER_NUM';
INSERT INTO configuration (configuration_title, configuration_key, configuration_value, configuration_description, configuration_group_id, sort_order, set_function, date_added) VALUES ('Display Order Number', 'ADMIN_APP_ORDERS_DISPLAY_ORDER_NUM', '', 'When this is set, the order number is displayed in the orders panel rather than the order id', '21', '24', 'tep_cfg_select_option(array(\'true\', \'false\'), ', now());

# Enable all customers
UPDATE customers SET customers_enabled = 1;

# Panels for Managing Stores in a Multi-Store Environment
INSERT INTO kk_panel (panel_id, code, description, date_added) VALUES (83, 'kk_panel_stores','Manage Multiple Stores', now());
INSERT INTO kk_panel (panel_id, code, description, date_added) VALUES (84, 'kk_panel_editStore','Edit a Store in a Mall', now());
INSERT INTO kk_panel (panel_id, code, description, date_added) VALUES (85, 'kk_panel_insertStore','Insert a Store in a Mall', now());
INSERT INTO kk_panel (panel_id, code, description, date_added) VALUES (86, 'kk_panel_multistoreConfig','Multi-Store Configuration', now());

# Add MultiStore Management Panels to super admin role
INSERT INTO kk_role_to_panel (role_id, panel_id, can_edit, can_insert, can_delete, custom1, custom1_desc, date_added) VALUES (1, 83, 1,1,1,1, 'Set to allow admin of all stores', now());
INSERT INTO kk_role_to_panel (role_id, panel_id, can_edit, can_insert, can_delete, date_added) VALUES (1, 84, 1,1,1,now());
INSERT INTO kk_role_to_panel (role_id, panel_id, can_edit, can_insert, can_delete, date_added) VALUES (1, 85, 1,1,1,now());
INSERT INTO kk_role_to_panel (role_id, panel_id, can_edit, can_insert, can_delete, date_added) VALUES (1, 86, 1,1,1,now());

# API calls for Multi-Store Store Maintenance
INSERT INTO kk_api_call (api_call_id, name, description, date_added) VALUES (216, 'getMallStores','', now());
INSERT INTO kk_api_call (api_call_id, name, description, date_added) VALUES (217, 'insertMallStore','', now());
INSERT INTO kk_api_call (api_call_id, name, description, date_added) VALUES (218, 'deleteMallStore','', now());
INSERT INTO kk_api_call (api_call_id, name, description, date_added) VALUES (219, 'updateMallStore','', now());

# Add language code to products_description
ALTER TABLE products_description ADD COLUMN language_code char(2);

UPDATE products_description SET language_code = 'en' WHERE language_id = 1;
UPDATE products_description SET language_code = 'de' WHERE language_id = 2;
UPDATE products_description SET language_code = 'es' WHERE language_id = 3;

# Admin Store Integration Class
DELETE FROM configuration WHERE configuration_key = 'ADMIN_STORE_INTEGRATION_CLASS';
INSERT INTO configuration (configuration_title, configuration_key, configuration_value, configuration_description, configuration_group_id, sort_order, date_added) VALUES ('Admin Store Integration Class', 'ADMIN_STORE_INTEGRATION_CLASS','com.konakartadmin.bl.AdminStoreIntegrationMgr','The Store Integration Implementation Class, to allow custom store maintenance function', '25', '7', now());

# Add super_user and 5 custom fields to kk_role
ALTER TABLE kk_role ADD COLUMN super_user int(1);
ALTER TABLE kk_role ADD COLUMN custom1 varchar(128);
ALTER TABLE kk_role ADD COLUMN custom2 varchar(128);
ALTER TABLE kk_role ADD COLUMN custom3 varchar(128);
ALTER TABLE kk_role ADD COLUMN custom4 varchar(128);
ALTER TABLE kk_role ADD COLUMN custom5 varchar(128);
UPDATE kk_role SET super_user = 1 WHERE name = 'Super User';

# Copy all the Super User role (role 1) permissions over to the Store Administrator role (role 5)
INSERT INTO kk_role_to_panel (role_id, panel_id, can_edit, can_insert, can_delete, custom1, custom1_desc, custom2, custom2_desc, custom3, custom3_desc, date_added) select 5, panel_id, can_edit, can_insert, can_delete, custom1, custom1_desc, custom2, custom2_desc, custom3, custom3_desc, now() from kk_role_to_panel WHERE role_id = 1;

# Take off the permissions that the Store Administrator role should not have
DELETE FROM kk_role_to_panel WHERE role_id = 5 and panel_id = 1;
DELETE FROM kk_role_to_panel WHERE role_id = 5 and panel_id = 6;
DELETE FROM kk_role_to_panel WHERE role_id = 5 and panel_id = 8;
DELETE FROM kk_role_to_panel WHERE role_id = 5 and panel_id = 11;
DELETE FROM kk_role_to_panel WHERE role_id = 5 and panel_id = 20;
DELETE FROM kk_role_to_panel WHERE role_id = 5 and panel_id = 21;
DELETE FROM kk_role_to_panel WHERE role_id = 5 and panel_id = 26;
DELETE FROM kk_role_to_panel WHERE role_id = 5 and panel_id = 28;
DELETE FROM kk_role_to_panel WHERE role_id = 5 and panel_id = 32;
DELETE FROM kk_role_to_panel WHERE role_id = 5 and panel_id = 54;
DELETE FROM kk_role_to_panel WHERE role_id = 5 and panel_id = 55;
DELETE FROM kk_role_to_panel WHERE role_id = 5 and panel_id = 56;
DELETE FROM kk_role_to_panel WHERE role_id = 5 and panel_id = 57;
DELETE FROM kk_role_to_panel WHERE role_id = 5 and panel_id = 58;
DELETE FROM kk_role_to_panel WHERE role_id = 5 and panel_id = 59;
DELETE FROM kk_role_to_panel WHERE role_id = 5 and panel_id = 60;
DELETE FROM kk_role_to_panel WHERE role_id = 5 and panel_id = 63;
DELETE FROM kk_role_to_panel WHERE role_id = 5 and panel_id = 85;
DELETE FROM kk_role_to_panel WHERE role_id = 5 and panel_id = 86;

# Give Store Administrator Read-Only / special access to these:
UPDATE kk_role_to_panel SET can_insert = 0, can_delete = 0, custom1 = 0 WHERE role_id = 5 and panel_id = 83;
UPDATE kk_role_to_panel SET can_edit=0, can_insert=0, can_delete=0 WHERE role_id = 5 and panel_id = 12;
UPDATE kk_role_to_panel SET can_edit=0, can_insert=0, can_delete=0 WHERE role_id = 5 and panel_id = 14;

# Reports re-located for MultiStore
UPDATE configuration SET configuration_value = 'C:/Program Files/KonaKart/webapps/birtviewer/reports/stores/store1/' WHERE configuration_key = 'REPORTS_DEFN_PATH';
UPDATE configuration SET configuration_value = 'http://localhost:8780/birtviewer/frameset?__report=reports/stores/store1/' WHERE configuration_key = 'REPORTS_URL';
UPDATE configuration SET configuration_value = 'http://localhost:8780/birtviewer/run?__report=reports/stores/store1/OrdersInLast30DaysChart.rptdesign&storeId=store1' WHERE configuration_key = 'REPORTS_STATUS_PAGE_URL';

# Add the custom1 privilege to enable/disable the reading and editing of custom fields and order number on the Edit Order Panel
UPDATE kk_role_to_panel SET custom2=0, custom2_desc='Set to allow read and edit of custom fields and order number' WHERE panel_id=17;

# KonaKart Home Directory
DELETE FROM configuration WHERE configuration_key = 'INSTALLATION_HOME';
INSERT INTO configuration (configuration_title, configuration_key, configuration_value, configuration_description, configuration_group_id, sort_order, date_added) VALUES ('KonaKart Installation Home', 'INSTALLATION_HOME','C:/Program Files/KonaKart/','The home directory of this KonaKart Installation', '1', '26', now());

# Version 4.0.0.0 ---------------------------------------------------------------------

# Add Custom fields for zones table
ALTER TABLE zones ADD COLUMN custom1 varchar(128);
ALTER TABLE zones ADD COLUMN custom2 varchar(128);
ALTER TABLE zones ADD COLUMN custom3 varchar(128);

# Configuration for product select panels in admin app
DELETE FROM configuration WHERE configuration_key = 'ADMIN_APP_PROD_SEL_TEMPLATE';
INSERT INTO configuration (configuration_title, configuration_key, configuration_value, configuration_description, configuration_group_id, sort_order, date_added) VALUES ('Product Select Template' , 'ADMIN_APP_PROD_SEL_TEMPLATE', '$name', 'Sets the template for which attributes to view when selecting a product ($name, $sku, $id, $model, $manufacturer, $custom1 ... $custom5', '21', '25', now());
DELETE FROM configuration WHERE configuration_key = 'ADMIN_APP_PROD_SEL_NUM_PRODS';
INSERT INTO configuration (configuration_title, configuration_key, configuration_value, configuration_description, configuration_group_id, sort_order, date_added) VALUES ('Product Select Default Num Prods', 'ADMIN_APP_PROD_SEL_NUM_PRODS', '0', 'Sets the default number of products displayed in the product select dialogs when opened', '21', '26', now());
DELETE FROM configuration WHERE configuration_key = 'ADMIN_APP_PROD_SEL_MAX_NUM_PRODS';
INSERT INTO configuration (configuration_title, configuration_key, configuration_value, configuration_description, configuration_group_id, sort_order, date_added) VALUES ('Product Select Max Num Prods', 'ADMIN_APP_PROD_SEL_MAX_NUM_PRODS', '100', 'Sets the maximum number of products displayed in the product select dialogs after a search', '21', '27', now());

# Add date available attribute to products quantity
ALTER TABLE products_quantity ADD COLUMN products_date_available datetime;

# API calls for setting product quantity and product availability
INSERT INTO kk_api_call (api_call_id, name, description, date_added) VALUES (220, 'setProductQuantity','', now());
INSERT INTO kk_api_call (api_call_id, name, description, date_added) VALUES (221, 'setProductAvailability','', now());

# Extra attributes for product object
ALTER TABLE products ADD COLUMN max_num_downloads int default -1 not null;
ALTER TABLE products ADD COLUMN max_download_days int default -1 not null;
ALTER TABLE products ADD COLUMN stock_reorder_level int default -1 not null;

# Cookie table to save cookie information
DROP TABLE IF EXISTS kk_cookie;
CREATE TABLE kk_cookie (
  customer_uuid varchar(128) NOT NULL,
  attribute_id varchar(64) NOT NULL,
  attribute_value varchar(256),
  date_added datetime NOT NULL,
  last_read datetime,
  last_modified datetime,
  PRIMARY KEY (customer_uuid, attribute_id)
);

# Add tracking number to orders table
ALTER TABLE orders ADD COLUMN tracking_number varchar(128);

# Update description of role to panel
UPDATE kk_role_to_panel SET custom2=0, custom2_desc='Set to allow read and edit of custom fields, order number, tracking number' WHERE panel_id=17;

# Extra attribute for product object
ALTER TABLE products ADD COLUMN can_order_when_not_in_stock int default -1 NOT NULL;

# Add invisible attribute to categories table
ALTER TABLE categories ADD categories_invisible int(1) DEFAULT 0 NOT NULL;

# API calls for getting product quantity and product availability
INSERT INTO kk_api_call (api_call_id, name, description, date_added) VALUES (222, 'getProductQuantity','', now());
INSERT INTO kk_api_call (api_call_id, name, description, date_added) VALUES (223, 'getProductAvailability','', now());

# Add a new panel for inserting product quantities
INSERT INTO kk_panel (panel_id, code, description, date_added) VALUES (87, 'kk_panel_productQuantity','Product Quantity', now());
INSERT INTO kk_role_to_panel (role_id, panel_id, can_edit, can_insert, can_delete, date_added) VALUES (1, 87, 1,1,1,now());
INSERT INTO kk_role_to_panel (role_id, panel_id, can_edit, can_insert, can_delete, date_added) VALUES (2, 87, 1,1,1,now());

# API calls for XML import/export
INSERT INTO kk_api_call (api_call_id, name, description, date_added) VALUES (224, 'insertTagGroupToTags','', now());
INSERT INTO kk_api_call (api_call_id, name, description, date_added) VALUES (225, 'getTagGroupToTags','', now());
INSERT INTO kk_api_call (api_call_id, name, description, date_added) VALUES (226, 'importCustomer','', now());
INSERT INTO kk_api_call (api_call_id, name, description, date_added) VALUES (227, 'getProductNotificationsForCustomer','', now());
INSERT INTO kk_api_call (api_call_id, name, description, date_added) VALUES (228, 'getProductOptionsPerName','', now());
INSERT INTO kk_api_call (api_call_id, name, description, date_added) VALUES (229, 'getAllProductOptionValues','', now());
INSERT INTO kk_api_call (api_call_id, name, description, date_added) VALUES (230, 'getProductOptionValuesPerName','', now());
INSERT INTO kk_api_call (api_call_id, name, description, date_added) VALUES (231, 'insertProductsOptionsValuesToProductsOptions','', now());
INSERT INTO kk_api_call (api_call_id, name, description, date_added) VALUES (232, 'getProductOptionValueToProductOptions','', now());
INSERT INTO kk_api_call (api_call_id, name, description, date_added) VALUES (233, 'getAllConfigurations','', now());
INSERT INTO kk_api_call (api_call_id, name, description, date_added) VALUES (234, 'getAllConfigurationGroups','', now());
INSERT INTO kk_api_call (api_call_id, name, description, date_added) VALUES (235, 'updateConfiguration','', now());
INSERT INTO kk_api_call (api_call_id, name, description, date_added) VALUES (236, 'updateConfigurationGroup','', now());
INSERT INTO kk_api_call (api_call_id, name, description, date_added) VALUES (237, 'getConfigurationGroupsByTitle','', now());
INSERT INTO kk_api_call (api_call_id, name, description, date_added) VALUES (238, 'getConfigurationByKey','', now());
INSERT INTO kk_api_call (api_call_id, name, description, date_added) VALUES (239, 'insertConfiguration','', now());
INSERT INTO kk_api_call (api_call_id, name, description, date_added) VALUES (240, 'insertConfigurationGroup','', now());
INSERT INTO kk_api_call (api_call_id, name, description, date_added) VALUES (241, 'insertIpnHistory','', now());
INSERT INTO kk_api_call (api_call_id, name, description, date_added) VALUES (242, 'importAudit','', now());
INSERT INTO kk_api_call (api_call_id, name, description, date_added) VALUES (243, 'getCategoriesPerTagGroup','', now());
INSERT INTO kk_api_call (api_call_id, name, description, date_added) VALUES (244, 'addCategoriesToTagGroups','', now());



# Add a new panel for inserting product available dates
INSERT INTO kk_panel (panel_id, code, description, date_added) VALUES (88, 'kk_panel_productAvailableDate','Product Available Date', now());
INSERT INTO kk_role_to_panel (role_id, panel_id, can_edit, can_insert, can_delete, date_added) VALUES (1, 88, 1,1,1,now());
INSERT INTO kk_role_to_panel (role_id, panel_id, can_edit, can_insert, can_delete, date_added) VALUES (2, 88, 1,1,1,now());

# Extra attributes for order product and basket objects
ALTER TABLE orders_products ADD COLUMN products_state int default '0';
ALTER TABLE orders_products ADD COLUMN products_sku varchar(255);
ALTER TABLE customers_basket ADD COLUMN products_sku varchar(255);

# Add customer_id to sessions table - previously the customer_id was stored in the value column.  We also make value nullable.
# For various reasons, mainly DB2 limitations, we drop the sessions table and recreate it
DROP TABLE IF EXISTS sessions;
CREATE TABLE sessions (
  sesskey varchar(32) NOT NULL,
  expiry int(11) unsigned NOT NULL,
  customer_id int NULL,
  value varchar(256) NULL,
  store_id varchar(64) NULL,
  custom1 varchar(128) NULL,
  custom2 varchar(128) NULL,
  custom3 varchar(128) NULL,
  custom4 varchar(128) NULL,
  custom5 varchar(128) NULL,
  PRIMARY KEY (sesskey)
);
ALTER TABLE sessions ADD KEY idx_store_id (store_id);

# Determine whether to show dialog to send mail after a group change
DELETE FROM configuration WHERE configuration_key = 'ADMIN_APP_ALLOW_GROUP_CHANGE_MAIL';
INSERT INTO configuration (configuration_title, configuration_key, configuration_value, configuration_description, configuration_group_id, sort_order, set_function, date_added) VALUES ('Allow Cust Group Change eMail', 'ADMIN_APP_ALLOW_GROUP_CHANGE_MAIL', 'true', 'When this is set, a popup window appears when the group of a customer is changed to allow you to send an eMail', '21', '28', 'tep_cfg_select_option(array(\'true\', \'false\'), ', now());

# Admin App session related API calls
INSERT INTO kk_api_call (api_call_id, name, description, date_added) VALUES (245, 'addCustomDataToSession','', now());
INSERT INTO kk_api_call (api_call_id, name, description, date_added) VALUES (246, 'getCustomDataFromSession','', now());

# New Batch jobs
INSERT INTO kk_api_call (api_call_id, name, description, date_added) VALUES (247, 'com.konakartadmin.bl.AdminOrderBatchMgr.productAvailabilityNotificationBatch','', now());
INSERT INTO kk_api_call (api_call_id, name, description, date_added) VALUES (248, 'com.konakartadmin.bl.AdminOrderBatchMgr.unpaidOrderNotificationBatch','', now());
INSERT INTO kk_api_call (api_call_id, name, description, date_added) VALUES (249, 'com.konakartadmin.bl.AdminCustomerBatchMgr.removeExpiredCustomersBatch','', now());

# Version 4.1.0.0 ---------------------------------------------------------------------

# Product to stores
DROP TABLE IF EXISTS kk_product_to_stores;
CREATE TABLE kk_product_to_stores (
  store_id varchar(64) NOT NULL,
  products_id int NOT NULL,
  price_id int NOT NULL DEFAULT '-1',
  PRIMARY KEY (store_id ,products_id)
);

# New Multi-Store Shared Products APIs
INSERT INTO kk_api_call (api_call_id, name, description, date_added) VALUES (250, 'getProductsToStores','', now());
INSERT INTO kk_api_call (api_call_id, name, description, date_added) VALUES (251, 'insertProductsToStores','', now());
INSERT INTO kk_api_call (api_call_id, name, description, date_added) VALUES (252, 'removeProductsToStores','', now());

# New Categories to Tag Groups API
INSERT INTO kk_api_call (api_call_id, name, description, date_added) VALUES (253, 'getCategoriesToTagGroups','', now());

# Modifications for gift registry support
ALTER TABLE customers_basket ADD COLUMN kk_wishlist_id int;
ALTER TABLE orders_products ADD COLUMN kk_wishlist_id int;
ALTER TABLE customers_basket ADD COLUMN kk_wishlist_item_id int;
ALTER TABLE orders_products ADD COLUMN kk_wishlist_item_id int;

ALTER TABLE kk_wishlist ADD COLUMN customers1_firstname varchar(32);
ALTER TABLE kk_wishlist ADD COLUMN customers1_lastname varchar(32);
ALTER TABLE kk_wishlist ADD COLUMN link_url varchar(255);
ALTER TABLE kk_wishlist ADD COLUMN list_type int;
ALTER TABLE kk_wishlist ADD COLUMN address_id int;
ALTER TABLE kk_wishlist ADD COLUMN event_date datetime;

ALTER TABLE kk_wishlist_item ADD COLUMN quantity_desired int;
ALTER TABLE kk_wishlist_item ADD COLUMN quantity_bought int;
ALTER TABLE kk_wishlist_item ADD COLUMN comments varchar(255);

# Enable / Disable gift registry functionality from application
DELETE FROM configuration WHERE configuration_key = 'ENABLE_GIFT_REGISTRY';
INSERT INTO configuration (configuration_title, configuration_key, configuration_value, configuration_description, configuration_group_id, sort_order, set_function, date_added) VALUES ('Enable Gift Registry functionality', 'ENABLE_GIFT_REGISTRY', 'false', 'When set to true, gift registry functionality is enabled in the application', '1', '26', 'tep_cfg_select_option(array(\'true\', \'false\'), ', now());

# Maximum number of gift registries displayed in a search
DELETE FROM configuration WHERE configuration_key = 'MAX_DISPLAY_GIFT_REGISTRIES';
INSERT INTO configuration (configuration_title, configuration_key, configuration_value, configuration_description, configuration_group_id, sort_order, set_function, date_added) VALUES ('Gift Registry Search', 'MAX_DISPLAY_GIFT_REGISTRIES', '6', 'Maximum number of gift registries to display', '3', '24', 'integer(0,null)', now());

# New Insert Order API
INSERT INTO kk_api_call (api_call_id, name, description, date_added) VALUES (254, 'insertOrder','', now());

# Version 4.2.0.0 ---------------------------------------------------------------------

# API call for forcing registration of admin users even if already registered - delete and re-insert (it may or may not be present)
DELETE FROM kk_role_to_api_call WHERE api_call_id in (select api_call_id from kk_api_call WHERE name='forceRegisterCustomer');
DELETE FROM kk_api_call WHERE name = 'forceRegisterCustomer';
INSERT INTO kk_api_call (name, description, date_added) VALUES ('forceRegisterCustomer','', now());

# Extra attribute for product object
ALTER TABLE products ADD COLUMN index_attachment int default 0 not null;

# Maximum number of gift registry items displayed
DELETE FROM configuration WHERE configuration_key = 'MAX_DISPLAY_GIFT_REGISTRY_ITEMS';
INSERT INTO configuration (configuration_title, configuration_key, configuration_value, configuration_description, configuration_group_id, sort_order, set_function, date_added) VALUES ('Gift Registry Items', 'MAX_DISPLAY_GIFT_REGISTRY_ITEMS', '20', 'Maximum number of gift registry items to display', '3', '25', 'integer(0,null)', now());

# WishList APIs for the Admin App... used by the XML_IO utility
INSERT INTO kk_api_call (name, description, date_added) VALUES ('getWishLists','', now());
INSERT INTO kk_api_call (name, description, date_added) VALUES ('insertWishList','', now());
INSERT INTO kk_api_call (name, description, date_added) VALUES ('deleteWishList','', now());
INSERT INTO kk_api_call (name, description, date_added) VALUES ('insertWishListItem','', now());
INSERT INTO kk_api_call (name, description, date_added) VALUES ('deleteWishListItem','', now());

# Tables for CustomerTags
DROP TABLE IF EXISTS kk_customer_tag;
CREATE TABLE kk_customer_tag (
   kk_customer_tag_id int NOT NULL auto_increment,
   store_id varchar(64),
   name varchar(64) NOT NULL,
   description varchar(255) NOT NULL,
   validation varchar(128),
   tag_type integer DEFAULT '0' NOT NULL,
   max_ints integer DEFAULT '1',
   custom1 varchar(128),
   custom2 varchar(128),
   custom3 varchar(128),
   custom4 varchar(128),
   custom5 varchar(128),
   date_added datetime NOT NULL,
   PRIMARY KEY (kk_customer_tag_id),
   KEY idx_name_kk_customer_tag (name),
   KEY idx_store_id_kk_customer_tag (store_id)
   );

DROP TABLE IF EXISTS kk_customers_to_tag;
CREATE TABLE kk_customers_to_tag (
   kk_customer_tag_id int DEFAULT '0' NOT NULL,
   customers_id int DEFAULT '0' NOT NULL,
   store_id varchar(64),
   name varchar(64) NOT NULL,
   tag_value varchar(255),
   date_added datetime NOT NULL,
   PRIMARY KEY (kk_customer_tag_id, customers_id),
   KEY idx_name_kk_customers_to_tag (name),
   KEY idx_stor_kk_customers_to_tag (store_id)
);

# AdminApp CustomerTag API calls
INSERT INTO kk_api_call (name, description, date_added) VALUES ('insertCustomerTag','', now());
INSERT INTO kk_api_call (name, description, date_added) VALUES ('getCustomerTag','', now());
INSERT INTO kk_api_call (name, description, date_added) VALUES ('deleteCustomerTag','', now());
INSERT INTO kk_api_call (name, description, date_added) VALUES ('updateCustomerTag','', now());
INSERT INTO kk_api_call (name, description, date_added) VALUES ('getCustomerTags','', now());
INSERT INTO kk_api_call (name, description, date_added) VALUES ('deleteCustomerTagForCustomer','', now());
INSERT INTO kk_api_call (name, description, date_added) VALUES ('getCustomerTagForCustomer','', now());
INSERT INTO kk_api_call (name, description, date_added) VALUES ('getCustomerTagForName','', now());
INSERT INTO kk_api_call (name, description, date_added) VALUES ('getCustomerTagsForCustomer','', now());
INSERT INTO kk_api_call (name, description, date_added) VALUES ('insertCustomerTagForCustomer','', now());

# Admin Engine Address API calls
INSERT INTO kk_api_call (name, description, date_added) VALUES ('getAddressById','', now());
INSERT INTO kk_api_call (name, description, date_added) VALUES ('getAddresses','', now());
INSERT INTO kk_api_call (name, description, date_added) VALUES ('insertAddress','', now());
INSERT INTO kk_api_call (name, description, date_added) VALUES ('updateAddress','', now());
INSERT INTO kk_api_call (name, description, date_added) VALUES ('deleteAddress','', now());

# Add a new panel for managing customer tags
INSERT INTO kk_panel (panel_id, code, description, date_added) VALUES (89, 'kk_panel_custTags','Customer Tags', now());
INSERT INTO kk_role_to_panel (role_id, panel_id, can_edit, can_insert, can_delete, date_added) VALUES (1, 89, 1,1,1,now());
INSERT INTO kk_role_to_panel (role_id, panel_id, can_edit, can_insert, can_delete, date_added) VALUES (2, 89, 1,1,1,now());

# Email Integration Class
DELETE FROM configuration WHERE configuration_key = 'EMAIL_INTEGRATION_CLASS';
INSERT INTO configuration (configuration_title, configuration_key, configuration_value, configuration_description, configuration_group_id, sort_order, date_added) VALUES ('Email Integration Class', 'EMAIL_INTEGRATION_CLASS', 'com.konakart.bl.EmailIntegrationMgr', 'The Email Integration Implementation Class to enable you to change the toAddress of the mail', '12', '16', now());

# Tables for Expressions
DROP TABLE IF EXISTS kk_expression;
CREATE TABLE kk_expression (
   kk_expression_id int NOT NULL auto_increment,
   store_id varchar(64),
   name varchar(64) NOT NULL,
   description varchar(255),
   num_variables integer DEFAULT '0' NOT NULL,
   custom1 varchar(128),
   custom2 varchar(128),
   custom3 varchar(128),
   date_added datetime NOT NULL,
   PRIMARY KEY (kk_expression_id),
   KEY idx_name_kk_expression (name),
   KEY idx_store_id_kk_expression (store_id)
   );

DROP TABLE IF EXISTS kk_expression_variable;
CREATE TABLE kk_expression_variable (
   kk_expression_variable_id int NOT NULL auto_increment,
   kk_customer_tag_id int DEFAULT '0' NOT NULL,
   kk_expression_id int DEFAULT '0' NOT NULL,
   store_id varchar(64),
   tag_type integer DEFAULT '0' NOT NULL,
   tag_value varchar(255) NOT NULL,
   operator integer DEFAULT '0' NOT NULL,
   tag_order integer DEFAULT '0' NOT NULL,
   tag_and_or integer DEFAULT '0' NOT NULL,
   group_order integer DEFAULT '0' NOT NULL,
   group_and_or integer DEFAULT '0' NOT NULL,
   date_added datetime NOT NULL,
   PRIMARY KEY (kk_expression_variable_id),
   KEY idx_exp_kk_express_to_tag (kk_expression_id),
   KEY idx_stor_kk_express_to_tag (store_id)
   );

# AdminApp Expression API calls
INSERT INTO kk_api_call (name, description, date_added) VALUES ('insertExpression','', now());
INSERT INTO kk_api_call (name, description, date_added) VALUES ('updateExpression','', now());
INSERT INTO kk_api_call (name, description, date_added) VALUES ('deleteExpression','', now());
INSERT INTO kk_api_call (name, description, date_added) VALUES ('getExpression','', now());
INSERT INTO kk_api_call (name, description, date_added) VALUES ('getExpressions','', now());
INSERT INTO kk_api_call (name, description, date_added) VALUES ('getExpressionVariable','', now());
INSERT INTO kk_api_call (name, description, date_added) VALUES ('getExpressionVariablesForExpression','', now());
INSERT INTO kk_api_call (name, description, date_added) VALUES ('getExpressionForName','', now());
INSERT INTO kk_api_call (name, description, date_added) VALUES ('insertExpressionVariables','', now());
INSERT INTO kk_api_call (name, description, date_added) VALUES ('updateExpressionVariable','', now());
INSERT INTO kk_api_call (name, description, date_added) VALUES ('deleteExpressionVariable','', now());
INSERT INTO kk_api_call (name, description, date_added) VALUES ('deleteExpressionVariablesForExpression','', now());

# Add new panels for managing expressions
INSERT INTO kk_panel (panel_id, code, description, date_added) VALUES (90, 'kk_panel_expressions','Expressions', now());
INSERT INTO kk_role_to_panel (role_id, panel_id, can_edit, can_insert, can_delete, date_added) VALUES (1, 90, 1,1,1,now());
INSERT INTO kk_role_to_panel (role_id, panel_id, can_edit, can_insert, can_delete, date_added) VALUES (2, 90, 1,1,1,now());

INSERT INTO kk_panel (panel_id, code, description, date_added) VALUES (91, 'kk_panel_variablesFromExp','Expression Variables', now());
INSERT INTO kk_role_to_panel (role_id, panel_id, can_edit, can_insert, can_delete, date_added) VALUES (1, 91, 1,1,1,now());
INSERT INTO kk_role_to_panel (role_id, panel_id, can_edit, can_insert, can_delete, date_added) VALUES (2, 91, 1,1,1,now());

# Connect the promotion to expressions
DROP TABLE IF EXISTS kk_promotion_to_expression;
CREATE TABLE kk_promotion_to_expression (
  promotion_id int NOT NULL,
  kk_expression_id int NOT NULL,
  store_id varchar(64),
  PRIMARY KEY (promotion_id,kk_expression_id),
  KEY idx_store_id (store_id)
);

#---------------------------------------------------------------------------------------------------------------------------
# Add Portuguese
INSERT INTO languages VALUES (4,'Português','pt','icon.gif','portuguese',4, null);

# Category Descriptions
INSERT INTO categories_description (categories_id, language_id, categories_name) VALUES ( '1', '4', 'Hardware');
INSERT INTO categories_description (categories_id, language_id, categories_name) VALUES ( '2', '4', 'Software');
INSERT INTO categories_description (categories_id, language_id, categories_name) VALUES ( '3', '4', 'DVD Filmes');
INSERT INTO categories_description (categories_id, language_id, categories_name) VALUES ( '4', '4', 'Placas Graficas');
INSERT INTO categories_description (categories_id, language_id, categories_name) VALUES ( '5', '4', 'Impressoras');
INSERT INTO categories_description (categories_id, language_id, categories_name) VALUES ( '6', '4', 'Monitores');
INSERT INTO categories_description (categories_id, language_id, categories_name) VALUES ( '7', '4', 'Altavoces');
INSERT INTO categories_description (categories_id, language_id, categories_name) VALUES ( '8', '4', 'Teclados');
INSERT INTO categories_description (categories_id, language_id, categories_name) VALUES ( '9', '4', 'Ratones');
INSERT INTO categories_description (categories_id, language_id, categories_name) VALUES ( '10', '4', 'Accion');
INSERT INTO categories_description (categories_id, language_id, categories_name) VALUES ( '11', '4', 'Ciencia Ficcion');
INSERT INTO categories_description (categories_id, language_id, categories_name) VALUES ( '12', '4', 'Comedia');
INSERT INTO categories_description (categories_id, language_id, categories_name) VALUES ( '13', '4', 'Dibujos Animados');
INSERT INTO categories_description (categories_id, language_id, categories_name) VALUES ( '14', '4', 'Suspense');
INSERT INTO categories_description (categories_id, language_id, categories_name) VALUES ( '15', '4', 'Drama');
INSERT INTO categories_description (categories_id, language_id, categories_name) VALUES ( '16', '4', 'Memoria');
INSERT INTO categories_description (categories_id, language_id, categories_name) VALUES ( '17', '4', 'Unidades CDROM');
INSERT INTO categories_description (categories_id, language_id, categories_name) VALUES ( '18', '4', 'Simulacion');
INSERT INTO categories_description (categories_id, language_id, categories_name) VALUES ( '19', '4', 'Accion');
INSERT INTO categories_description (categories_id, language_id, categories_name) VALUES ( '20', '4', 'Estrategia');

# Tags
INSERT INTO kk_tag (tag_id, language_id, name, sort_order)  VALUES (1,4,'Audiência Geral: G',0);
INSERT INTO kk_tag (tag_id, language_id, name, sort_order)  VALUES (2,4,'Parental Guidance: PG',1);
INSERT INTO kk_tag (tag_id, language_id, name, sort_order)  VALUES (3,4,'Pais Advertido: PG-13',2);
INSERT INTO kk_tag (tag_id, language_id, name, sort_order)  VALUES (4,4,'Restrito: R',3);
INSERT INTO kk_tag (tag_id, language_id, name, sort_order)  VALUES (5,4,'Adults Only: NC-17',4);
INSERT INTO kk_tag (tag_id, language_id, name, sort_order)  VALUES (6,4,'Blu-ray',0);
INSERT INTO kk_tag (tag_id, language_id, name, sort_order)  VALUES (7,4,'HD-DVD',1);

# Tag groups
INSERT INTO kk_tag_group (tag_group_id, language_id, name, description)  VALUES (1,4,'Avaliações MPAA Movie','A MPAA rating dado a cada filme');
INSERT INTO kk_tag_group (tag_group_id, language_id, name, description)  VALUES (2,4,'Formato DVD','O formato do DVD');

# Manfacturer's Info
INSERT INTO manufacturers_info VALUES (1, 4, 'http://www.matrox.com', 0, null, null);
INSERT INTO manufacturers_info VALUES (2, 4, 'http://www.microsoft.com', 0, null, null);
INSERT INTO manufacturers_info VALUES (3, 4, 'http://www.warner.com', 0, null, null);
INSERT INTO manufacturers_info VALUES (4, 4, 'http://www.fox.com', 0, null, null);
INSERT INTO manufacturers_info VALUES (5, 4, 'http://www.logitech.com', 0, null, null);
INSERT INTO manufacturers_info VALUES (6, 4, 'http://www.canon.com', 0, null, null);
INSERT INTO manufacturers_info VALUES (7, 4, 'http://www.sierra.com', 0, null, null);
INSERT INTO manufacturers_info VALUES (8, 4, 'http://www.infogrames.com', 0, null, null);
INSERT INTO manufacturers_info VALUES (9, 4, 'http://www.hewlettpackard.com', 0, null, null);

# Order Statuses
INSERT INTO orders_status(orders_status_id, language_id, orders_status_name) VALUES (1,4,'Pendente');
INSERT INTO orders_status(orders_status_id, language_id, orders_status_name) VALUES (2,4,'Processamento');
INSERT INTO orders_status(orders_status_id, language_id, orders_status_name) VALUES (3,4,'Entregue');
INSERT INTO orders_status(orders_status_id, language_id, orders_status_name) VALUES (4,4,'À espera de pagamento');
INSERT INTO orders_status(orders_status_id, language_id, orders_status_name) VALUES (5,4,'Pagamento Recebido');
INSERT INTO orders_status(orders_status_id, language_id, orders_status_name) VALUES (6,4,'Pagamento recusado');
INSERT INTO orders_status(orders_status_id, language_id, orders_status_name) VALUES (7,4,'Parcialmente entregue');

# Product Descriptions
INSERT INTO products_description (products_id, language_id, products_name, products_description, products_url, products_viewed) VALUES (1,4,'Matrox G200 MMS','(pt) Reinforcing its position as a multi-monitor trailblazer, Matrox Graphics Inc. has once again developed the most flexible and highly advanced solution in the industry. Introducing the new Matrox G200 Multi-Monitor Series; the first graphics card ever to support up to four DVI digital flat panel displays on a single 8&quot; PCI board.<br><br>With continuing demand for digital flat panels in the financial workplace, the Matrox G200 MMS is the ultimate in flexible solutions. The Matrox G200 MMS also supports the new digital video interface (DVI) created by the Digital Display Working Group (DDWG) designed to ease the adoption of digital flat panels. Other configurations include composite video capture ability and onboard TV tuner, making the Matrox G200 MMS the complete solution for business needs.<br><br>Based on the award-winning MGA-G200 graphics chip, the Matrox G200 Multi-Monitor Series provides superior 2D/3D graphics acceleration to meet the demanding needs of business applications such as real-time stock quotes (Versus), live video feeds (Reuters & Bloombergs), multiple windows applications, word processing, spreadsheets and CAD.','www.matrox.com/mga/products/g200_mms/home.cfm',0);
INSERT INTO products_description (products_id, language_id, products_name, products_description, products_url, products_viewed) VALUES (2,4,'Matrox G400 32MB','(pt) <b>Dramatically Different High Performance Graphics</b><br><br>Introducing the Millennium G400 Series - a dramatically different, high performance graphics experience. Armed with the industry\'s fastest graphics chip, the Millennium G400 Series takes explosive acceleration two steps further by adding unprecedented image quality, along with the most versatile display options for all your 3D, 2D and DVD applications. As the most powerful and innovative tools in your PC\'s arsenal, the Millennium G400 Series will not only change the way you see graphics, but will revolutionize the way you use your computer.<br><br><b>Key features:</b><ul><li>New Matrox G400 256-bit DualBus graphics chip</li><li>Explosive 3D, 2D and DVD performance</li><li>DualHead Display</li><li>Superior DVD and TV output</li><li>3D Environment-Mapped Bump Mapping</li><li>Vibrant Color Quality rendering </li><li>UltraSharp DAC of up to 360 MHz</li><li>3D Rendering Array Processor</li><li>Support for 16 or 32 MB of memory</li></ul>','www.matrox.com/mga/products/mill_g400/home.htm',0);
INSERT INTO products_description (products_id, language_id, products_name, products_description, products_url, products_viewed) VALUES (3,4,'Microsoft IntelliMouse Pro','(pt) Every element of IntelliMouse Pro - from its unique arched shape to the texture of the rubber grip around its base - is the product of extensive customer and ergonomic research. Microsoft\'s popular wheel control, which now allows zooming and universal scrolling functions, gives IntelliMouse Pro outstanding comfort and efficiency.','www.microsoft.com/hardware/mouse/intellimouse.asp',0);
INSERT INTO products_description (products_id, language_id, products_name, products_description, products_url, products_viewed) VALUES (4,4,'The Replacement Killers','(pt) Regional Code: 2 (Japan, Europe, Middle East, South Africa).<br>Languages: English, Deutsch.<br>Subtitles: English, Deutsch, Spanish.<br>Audio: Dolby Surround 5.1.<br>Picture Format: 16:9 Wide-Screen.<br>Length: (approx) 80 minutes.<br>Other: Interactive Menus, Chapter Selection, Subtitles (more languages).','www.replacement-killers.com',0);
INSERT INTO products_description (products_id, language_id, products_name, products_description, products_url, products_viewed) VALUES (5,4,'Blade Runner - Director\'s Cut','(pt) Regional Code: 2 (Japan, Europe, Middle East, South Africa).<br>Languages: English, Deutsch.<br>Subtitles: English, Deutsch, Spanish.<br>Audio: Dolby Surround 5.1.<br>Picture Format: 16:9 Wide-Screen.<br>Length: (approx) 112 minutes.<br>Other: Interactive Menus, Chapter Selection, Subtitles (more languages).','www.bladerunner.com',0);
INSERT INTO products_description (products_id, language_id, products_name, products_description, products_url, products_viewed) VALUES (6,4,'The Matrix','(pt) Regional Code: 2 (Japan, Europe, Middle East, South Africa).<br><br>Languages: English, Deutsch.<br><br>Subtitles: English, Deutsch.<br><br>Audio: Dolby Surround.<br><br>Picture Format: 16:9 Wide-Screen.<br><br>Length: (approx) 131 minutes.<br><br>Other: Interactive Menus, Chapter Selection, Making Of.','www.thematrix.com',0);
INSERT INTO products_description (products_id, language_id, products_name, products_description, products_url, products_viewed) VALUES (7,4,'You\'ve Got Mail','(pt) Regional Code: 2 (Japan, Europe, Middle East, South Africa).<br><br>Languages: English, Deutsch, Spanish.<br><br>Subtitles: English, Deutsch, Spanish, French, Nordic, Polish.<br><br>Audio: Dolby Digital 5.1.<br><br>Picture Format: 16:9 Wide-Screen.<br><br>Length: (approx) 115 minutes.<br><br>Other: Interactive Menus, Chapter Selection, Subtitles (more languages).','www.youvegotmail.com',0);
INSERT INTO products_description (products_id, language_id, products_name, products_description, products_url, products_viewed) VALUES (8,4,'A Bug\'s Life','(pt) Regional Code: 2 (Japan, Europe, Middle East, South Africa).<br><br>Languages: English, Deutsch.<br><br>Subtitles: English, Deutsch, Spanish.<br><br>Audio: Dolby Digital 5.1 / Dobly Surround Stereo.<br><br>Picture Format: 16:9 Wide-Screen.<br><br>Length: (approx) 91 minutes.<br><br>Other: Interactive Menus, Chapter Selection, Subtitles (more languages).','www.abugslife.com',0);
INSERT INTO products_description (products_id, language_id, products_name, products_description, products_url, products_viewed) VALUES (9,4,'Under Siege','(pt) Regional Code: 2 (Japan, Europe, Middle East, South Africa).<br><br>Languages: English, Deutsch.<br><br>Subtitles: English, Deutsch, Spanish.<br><br>Audio: Dolby Surround 5.1.<br><br>Picture Format: 16:9 Wide-Screen.<br><br>Length: (approx) 98 minutes.<br><br>Other: Interactive Menus, Chapter Selection, Subtitles (more languages).','',0);
INSERT INTO products_description (products_id, language_id, products_name, products_description, products_url, products_viewed) VALUES (10,4,'Under Siege 2 - Dark Territory','(pt) Regional Code: 2 (Japan, Europe, Middle East, South Africa).<br><br>Languages: English, Deutsch.<br><br>Subtitles: English, Deutsch, Spanish.<br><br>Audio: Dolby Surround 5.1.<br><br>Picture Format: 16:9 Wide-Screen.<br><br>Length: (approx) 98 minutes.<br><br>Other: Interactive Menus, Chapter Selection, Subtitles (more languages).','',0);
INSERT INTO products_description (products_id, language_id, products_name, products_description, products_url, products_viewed) VALUES (11,4,'Fire Down Below','(pt) Regional Code: 2 (Japan, Europe, Middle East, South Africa).<br><br>Languages: English, Deutsch.<br><br>Subtitles: English, Deutsch, Spanish.<br><br>Audio: Dolby Surround 5.1.<br><br>Picture Format: 16:9 Wide-Screen.<br><br>Length: (approx) 100 minutes.<br><br>Other: Interactive Menus, Chapter Selection, Subtitles (more languages).','',0);
INSERT INTO products_description (products_id, language_id, products_name, products_description, products_url, products_viewed) VALUES (12,4,'Die Hard With A Vengeance','(pt) Regional Code: 2 (Japan, Europe, Middle East, South Africa).<br><br>Languages: English, Deutsch.<br><br>Subtitles: English, Deutsch, Spanish.<br><br>Audio: Dolby Surround 5.1.<br><br>Picture Format: 16:9 Wide-Screen.<br><br>Length: (approx) 122 minutes.<br><br>Other: Interactive Menus, Chapter Selection, Subtitles (more languages).','',0);
INSERT INTO products_description (products_id, language_id, products_name, products_description, products_url, products_viewed) VALUES (13,4,'Lethal Weapon','(pt) Regional Code: 2 (Japan, Europe, Middle East, South Africa).<br><br>Languages: English, Deutsch.<br><br>Subtitles: English, Deutsch, Spanish.<br><br>Audio: Dolby Surround 5.1.<br><br>Picture Format: 16:9 Wide-Screen.<br><br>Length: (approx) 100 minutes.<br><br>Other: Interactive Menus, Chapter Selection, Subtitles (more languages).','',0);
INSERT INTO products_description (products_id, language_id, products_name, products_description, products_url, products_viewed) VALUES (14,4,'Red Corner','(pt) Regional Code: 2 (Japan, Europe, Middle East, South Africa).<br><br>Languages: English, Deutsch.<br><br>Subtitles: English, Deutsch, Spanish.<br><br>Audio: Dolby Surround 5.1.<br><br>Picture Format: 16:9 Wide-Screen.<br><br>Length: (approx) 117 minutes.<br><br>Other: Interactive Menus, Chapter Selection, Subtitles (more languages).','',0);
INSERT INTO products_description (products_id, language_id, products_name, products_description, products_url, products_viewed) VALUES (15,4,'Frantic','(pt) Regional Code: 2 (Japan, Europe, Middle East, South Africa).<br><br>Languages: English, Deutsch.<br><br>Subtitles: English, Deutsch, Spanish.<br><br>Audio: Dolby Surround 5.1.<br><br>Picture Format: 16:9 Wide-Screen.<br><br>Length: (approx) 115 minutes.<br><br>Other: Interactive Menus, Chapter Selection, Subtitles (more languages).','',0);
INSERT INTO products_description (products_id, language_id, products_name, products_description, products_url, products_viewed) VALUES (16,4,'Courage Under Fire','(pt) Regional Code: 2 (Japan, Europe, Middle East, South Africa).<br><br>Languages: English, Deutsch.<br><br>Subtitles: English, Deutsch, Spanish.<br><br>Audio: Dolby Surround 5.1.<br><br>Picture Format: 16:9 Wide-Screen.<br><br>Length: (approx) 112 minutes.<br><br>Other: Interactive Menus, Chapter Selection, Subtitles (more languages).','',0);
INSERT INTO products_description (products_id, language_id, products_name, products_description, products_url, products_viewed) VALUES (17,4,'Speed','(pt) Regional Code: 2 (Japan, Europe, Middle East, South Africa).<br><br>Languages: English, Deutsch.<br><br>Subtitles: English, Deutsch, Spanish.<br><br>Audio: Dolby Surround 5.1.<br><br>Picture Format: 16:9 Wide-Screen.<br><br>Length: (approx) 112 minutes.<br><br>Other: Interactive Menus, Chapter Selection, Subtitles (more languages).','',0);
INSERT INTO products_description (products_id, language_id, products_name, products_description, products_url, products_viewed) VALUES (18,4,'Speed 2: Cruise Control','(pt) Regional Code: 2 (Japan, Europe, Middle East, South Africa).<br><br>Languages: English, Deutsch.<br><br>Subtitles: English, Deutsch, Spanish.<br><br>Audio: Dolby Surround 5.1.<br><br>Picture Format: 16:9 Wide-Screen.<br><br>Length: (approx) 120 minutes.<br><br>Other: Interactive Menus, Chapter Selection, Subtitles (more languages).','',0);
INSERT INTO products_description (products_id, language_id, products_name, products_description, products_url, products_viewed) VALUES (19,4,'There\'s Something About Mary','(pt) Regional Code: 2 (Japan, Europe, Middle East, South Africa).<br><br>Languages: English, Deutsch.<br><br>Subtitles: English, Deutsch, Spanish.<br><br>Audio: Dolby Surround 5.1.<br><br>Picture Format: 16:9 Wide-Screen.<br><br>Length: (approx) 114 minutes.<br><br>Other: Interactive Menus, Chapter Selection, Subtitles (more languages).','',0);
INSERT INTO products_description (products_id, language_id, products_name, products_description, products_url, products_viewed) VALUES (20,4,'Beloved','(pt) Regional Code: 2 (Japan, Europe, Middle East, South Africa).<br><br>Languages: English, Deutsch.<br><br>Subtitles: English, Deutsch, Spanish.<br><br>Audio: Dolby Surround 5.1.<br><br>Picture Format: 16:9 Wide-Screen.<br><br>Length: (approx) 164 minutes.<br><br>Other: Interactive Menus, Chapter Selection, Subtitles (more languages).','',0);
INSERT INTO products_description (products_id, language_id, products_name, products_description, products_url, products_viewed) VALUES (21,4,'SWAT 3: Close Quarters Battle','(pt) <b>Windows 95/98</b><br><br>211 in progress with shots fired. Officer down. Armed suspects with hostages. Respond Code 3! Los Angles, 2005, In the next seven days, representatives from every nation around the world will converge on Las Angles to witness the signing of the United Nations Nuclear Abolishment Treaty. The protection of these dignitaries falls on the shoulders of one organization, LAPD SWAT. As part of this elite tactical organization, you and your team have the weapons and all the training necessary to protect, to serve, and \"When needed\" to use deadly force to keep the peace. It takes more than weapons to make it through each mission. Your arsenal includes C2 charges, flashbangs, tactical grenades. opti-Wand mini-video cameras, and other devices critical to meeting your objectives and keeping your men free of injury. Uncompromised Duty, Honor and Valor!','www.swat3.com',0);
INSERT INTO products_description (products_id, language_id, products_name, products_description, products_url, products_viewed) VALUES (22,4,'Unreal Tournament','(pt) From the creators of the best-selling Unreal, comes Unreal Tournament. A new kind of single player experience. A ruthless multiplayer revolution.<br><br>This stand-alone game showcases completely new team-based gameplay, groundbreaking multi-faceted single player action or dynamic multi-player mayhem. It\'s a fight to the finish for the title of Unreal Grand Master in the gladiatorial arena. A single player experience like no other! Guide your team of \'bots\' (virtual teamates) against the hardest criminals in the galaxy for the ultimate title - the Unreal Grand Master.','www.unrealtournament.net',0);
INSERT INTO products_description (products_id, language_id, products_name, products_description, products_url, products_viewed) VALUES (23,4,'The Wheel Of Time','(pt) The world in which The Wheel of Time takes place is lifted directly out of Jordan\'s pages; it\'s huge and consists of many different environments. How you navigate the world will depend largely on which game - single player or multipayer - you\'re playing. The single player experience, with a few exceptions, will see Elayna traversing the world mainly by foot (with a couple notable exceptions). In the multiplayer experience, your character will have more access to travel via Ter\'angreal, Portal Stones, and the Ways. However you move around, though, you\'ll quickly discover that means of locomotion can easily become the least of the your worries...<br><br>During your travels, you quickly discover that four locations are crucial to your success in the game. Not surprisingly, these locations are the homes of The Wheel of Time\'s main characters. Some of these places are ripped directly from the pages of Jordan\'s books, made flesh with Legend\'s unparalleled pixel-pushing ways. Other places are specific to the game, conceived and executed with the intent of expanding this game world even further. Either way, they provide a backdrop for some of the most intense first person action and strategy you\'ll have this year.','www.wheeloftime.com',0);
INSERT INTO products_description (products_id, language_id, products_name, products_description, products_url, products_viewed) VALUES (24,4,'Disciples: Sacred Lands','(pt) A new age is dawning...<br><br>Enter the realm of the Sacred Lands, where the dawn of a New Age has set in motion the most momentous of wars. As the prophecies long foretold, four races now clash with swords and sorcery in a desperate bid to control the destiny of their gods. Take on the quest as a champion of the Empire, the Mountain Clans, the Legions of the Damned, or the Undead Hordes and test your faith in battles of brute force, spellbinding magic and acts of guile. Slay demons, vanquish giants and combat merciless forces of the dead and undead. But to ensure the salvation of your god, the hero within must evolve.<br><br>The day of reckoning has come... and only the chosen will survive.','',0);
INSERT INTO products_description (products_id, language_id, products_name, products_description, products_url, products_viewed) VALUES (25,4,'Microsoft Internet Keyboard PS/2','(pt) The Internet Keyboard has 10 Hot Keys on a comfortable standard keyboard design that also includes a detachable palm rest. The Hot Keys allow you to browse the web, or check e-mail directly from your keyboard. The IntelliType Pro software also allows you to customize your hot keys - make the Internet Keyboard work the way you want it to!','',0);
INSERT INTO products_description (products_id, language_id, products_name, products_description, products_url, products_viewed) VALUES (26,4,'Microsoft IntelliMouse Explorer','(pt) Microsoft introduces its most advanced mouse, the IntelliMouse Explorer! IntelliMouse Explorer features a sleek design, an industrial-silver finish, a glowing red underside and taillight, creating a style and look unlike any other mouse. IntelliMouse Explorer combines the accuracy and reliability of Microsoft IntelliEye optical tracking technology, the convenience of two new customizable function buttons, the efficiency of the scrolling wheel and the comfort of expert ergonomic design. All these great features make this the best mouse for the PC!','www.microsoft.com/hardware/mouse/explorer.asp',0);
INSERT INTO products_description (products_id, language_id, products_name, products_description, products_url, products_viewed) VALUES (27,4,'Hewlett Packard LaserJet 1100Xi','(pt) HP has always set the pace in laser printing technology. The new generation HP LaserJet 1100 series sets another impressive pace, delivering a stunning 8 pages per minute print speed. The 600 dpi print resolution with HP\'s Resolution Enhancement technology (REt) makes every document more professional.<br><br>Enhanced print speed and laser quality results are just the beginning. With 2MB standard memory, HP LaserJet 1100xi users will be able to print increasingly complex pages. Memory can be increased to 18MB to tackle even more complex documents with ease. The HP LaserJet 1100xi supports key operating systems including Windows 3.1, 3.11, 95, 98, NT 4.0, OS/2 and DOS. Network compatibility available via the optional HP JetDirect External Print Servers.<br><br>HP LaserJet 1100xi also features The Document Builder for the Web Era from Trellix Corp. (featuring software to create Web documents).','www.pandi.hp.com/pandi-db/prodinfo.main?product=laserjet1100',0);

UPDATE products_description SET language_code = 'pt' WHERE language_id = 4;

INSERT INTO products_description (products_id, language_id, products_name, products_description, products_url, products_viewed) VALUES (28,4,'Bundle Saver','Buy the Microsoft IntelliMouse Explorer and the Internet Keyboard together\, to save  10% on the individual prices and to receive free shipping !','',0);

# Product Options
INSERT INTO products_options (products_options_id, language_id, products_options_name) VALUES (1, 4, 'Cor');
INSERT INTO products_options (products_options_id, language_id, products_options_name) VALUES (2, 4, 'Tamanho');
INSERT INTO products_options (products_options_id, language_id, products_options_name) VALUES (3, 4, 'Modelo');
INSERT INTO products_options (products_options_id, language_id, products_options_name) VALUES (4, 4, 'Memória');

# Product Option Values
INSERT INTO products_options_values (products_options_values_id, language_id, products_options_values_name) VALUES (1,4,'4 mb');
INSERT INTO products_options_values (products_options_values_id, language_id, products_options_values_name) VALUES (2,4,'8 mb');
INSERT INTO products_options_values (products_options_values_id, language_id, products_options_values_name) VALUES (3,4,'16 mb');
INSERT INTO products_options_values (products_options_values_id, language_id, products_options_values_name) VALUES (4,4,'32 mb');
INSERT INTO products_options_values (products_options_values_id, language_id, products_options_values_name) VALUES (5,4,'Valor');
INSERT INTO products_options_values (products_options_values_id, language_id, products_options_values_name) VALUES (6,4,'Premium');
INSERT INTO products_options_values (products_options_values_id, language_id, products_options_values_name) VALUES (7,4,'Deluxe');
INSERT INTO products_options_values (products_options_values_id, language_id, products_options_values_name) VALUES (8,4,'PS/2');
INSERT INTO products_options_values (products_options_values_id, language_id, products_options_values_name) VALUES (9,4,'USB');

# Reviews
#INSERT INTO reviews_description (reviews_id, languages_id, reviews_text) VALUES (1,4, 'Isto tem de ser um dos mais engraçados filmes lançados em 1999');

# AdminApp Promotion - Expression API calls
INSERT INTO kk_api_call (name, description, date_added) VALUES ('addExpressionsToPromotion','', now());
INSERT INTO kk_api_call (name, description, date_added) VALUES ('getExpressionsPerPromotion','', now());
INSERT INTO kk_api_call (name, description, date_added) VALUES ('removeExpressionsFromPromotion','', now());

#Customer tag examples
DELETE FROM kk_customer_tag WHERE name ='PRODUCTS_VIEWED';
INSERT INTO kk_customer_tag (name, description, validation, tag_type, max_ints, date_added) VALUES ('PRODUCTS_VIEWED', 'Recently viewed product id', '((:[0-9]*)*:|)', 2, 5, now());
DELETE FROM kk_customer_tag WHERE name ='CATEGORIES_VIEWED';
INSERT INTO kk_customer_tag (name, description, validation, tag_type, max_ints, date_added) VALUES ('CATEGORIES_VIEWED', 'Recently viewed category id', '((:[0-9]*)*:|)', 2, 5, now());
DELETE FROM kk_customer_tag WHERE name ='MANUFACTURERS_VIEWED';
INSERT INTO kk_customer_tag (name, description, validation, tag_type, max_ints, date_added) VALUES ('MANUFACTURERS_VIEWED', 'Recently viewed manufacturer id', '((:[0-9]*)*:|)', 2, 5, now());
DELETE FROM kk_customer_tag WHERE name ='PRODUCTS_IN_CART';
INSERT INTO kk_customer_tag (name, description, validation, tag_type, max_ints, date_added) VALUES ('PRODUCTS_IN_CART', 'Id of a product in the cart', '((:[0-9]*)*:|)', 2, 50, now());
DELETE FROM kk_customer_tag WHERE name ='PRODUCTS_IN_WISHLIST';
INSERT INTO kk_customer_tag (name, description, validation, tag_type, max_ints, date_added) VALUES ('PRODUCTS_IN_WISHLIST', 'Id of a product in the Wish List', '((:[0-9]*)*:|)', 2, 50, now());
DELETE FROM kk_customer_tag WHERE name ='SEARCH_STRING';
INSERT INTO kk_customer_tag (name, description, tag_type, max_ints, date_added) VALUES ('SEARCH_STRING', 'Product Search String', 0, 5, now());
DELETE FROM kk_customer_tag WHERE name ='COUNTRY_CODE';
INSERT INTO kk_customer_tag (name, description, tag_type, max_ints, date_added) VALUES ('COUNTRY_CODE', 'Country code of customer', 0, 5, now());
DELETE FROM kk_customer_tag WHERE name ='CART_TOTAL';
INSERT INTO kk_customer_tag (name, description, tag_type, max_ints, date_added) VALUES ('CART_TOTAL', 'Cart total', 3, 5, now());
DELETE FROM kk_customer_tag WHERE name ='WISHLIST_TOTAL';
INSERT INTO kk_customer_tag (name, description, tag_type, max_ints, date_added) VALUES ('WISHLIST_TOTAL', 'Wish List total', 3, 5, now());
DELETE FROM kk_customer_tag WHERE name ='BIRTH_DATE';
INSERT INTO kk_customer_tag (name, description, tag_type, max_ints, date_added) VALUES ('BIRTH_DATE', 'Date of Birth', 4, 5, now());
DELETE FROM kk_customer_tag WHERE name ='IS_MALE';
INSERT INTO kk_customer_tag (name, description, validation, tag_type, max_ints, date_added) VALUES ('IS_MALE', 'Customer is Male', 'true|false', 5, 5, now());

# Enable / Disable customer tag functionality from application
DELETE FROM configuration WHERE configuration_key = 'ENABLE_CUSTOMER_TAGS';
INSERT INTO configuration (configuration_title, configuration_key, configuration_value, configuration_description, configuration_group_id, sort_order, set_function, date_added) VALUES ('Enable Customer Tag functionality', 'ENABLE_CUSTOMER_TAGS', 'false', 'When set to true, the application sets customer tags. All tag functionality is disabled when false.', '5', '6', 'tep_cfg_select_option(array(\'true\', \'false\'), ', now());

# Enable / Disable customer cart tag functionality from application
DELETE FROM configuration WHERE configuration_key = 'ENABLE_CUSTOMER_CART_TAGS';
INSERT INTO configuration (configuration_title, configuration_key, configuration_value, configuration_description, configuration_group_id, sort_order, set_function, date_added) VALUES ('Enable Customer Cart Tag functionality', 'ENABLE_CUSTOMER_CART_TAGS', 'false', 'When set to true, the application sets customer cart tags', '5', '7', 'tep_cfg_select_option(array(\'true\', \'false\'), ', now());

# Enable / Disable customer wishlist tag functionality from application
DELETE FROM configuration WHERE configuration_key = 'ENABLE_CUSTOMER_WISHLIST_TAGS';
INSERT INTO configuration (configuration_title, configuration_key, configuration_value, configuration_description, configuration_group_id, sort_order, set_function, date_added) VALUES ('Enable Customer WishList Tag functionality', 'ENABLE_CUSTOMER_WISHLIST_TAGS', 'false', 'When set to true, the application sets customer wish list tags', '5', '8', 'tep_cfg_select_option(array(\'true\', \'false\'), ', now());

# Config variables to determine whether to show internal ids
DELETE FROM configuration WHERE configuration_key = 'ADMIN_APP_PRODUCTS_DISPLAY_ID';
INSERT INTO configuration (configuration_title, configuration_key, configuration_value, configuration_description, configuration_group_id, sort_order, set_function, date_added) VALUES ('Display Product Ids', 'ADMIN_APP_PRODUCTS_DISPLAY_ID', 'true', 'When this is set, the product id is displayed in the products panel', '21', '29', 'tep_cfg_select_option(array(\'true\', \'false\'), ', now());
DELETE FROM configuration WHERE configuration_key = 'ADMIN_APP_MANUFACTURERS_DISPLAY_ID';
INSERT INTO configuration (configuration_title, configuration_key, configuration_value, configuration_description, configuration_group_id, sort_order, set_function, date_added) VALUES ('Display Manufacturer Ids', 'ADMIN_APP_MANUFACTURERS_DISPLAY_ID', 'true', 'When this is set, the manufacturer id is displayed in the manufacturers panel', '21', '30', 'tep_cfg_select_option(array(\'true\', \'false\'), ', now());
DELETE FROM configuration WHERE configuration_key = 'ADMIN_APP_CATEGORIES_DISPLAY_ID';
INSERT INTO configuration (configuration_title, configuration_key, configuration_value, configuration_description, configuration_group_id, sort_order, set_function, date_added) VALUES ('Display Category Ids', 'ADMIN_APP_CATEGORIES_DISPLAY_ID', 'true', 'When this is set, the category id is displayed in the categories panel', '21', '31', 'tep_cfg_select_option(array(\'true\', \'false\'), ', now());

# Evaluate Expression Admin API call
INSERT INTO kk_api_call (name, description, date_added) VALUES ('evaluateExpression','', now());

# Product Price Table
DROP TABLE IF EXISTS kk_product_prices;
CREATE TABLE kk_product_prices (
  store_id varchar(64),
  catalog_id varchar(32) NOT NULL,
  products_id int NOT NULL,
  products_attributes_id int NOT NULL,
  products_price_0 decimal(15,4),
  products_price_1 decimal(15,4),
  products_price_2 decimal(15,4),
  products_price_3 decimal(15,4),
  PRIMARY KEY (catalog_id,products_id, products_attributes_id)
);

# Extra attribute for product object
ALTER TABLE products ADD COLUMN rating decimal(15,4);

# Update image names

UPDATE products SET products_image = 'dvd/replacement_killers.jpg'          WHERE products_image = 'dvd/replacement_killers.gif';
UPDATE products SET products_image = 'dvd/blade_runner.jpg'                 WHERE products_image = 'dvd/blade_runner.gif';
UPDATE products SET products_image = 'dvd/the_matrix.jpg'                   WHERE products_image = 'dvd/the_matrix.gif';
UPDATE products SET products_image = 'dvd/youve_got_mail.jpg'               WHERE products_image = 'dvd/youve_got_mail.gif';
UPDATE products SET products_image = 'dvd/a_bugs_life.jpg'                  WHERE products_image = 'dvd/a_bugs_life.gif';
UPDATE products SET products_image = 'dvd/under_siege.jpg'                  WHERE products_image = 'dvd/under_siege.gif';
UPDATE products SET products_image = 'dvd/under_siege2.jpg'                 WHERE products_image = 'dvd/under_siege2.gif';
UPDATE products SET products_image = 'dvd/fire_down_below.jpg'              WHERE products_image = 'dvd/fire_down_below.gif';
UPDATE products SET products_image = 'dvd/die_hard_3.jpg'                   WHERE products_image = 'dvd/die_hard_3.gif';
UPDATE products SET products_image = 'dvd/lethal_weapon.jpg'                WHERE products_image = 'dvd/lethal_weapon.gif';
UPDATE products SET products_image = 'dvd/red_corner.jpg'                   WHERE products_image = 'dvd/red_corner.gif';
UPDATE products SET products_image = 'dvd/frantic.jpg'                      WHERE products_image = 'dvd/frantic.gif';
UPDATE products SET products_image = 'dvd/courage_under_fire.jpg'           WHERE products_image = 'dvd/courage_under_fire.gif';
UPDATE products SET products_image = 'dvd/speed.jpg'                        WHERE products_image = 'dvd/speed.gif';
UPDATE products SET products_image = 'dvd/speed2.jpg'                       WHERE products_image = 'dvd/speed_2.gif';
UPDATE products SET products_image = 'dvd/theres_something_about_mary.jpg'  WHERE products_image = 'dvd/theres_something_about_mary.gif';
UPDATE products SET products_image = 'dvd/beloved.jpg'                      WHERE products_image = 'dvd/beloved.gif';

UPDATE products SET products_image = 'sierra/swat3.jpg'                     WHERE products_image = 'sierra/swat_3.gif';

UPDATE products SET products_image = 'gt_interactive/unreal_tournament.jpg' WHERE products_image = 'gt_interactive/unreal_tournament.gif';
UPDATE products SET products_image = 'gt_interactive/wheel_of_time.jpg'     WHERE products_image = 'gt_interactive/wheel_of_time.gif';
UPDATE products SET products_image = 'gt_interactive/disciples.jpg'         WHERE products_image = 'gt_interactive/disciples.gif';

UPDATE products SET products_image = 'hewlett_packard/lj1100xi.jpg'         WHERE products_image = 'hewlett_packard/lj1100xi.gif';

UPDATE products SET products_image = 'matrox/mg400-32mb.jpg'                WHERE products_image = 'matrox/mg400-32mb.gif';
UPDATE products SET products_image = 'matrox/mg200mms.jpg'                  WHERE products_image = 'matrox/mg200mms.gif';

UPDATE products SET products_image = 'microsoft/bundle.jpg'                 WHERE products_image = 'microsoft/bundle.gif';
UPDATE products SET products_image = 'microsoft/imexplorer.jpg'             WHERE products_image = 'microsoft/imexplorer.gif';
UPDATE products SET products_image = 'microsoft/intkeyboardps2.jpg'         WHERE products_image = 'microsoft/intkeyboardps2.gif';
UPDATE products SET products_image = 'microsoft/msimpro.jpg'                WHERE products_image = 'microsoft/msimpro.gif';

# Add index to products_attributes table
ALTER TABLE products_attributes ADD KEY idx_products_id (products_id);

# New Digital Download table
DROP TABLE IF EXISTS kk_digital_download;
DROP TABLE IF EXISTS kk_digital_download_1;
CREATE TABLE kk_digital_download_1 (
  kk_digital_download_id int NOT NULL auto_increment,
  store_id varchar(64),
  products_id int DEFAULT '0' NOT NULL,
  customers_id int DEFAULT '0' NOT NULL,
  products_file_path varchar(255),
  max_downloads int DEFAULT '-1',
  times_downloaded int DEFAULT '0',
  expiration_date datetime,
  date_added datetime,
  last_modified datetime,
  PRIMARY KEY (kk_digital_download_id),
  KEY i_prodid_kk_digdown_1 (products_id),
  KEY i_custid_kk_digdown_1 (customers_id),
  KEY i_storid_kk_digdown_1 (store_id)
);

# Add column to promotion_to_product table
ALTER TABLE promotion_to_product ADD COLUMN relation_type int default '0';

# GiftCertificate APIs for the Admin App
INSERT INTO kk_api_call (name, description, date_added) VALUES ('addGiftCertificatesToPromotion','', now());
INSERT INTO kk_api_call (name, description, date_added) VALUES ('getGiftCertificatesPerPromotion','', now());
INSERT INTO kk_api_call (name, description, date_added) VALUES ('removeGiftCertificatesFromPromotion','', now());

# Insert a gift certificate product

DELETE FROM products WHERE products_id = 29;
DELETE FROM products_description WHERE products_id = 29;
INSERT INTO products (products_id, products_quantity, products_model, products_image, products_price, products_date_added, products_last_modified, products_date_available, products_weight, products_status, products_tax_class_id, manufacturers_id, products_ordered, products_type) VALUES (29,10000,'GIFTCERT','gifts/giftcert.jpg',10.00, now(),null,now(),0.1,1,1,10,0,5);
INSERT INTO products_description (products_id, language_id, products_name, products_description, products_url, products_viewed) VALUES (29,1,'Gift Certificate','The Perfect Gift ! <br><br>After checking out, your gift certificate will be available as a stylish pdf document that you can download from your account page. You may then send it as an eMail attachment or print it out and deliver a hard copy.<br>Each gift certificate contains a code that is redeemable online.','www.konakart.com',0);
INSERT INTO products_description (products_id, language_id, products_name, products_description, products_url, products_viewed) VALUES (29,2,'Gift Certificate','The Perfect Gift ! <br><br>After checking out, your gift certificate will be available as a stylish pdf document that you can download from your account page. You may then send it as an eMail attachment or print it out and deliver a hard copy.<br>Each gift certificate contains a code that is redeemable online.','www.konakart.com',0);
INSERT INTO products_description (products_id, language_id, products_name, products_description, products_url, products_viewed) VALUES (29,3,'Gift Certificate','The Perfect Gift ! <br><br>After checking out, your gift certificate will be available as a stylish pdf document that you can download from your account page. You may then send it as an eMail attachment or print it out and deliver a hard copy.<br>Each gift certificate contains a code that is redeemable online.','www.konakart.com',0);
INSERT INTO products_description (products_id, language_id, products_name, products_description, products_url, products_viewed) VALUES (29,4,'Gift Certificate','The Perfect Gift ! <br><br>After checking out, your gift certificate will be available as a stylish pdf document that you can download from your account page. You may then send it as an eMail attachment or print it out and deliver a hard copy.<br>Each gift certificate contains a code that is redeemable online.','www.konakart.com',0);

DELETE FROM products_options WHERE products_options_id = 5;
INSERT INTO products_options (products_options_id, language_id, products_options_name) VALUES (5, 1, 'Type');
INSERT INTO products_options (products_options_id, language_id, products_options_name) VALUES (5, 2, 'Type');
INSERT INTO products_options (products_options_id, language_id, products_options_name) VALUES (5, 3, 'Type');
INSERT INTO products_options (products_options_id, language_id, products_options_name) VALUES (5, 4, 'Type');

DELETE FROM products_options_values WHERE products_options_values_id = 10;
DELETE FROM products_options_values WHERE products_options_values_id = 11;
DELETE FROM products_options_values WHERE products_options_values_id = 12;
INSERT INTO products_options_values (products_options_values_id, language_id, products_options_values_name) VALUES (10,1,'Bronze');
INSERT INTO products_options_values (products_options_values_id, language_id, products_options_values_name) VALUES (10,2,'Bronze');
INSERT INTO products_options_values (products_options_values_id, language_id, products_options_values_name) VALUES (10,3,'Bronze');
INSERT INTO products_options_values (products_options_values_id, language_id, products_options_values_name) VALUES (10,4,'Bronze');
INSERT INTO products_options_values (products_options_values_id, language_id, products_options_values_name) VALUES (11,1,'Silver');
INSERT INTO products_options_values (products_options_values_id, language_id, products_options_values_name) VALUES (11,2,'Silver');
INSERT INTO products_options_values (products_options_values_id, language_id, products_options_values_name) VALUES (11,3,'Silver');
INSERT INTO products_options_values (products_options_values_id, language_id, products_options_values_name) VALUES (11,4,'Silver');
INSERT INTO products_options_values (products_options_values_id, language_id, products_options_values_name) VALUES (12,1,'Gold');
INSERT INTO products_options_values (products_options_values_id, language_id, products_options_values_name) VALUES (12,2,'Gold');
INSERT INTO products_options_values (products_options_values_id, language_id, products_options_values_name) VALUES (12,3,'Gold');
INSERT INTO products_options_values (products_options_values_id, language_id, products_options_values_name) VALUES (12,4,'Gold');

DELETE FROM products_options_values_to_products_options WHERE products_options_id = 5;
INSERT INTO products_options_values_to_products_options (products_options_values_to_products_options_id, products_options_id, products_options_values_id) VALUES (10, 5, 10);
INSERT INTO products_options_values_to_products_options (products_options_values_to_products_options_id, products_options_id, products_options_values_id) VALUES (11, 5, 11);
INSERT INTO products_options_values_to_products_options (products_options_values_to_products_options_id, products_options_id, products_options_values_id) VALUES (12, 5, 12);

DELETE FROM products_attributes WHERE options_id = 5;
INSERT INTO products_attributes (products_attributes_id, products_id, options_id, options_values_id, options_values_price, price_prefix) VALUES (12,29,5,10,0.00,'+');
INSERT INTO products_attributes (products_attributes_id, products_id, options_id, options_values_id, options_values_price, price_prefix) VALUES (13,29,5,11,15.00,'+');
INSERT INTO products_attributes (products_attributes_id, products_id, options_id, options_values_id, options_values_price, price_prefix) VALUES (14,29,5,12,40.00,'+');

DELETE FROM categories WHERE categories_id = 21;
DELETE FROM categories_description WHERE categories_id = 21;
DELETE FROM products_to_categories WHERE categories_id = 21;
INSERT INTO categories (categories_id, categories_image, parent_id, sort_order, date_added, last_modified) VALUES (21, 'category_gift.gif', 0, 4, now(), null);
INSERT INTO categories_description (categories_id, language_id, categories_name) VALUES ( 21, 1, 'Gifts');
INSERT INTO categories_description (categories_id, language_id, categories_name) VALUES ( 21, 2, 'Gifts');
INSERT INTO categories_description (categories_id, language_id, categories_name) VALUES ( 21, 3, 'Gifts');
INSERT INTO categories_description (categories_id, language_id, categories_name) VALUES ( 21, 4, 'Gifts');
INSERT INTO products_to_categories (products_id, categories_id) VALUES (29, 21);

DELETE FROM manufacturers WHERE manufacturers_id = 10;
DELETE FROM manufacturers_info WHERE manufacturers_id = 10;
INSERT INTO manufacturers (manufacturers_id, manufacturers_name, manufacturers_image, date_added, last_modified) VALUES (10,'KonaKart','konakart_tree_logo_60x60.jpg', now(), null);
INSERT INTO manufacturers_info (manufacturers_id, languages_id, manufacturers_url, url_clicked, date_last_click) VALUES (10, 1, 'http://www.konakart.com', 0, null);
INSERT INTO manufacturers_info (manufacturers_id, languages_id, manufacturers_url, url_clicked, date_last_click) VALUES (10, 2, 'http://www.konakart.com', 0, null);
INSERT INTO manufacturers_info (manufacturers_id, languages_id, manufacturers_url, url_clicked, date_last_click) VALUES (10, 3, 'http://www.konakart.com', 0, null);
INSERT INTO manufacturers_info (manufacturers_id, languages_id, manufacturers_url, url_clicked, date_last_click) VALUES (10, 4, 'http://www.konakart.com', 0, null);

# Table to store secret key used in payment gateways
DROP TABLE IF EXISTS kk_secret_key;
CREATE TABLE kk_secret_key (
   kk_secret_key_id int NOT NULL auto_increment,
   secret_key varchar(255) NOT NULL,
   orders_id integer NOT NULL,
   date_added datetime NOT NULL,
   PRIMARY KEY (kk_secret_key_id),
   KEY idx_secret_key_kk_secret_key (secret_key)
   );

# Digital Download Admin API calls
INSERT INTO kk_api_call (name, description, date_added) VALUES ('searchDigitalDownloads','', now());
INSERT INTO kk_api_call (name, description, date_added) VALUES ('importDigitalDownload','', now());

#---------------  v5.0.0.0

# Reward points table
DROP TABLE IF EXISTS kk_reward_points;
CREATE TABLE kk_reward_points (
  kk_reward_points_id int NOT NULL auto_increment,
  store_id varchar(64),
  code varchar(64),
  description varchar(256),
  customers_id int DEFAULT '0' NOT NULL,
  initial_points int DEFAULT '0' NOT NULL,
  remaining_points int DEFAULT '0' NOT NULL,
  expired int DEFAULT '0' NOT NULL,
  tx_type int DEFAULT '0' NOT NULL,  
  date_added datetime NOT NULL,
  PRIMARY KEY (kk_reward_points_id),
  KEY i_custid_kk_reward_pts (customers_id),
  KEY i_storid_kk_reward_pts (store_id)
);

# Reserved points table
DROP TABLE IF EXISTS kk_reserved_points;
CREATE TABLE kk_reserved_points (
  kk_reserved_points_id int NOT NULL auto_increment,
  store_id varchar(64),
  customers_id int DEFAULT '0' NOT NULL,
  reward_points_id int DEFAULT '0' NOT NULL,
  reservation_id int DEFAULT '0' NOT NULL,
  reserved_points int DEFAULT '0' NOT NULL,
  date_added datetime NOT NULL,
  PRIMARY KEY (kk_reserved_points_id),
  KEY i_custid_kk_reserved_pts (reservation_id),
  KEY i_storid_kk_reserved_pts (store_id)
);

#Extra order attributes for reward points
ALTER TABLE orders ADD COLUMN points_used int DEFAULT '0';
ALTER TABLE orders ADD COLUMN points_awarded int DEFAULT '0';
ALTER TABLE orders ADD COLUMN points_reservation_id int DEFAULT '-1';

# Allow user to insert reward points
DELETE FROM configuration WHERE configuration_key = 'ENABLE_REWARD_POINTS';
INSERT INTO configuration (configuration_title, configuration_key, configuration_value, configuration_description, configuration_group_id, sort_order, set_function, date_added, store_id) SELECT 'Enable Reward Points', 'ENABLE_REWARD_POINTS', 'false', 'During checkout the customer will be allowed to enter reward points if set to true', '26', '1', 'tep_cfg_select_option(array(\'true\', \'false\'), ', now(), store_id FROM configuration WHERE configuration_key = 'STORE_COUNTRY';

# Add a new order status
DELETE FROM orders_status WHERE orders_status_id = 8;
INSERT INTO orders_status(orders_status_id, language_id, orders_status_name) VALUES (8,1,'Cancelled');
INSERT INTO orders_status(orders_status_id, language_id, orders_status_name) VALUES (8,2,'Abgesagt');
INSERT INTO orders_status(orders_status_id, language_id, orders_status_name) VALUES (8,3,'Cancelado');
INSERT INTO orders_status(orders_status_id, language_id, orders_status_name) VALUES (8,4,'Cancelado');

# Maximum number of reward point transactions displayed
DELETE FROM configuration WHERE configuration_key = 'MAX_DISPLAY_REWARD_POINTS';
INSERT INTO configuration (configuration_title, configuration_key, configuration_value, configuration_description, configuration_group_id, sort_order, set_function, date_added, store_id) SELECT 'Reward Point Transactions', 'MAX_DISPLAY_REWARD_POINTS', '15', 'Maximum number of reward point transactions to display', '3', '26', 'integer(0,null)', now(), store_id FROM configuration WHERE configuration_key = 'STORE_COUNTRY';
# Number of reward point awarded for registering
DELETE FROM configuration WHERE configuration_key = 'REGISTRATION_REWARD_POINTS';
INSERT INTO configuration (configuration_title, configuration_key, configuration_value, configuration_description, configuration_group_id, sort_order, set_function, date_added, store_id) SELECT 'Reward Points for registering', 'REGISTRATION_REWARD_POINTS', '0', 'Reward points received for registration', '26', '2', 'integer(0,null)', now(), store_id FROM configuration WHERE configuration_key = 'STORE_COUNTRY';
# Number of reward point awarded for writing a review
DELETE FROM configuration WHERE configuration_key = 'REVIEW_REWARD_POINTS';
INSERT INTO configuration (configuration_title, configuration_key, configuration_value, configuration_description, configuration_group_id, sort_order, set_function, date_added, store_id) SELECT 'Reward Points for writing a review', 'REVIEW_REWARD_POINTS', '0', 'Reward points received for writing a review', '26', '3', 'integer(0,null)', now(), store_id FROM configuration WHERE configuration_key = 'STORE_COUNTRY';

# Panel for Configuring Reward Points
INSERT INTO kk_panel (panel_id, code, description, date_added) VALUES (92, 'kk_panel_reward_points','Reward Points Configuration', now());

# Add Configure Reward Points to super admin role
INSERT INTO kk_role_to_panel (role_id, panel_id, can_edit, can_insert, can_delete, date_added) VALUES (1, 92, 1,1,1,now());
INSERT INTO kk_role_to_panel (role_id, panel_id, can_edit, can_insert, can_delete, date_added) VALUES (4, 92, 1,1,1,now());
INSERT INTO kk_role_to_panel (role_id, panel_id, can_edit, can_insert, can_delete, date_added) VALUES (5, 92, 1,1,1,now());

# Reward Point API calls
INSERT INTO kk_api_call (name, description, date_added) VALUES ('getRewardPoints','', now());
INSERT INTO kk_api_call (name, description, date_added) VALUES ('deletePoints','', now());
INSERT INTO kk_api_call (name, description, date_added) VALUES ('importDigitalDownload','', now());
INSERT INTO kk_api_call (name, description, date_added) VALUES ('pointsAvailable','', now());

# Add locale to customer and order
ALTER TABLE customers ADD COLUMN customers_locale varchar(16);
ALTER TABLE orders ADD COLUMN customers_locale varchar(16);

# To enable/disable the new Rich Text Product Description Editor
INSERT INTO configuration (configuration_title, configuration_key, configuration_value, configuration_description, configuration_group_id, sort_order, set_function, date_added) VALUES ('Use Rich Text Editor', 'RICH_TEXT_EDITOR', 'true', 'If true the Rich Text Editor is used for product descriptions, otherwise the Plain Text Editor is used', '9', '12', 'tep_cfg_select_option(array(\'true\', \'false\'), ', now());

#MSSQL -- Increase the range of values allowed in quantity columns in MS SQL Server
#MSSQL ALTER TABLE products ALTER COLUMN products_quantity int;
#MSSQL ALTER TABLE customers_basket ALTER COLUMN customers_basket_quantity int;
#MSSQL ALTER TABLE orders_products ALTER COLUMN products_quantity int;

INSERT INTO configuration (configuration_title, configuration_key, configuration_value, configuration_description, configuration_group_id, sort_order, set_function, date_added) VALUES ('1st Day of the Week', '1ST_DAY_OF_WEEK', '0', 'Define the first day of the week for the calendars in the Admin App.', '21', '35', 'option(0=date.day.long.Sunday,1=date.day.long.Monday,2=date.day.long.Tuesday,3=date.day.long.Wednesday,4=date.day.long.Thursday,5=date.day.long.Friday,6=date.day.long.Saturday)', now());

# Allow user to insert gift certificate code
DELETE FROM configuration WHERE configuration_key = 'DISPLAY_GIFT_CERT_ENTRY';
INSERT INTO configuration (configuration_title, configuration_key, configuration_value, configuration_description, configuration_group_id, sort_order, set_function, date_added) VALUES ('Display Gift Cert Entry Field', 'DISPLAY_GIFT_CERT_ENTRY', 'false', 'During checkout the customer will be allowed to enter a gift certificate if set to true', '1', '22', 'choice(\'true\', \'false\')', now());

# Configure the customer communications panel to show or not show a drop list of templates
UPDATE kk_role_to_panel SET custom1=0, custom1_desc='If set, template names can be entered in a text box' WHERE panel_id=62;
# Configure the customer communications panel to show or not show a file upload button
UPDATE kk_role_to_panel SET custom2=0, custom2_desc='If set, a file upload button is not displayed' WHERE panel_id=62;

# PDF Creation API calls
INSERT INTO kk_api_call (name, description, date_added) VALUES ('getPdf','', now());
INSERT INTO kk_api_call (name, description, date_added) VALUES ('getFileContentsAsByteArray','', now());
INSERT INTO kk_api_call (name, description, date_added) VALUES ('getLanguageIdForLocale','', now());

# PDF Config panel
INSERT INTO kk_panel (code, description, date_added) VALUES ('kk_panel_pdfConfig', 'PDF Configuration', now());

# Grant access to PDF Config panel to the Super Admin and the Standard Admin Users
INSERT INTO kk_role_to_panel (role_id, panel_id, can_edit, can_insert, can_delete, date_added) SELECT 1, panel_id, 1,1,1, now() from kk_panel WHERE code = 'kk_panel_pdfConfig';
INSERT INTO kk_role_to_panel (role_id, panel_id, can_edit, can_insert, can_delete, date_added) SELECT 5, panel_id, 1,1,1, now() from kk_panel WHERE code = 'kk_panel_pdfConfig';

# PDF Configuration Parameters
DELETE FROM configuration WHERE configuration_key = 'PDF_BASE_DIRECTORY';
INSERT INTO configuration (configuration_title, configuration_key, configuration_value, configuration_description, configuration_group_id, sort_order, date_added) VALUES ('PDF Directory', 'PDF_BASE_DIRECTORY', 'C:/Program Files/KonaKart/pdf/', 'Defines the root directory for the location of the PDF documents that are created', '27', '5', now());
DELETE FROM configuration WHERE configuration_key = 'ENABLE_PDF_INVOICE_DOWNLOAD';
INSERT INTO configuration (configuration_title, configuration_key, configuration_value, configuration_description, configuration_group_id, sort_order, set_function, date_added, store_id) SELECT 'Enable PDF Invoice Download', 'ENABLE_PDF_INVOICE_DOWNLOAD', 'false', 'When set to true, invoices in PDF format can be downloaded from the application', '27', '10', 'choice(\'true\', \'false\')', now(), store_id FROM configuration WHERE configuration_key = 'STORE_COUNTRY';
 
# Add column for Invoice filename 
ALTER TABLE orders ADD COLUMN invoice_filename varchar(255);

# Velocity Template Configuration Parameters
DELETE FROM configuration WHERE configuration_key = 'TEMPLATE_BASE_DIRECTORY';
INSERT INTO configuration (configuration_title, configuration_key, configuration_value, configuration_description, configuration_group_id, sort_order, date_added) VALUES ('Templates Directory', 'TEMPLATE_BASE_DIRECTORY', 'C:/Program Files/KonaKart/templates', 'Defines the root directory where the velocity templates are stored', '28', '10', now());

# Velocity Template Config panel
INSERT INTO kk_panel (code, description, date_added) VALUES ('kk_panel_templates', 'Template Configuration', now());

# Grant access to Velocity Template Config panel to the Super Admin and the Standard Admin Users
INSERT INTO kk_role_to_panel (role_id, panel_id, can_edit, can_insert, can_delete, date_added) SELECT 1, panel_id, 1,1,1, now() from kk_panel WHERE code = 'kk_panel_templates';
INSERT INTO kk_role_to_panel (role_id, panel_id, can_edit, can_insert, can_delete, date_added) SELECT 5, panel_id, 1,1,1, now() from kk_panel WHERE code = 'kk_panel_templates';

# Add extra column to returns table
ALTER TABLE orders_returns ADD COLUMN orders_number varchar(128);

# Config variable to automatically enable products when quantity > 0
DELETE FROM configuration WHERE configuration_key = 'STOCK_ENABLE_PRODUCT';
INSERT INTO configuration (configuration_title, configuration_key, configuration_value, configuration_description, configuration_group_id, sort_order, set_function, date_added) VALUES ('Automatically Enable Product', 'STOCK_ENABLE_PRODUCT', 'false', 'Automatically enable a product if quantity is set to a positive number', '9', '4', 'choice(\'true\', \'false\')', now());

# Configure the edit customer panel to allow editing of external customers only
UPDATE kk_role_to_panel SET custom1=0, custom1_desc='Set to allow editing of external customer fields only' WHERE panel_id in (select panel_id from kk_panel WHERE code='kk_panel_editCustomer');

# Configure the edit config files panel to control the upload of new files 
UPDATE kk_role_to_panel SET custom1=0, custom1_desc='Set to allow upload of configuration files' WHERE panel_id in (select panel_id from kk_panel WHERE code='kk_panel_configFiles');

# Allow Super-User Role to upload new config files
UPDATE kk_role_to_panel SET custom1=1 WHERE panel_id in (select panel_id from kk_panel WHERE code='kk_panel_configFiles') and role_id=1;

# New Batch job for Creating Invoices
INSERT INTO kk_api_call (name, description, date_added) VALUES ('com.konakartadmin.bl.AdminOrderBatchMgr.createInvoicesBatch','', now());

# Add new FileUpload configuration command
UPDATE configuration SET set_function='FileUpload' WHERE configuration_key = 'KONAKART_MAIL_PROPERTIES_FILE';
UPDATE configuration SET set_function='FileUpload' WHERE configuration_key = 'KK_NEW_STORE_SQL_FILENAME';
UPDATE configuration SET set_function='FileUpload' WHERE configuration_key = 'USER_NEW_STORE_SQL_FILENAME';

# Added just as an example of using the FileUpload get_function in a module configuration parameter
INSERT INTO configuration (configuration_title, configuration_key, configuration_value, configuration_description, configuration_group_id, sort_order, set_function, use_function, date_added) VALUES ('Miscellaneous Config File', 'MODULE_PAYMENT_COD_MISC_CONFIG_FILE', 'C:/Temp/cod_misc.properties', 'Miscellaneous Configuration File (just an example - not actually used).', '6', '6', 'FileUpload', '', now());

# Add index to customers table
ALTER TABLE customers ADD KEY idx_email_address (customers_email_address);

# Addition of more custom fields to product object
ALTER TABLE products ADD COLUMN custom6 varchar(128);
ALTER TABLE products ADD COLUMN custom7 varchar(128);
ALTER TABLE products ADD COLUMN custom8 varchar(128);
ALTER TABLE products ADD COLUMN custom9 varchar(128);
ALTER TABLE products ADD COLUMN custom10 varchar(128);
ALTER TABLE products ADD COLUMN custom1Int int;
ALTER TABLE products ADD COLUMN custom2Int int;
ALTER TABLE products ADD COLUMN custom1Dec decimal(15,4);
ALTER TABLE products ADD COLUMN custom2Dec decimal(15,4);
ALTER TABLE products ADD COLUMN products_date_expiry datetime;

# Config variable to determine whether to show internal customer ids
DELETE FROM configuration WHERE configuration_key = 'ADMIN_APP_CUSTOMERS_DISPLAY_ID';
INSERT INTO configuration (configuration_title, configuration_key, configuration_value, configuration_description, configuration_group_id, sort_order, set_function, date_added) VALUES ('Display Customer Ids', 'ADMIN_APP_CUSTOMERS_DISPLAY_ID', 'true', 'When this is set, the customer id is displayed in the edit customer panel', '21', '29', 'choice(\'true\', \'false\')', now());

# Extra attributes for product object
ALTER TABLE products ADD COLUMN payment_schedule_id int default -1 not null;

# Payment Schedule
DROP TABLE IF EXISTS kk_payment_schedule;
CREATE TABLE kk_payment_schedule (
  kk_payment_schedule_id int NOT NULL auto_increment,
  store_id varchar(64),
  name varchar(64),
  description varchar(256),
  length int DEFAULT '0' NOT NULL,
  unit int DEFAULT '0' NOT NULL,
  day_of_month int DEFAULT '0' NOT NULL,
  occurrences int DEFAULT '0' NOT NULL,
  trial_occurrences int DEFAULT '0' NOT NULL,
  custom1 varchar(128),
  custom2 varchar(128),
  custom3 varchar(128),
  custom4 varchar(128),
  custom5 varchar(128),
  date_added datetime NOT NULL,
  PRIMARY KEY (kk_payment_schedule_id),
  KEY i_storid_kk_pay_sched (store_id)
);

# Subscription
DROP TABLE IF EXISTS kk_subscription;
CREATE TABLE kk_subscription (
  kk_subscription_id int NOT NULL auto_increment,
  store_id varchar(64), 
  orders_id int DEFAULT '0' NOT NULL, 
  orders_number varchar(128),
  customers_id int DEFAULT '0' NOT NULL,
  products_id int DEFAULT '0' NOT NULL,
  payment_schedule_id int DEFAULT '0' NOT NULL,
  products_sku varchar(255),
  subscription_code varchar(128),
  start_date datetime,
  amount decimal(15,4) NOT NULL, 
  trial_amount decimal(15,4), 
  active int DEFAULT '0' NOT NULL, 
  problem int DEFAULT '0' NOT NULL, 
  problem_description varchar(255),
  last_billing_date datetime,
  next_billing_date datetime,
  custom1 varchar(128),
  custom2 varchar(128),
  custom3 varchar(128),
  custom4 varchar(128),
  custom5 varchar(128),
  date_added datetime NOT NULL,
  last_modified datetime,
  PRIMARY KEY (kk_subscription_id),
  KEY i_storid_kk_subscription (store_id)
);

# Payment Schedule Panel
INSERT INTO kk_panel (code, description, date_added) VALUES ('kk_panel_payment_schedule', 'Payment Schedule', now());

# Grant access to Payment Schedule panel to the Super Admin and the Standard Admin and Catalog Maintenance Users
INSERT INTO kk_role_to_panel (role_id, panel_id, can_edit, can_insert, can_delete, date_added) SELECT 1, panel_id, 1,1,1, now() FROM kk_panel WHERE code = 'kk_panel_payment_schedule';
INSERT INTO kk_role_to_panel (role_id, panel_id, can_edit, can_insert, can_delete, date_added) SELECT 2, panel_id, 1,1,1, now() FROM kk_panel WHERE code = 'kk_panel_payment_schedule';
INSERT INTO kk_role_to_panel (role_id, panel_id, can_edit, can_insert, can_delete, date_added) SELECT 5, panel_id, 1,1,1, now() FROM kk_panel WHERE code = 'kk_panel_payment_schedule';

# Subscription Panel
INSERT INTO kk_panel (code, description, date_added) VALUES ('kk_panel_subscription', 'Subscription', now());

# Grant access to Subscription panel to the Super Admin and the Standard Admin and Order Maintenance Users
INSERT INTO kk_role_to_panel (role_id, panel_id, can_edit, can_insert, can_delete, date_added) SELECT 1, panel_id, 1,1,1, now() FROM kk_panel WHERE code = 'kk_panel_subscription';
INSERT INTO kk_role_to_panel (role_id, panel_id, can_edit, can_insert, can_delete, date_added) SELECT 3, panel_id, 1,1,1, now() FROM kk_panel WHERE code = 'kk_panel_subscription';
INSERT INTO kk_role_to_panel (role_id, panel_id, can_edit, can_insert, can_delete, date_added) SELECT 5, panel_id, 1,1,1, now() FROM kk_panel WHERE code = 'kk_panel_subscription';

# Subscription From Orders Panel
INSERT INTO kk_panel (code, description, date_added) VALUES ('kk_panel_subscriptionFromOrders', 'Subscription From Orders', now());

# Grant access to Subscription From Orders panel to the Super Admin and the Standard Admin and Order Maintenance Users
INSERT INTO kk_role_to_panel (role_id, panel_id, can_edit, can_insert, can_delete, date_added) SELECT 1, panel_id, 1,1,1, now() FROM kk_panel WHERE code = 'kk_panel_subscriptionFromOrders';
INSERT INTO kk_role_to_panel (role_id, panel_id, can_edit, can_insert, can_delete, date_added) SELECT 3, panel_id, 1,1,1, now() FROM kk_panel WHERE code = 'kk_panel_subscriptionFromOrders';
INSERT INTO kk_role_to_panel (role_id, panel_id, can_edit, can_insert, can_delete, date_added) SELECT 5, panel_id, 1,1,1, now() FROM kk_panel WHERE code = 'kk_panel_subscriptionFromOrders';

# Subscription from Customers Panel
INSERT INTO kk_panel (code, description, date_added) VALUES ('kk_panel_subscriptionFromCustomers', 'Subscription From Customers', now());

# Grant access to Subscription from Customers panel to the Super Admin and the Standard Admin and Order Maintenance Users
INSERT INTO kk_role_to_panel (role_id, panel_id, can_edit, can_insert, can_delete, date_added) SELECT 1, panel_id, 1,1,1, now() FROM kk_panel WHERE code = 'kk_panel_subscriptionFromCustomers';
INSERT INTO kk_role_to_panel (role_id, panel_id, can_edit, can_insert, can_delete, date_added) SELECT 3, panel_id, 1,1,1, now() FROM kk_panel WHERE code = 'kk_panel_subscriptionFromCustomers';
INSERT INTO kk_role_to_panel (role_id, panel_id, can_edit, can_insert, can_delete, date_added) SELECT 5, panel_id, 1,1,1, now() FROM kk_panel WHERE code = 'kk_panel_subscriptionFromCustomers';

# Extra attributes for ipn_history object
ALTER TABLE ipn_history ADD COLUMN kk_subscription_id int DEFAULT -1 not null;

# Config variable to determine whether to show button for subscriptions panel
DELETE FROM configuration WHERE configuration_key = 'ADMIN_APP_DISPLAY_SUBSCRIPTIONS_BUTTON';
INSERT INTO configuration (configuration_title, configuration_key, configuration_value, configuration_description, configuration_group_id, sort_order, set_function, date_added) VALUES ('Display Subscriptions Button', 'ADMIN_APP_DISPLAY_SUBSCRIPTIONS_BUTTON', 'false', 'When this is set, a Subscriptions button is displayed in the Customers and Orders panels', '21', '30', 'choice(\'true\', \'false\')', now());

# Allow the same product to be entered into the basket more than once without updating the quantity of the existing one
DELETE FROM configuration WHERE configuration_key = 'ALLOW_MULTIPLE_BASKET_ENTRIES';
INSERT INTO configuration (configuration_title, configuration_key, configuration_value, configuration_description, configuration_group_id, sort_order, set_function, date_added) VALUES ('Allow multiple basket entries', 'ALLOW_MULTIPLE_BASKET_ENTRIES', 'false', 'When set, allow the same product to be entered into the basket more than once without updating the quantity of the existing one', '9', '11', 'choice(\'true\', \'false\')', now());

# Addition of extra telephone and eMail attributes
ALTER TABLE customers ADD COLUMN customers_telephone_1 varchar(32);
ALTER TABLE address_book ADD COLUMN entry_telephone varchar(32);
ALTER TABLE address_book ADD COLUMN entry_telephone_1 varchar(32);
ALTER TABLE address_book ADD COLUMN entry_email_address varchar(96);
ALTER TABLE orders ADD COLUMN customers_telephone_1 varchar(32);
ALTER TABLE orders ADD COLUMN delivery_telephone varchar(32);
ALTER TABLE orders ADD COLUMN delivery_telephone_1 varchar(32);
ALTER TABLE orders ADD COLUMN delivery_email_address varchar(96);
ALTER TABLE orders ADD COLUMN billing_telephone varchar(32);
ALTER TABLE orders ADD COLUMN billing_telephone_1 varchar(32);
ALTER TABLE orders ADD COLUMN billing_email_address varchar(96);

# Make address format fields bigger
ALTER TABLE address_format MODIFY address_format VARCHAR(255);
ALTER TABLE address_format MODIFY address_summary VARCHAR(255);

# Make product image fields bigger
ALTER TABLE products MODIFY products_image VARCHAR(255);
ALTER TABLE products MODIFY products_image2 VARCHAR(255);
ALTER TABLE products MODIFY products_image3 VARCHAR(255);
ALTER TABLE products MODIFY products_image4 VARCHAR(255);

#---------------  v5.1.0.0

# These are required because we changed the default https port in server.xml

UPDATE configuration SET configuration_value='8783' WHERE configuration_key = 'SSL_PORT_NUMBER' AND configuration_value = '8443';
UPDATE configuration SET configuration_value='https://localhost:8783/konakart/AdminLoginSubmit.do' WHERE configuration_key = 'ADMIN_APP_LOGIN_BASE_URL' AND configuration_value = 'https://localhost:8443/konakart/AdminLoginSubmit.do';

# Add attribute to determine whether to use basket price or product price
ALTER TABLE customers_basket ADD COLUMN use_basket_price int DEFAULT '0';

# Allow usage of basket price
DELETE FROM configuration WHERE configuration_key = 'ALLOW_BASKET_PRICE';
INSERT INTO configuration (configuration_title, configuration_key, configuration_value, configuration_description, configuration_group_id, sort_order, set_function, date_added) VALUES ('Allow using the basket price', 'ALLOW_BASKET_PRICE','false','Allows you to define the price in the basket object when adding a product to the basket', '18', '8', 'choice(\'true\', \'false\')', now());

# Add attribute to define the default behavior of the admin app when changing order status
ALTER TABLE orders_status ADD COLUMN notify_customer int DEFAULT 0;

# Add special price expiry date
ALTER TABLE specials ADD COLUMN starts_date datetime DEFAULT NULL;

# Add a new key to the external product prices
# Re-create Product Price Table with a new key
DROP TABLE IF EXISTS kk_product_prices;
CREATE TABLE kk_product_prices (
  store_id varchar(64),
  catalog_id varchar(32) NOT NULL,
  products_id int NOT NULL,
  products_attributes_id int NOT NULL,
  tier_price_id int NOT NULL DEFAULT 0,
  products_price_0 decimal(15,4),
  products_price_1 decimal(15,4),
  products_price_2 decimal(15,4),
  products_price_3 decimal(15,4),
  PRIMARY KEY (catalog_id, products_id, products_attributes_id, tier_price_id)
);

# Add a tier price table
DROP TABLE IF EXISTS kk_tier_price;
CREATE TABLE kk_tier_price (
  kk_tier_price_id int NOT NULL auto_increment,
  store_id varchar(64),
  products_id int NOT NULL,
  products_quantity int NOT NULL,
  tier_price decimal(15,4),
  tier_price_1 decimal(15,4),
  tier_price_2 decimal(15,4),
  tier_price_3 decimal(15,4),
  use_percentage_discount int,
  custom1 varchar(128),
  date_added datetime NOT NULL,
  last_modified datetime,
  PRIMARY KEY (kk_tier_price_id),
  KEY i_prodid_kk_tier_price (products_id),
  KEY i_storid_kk_tier_price (store_id)
);

#Add discount attribute to Orders Products table
ALTER TABLE orders_products ADD COLUMN discount_percent decimal(15,4);

# Set the rule for calculating tax
DELETE FROM configuration where configuration_key = 'TAX_QUANTITY_RULE';
INSERT INTO configuration (configuration_title, configuration_key, configuration_value, configuration_description, configuration_group_id, sort_order, set_function, date_added) VALUES ('Tax Quantity Rule', 'TAX_QUANTITY_RULE', '1', 'Tax calculated on total=1\nTax calculated per item and then rounded=2', '9', '13', 'integer(1,2), ', now());

# Set the number of decimal places for currency in the admin app
DELETE FROM configuration where configuration_key = 'ADMIN_CURRENCY_DECIMAL_PLACES';
INSERT INTO configuration (configuration_title, configuration_key, configuration_value, configuration_description, configuration_group_id, sort_order, set_function, date_added) VALUES ('No of decimal places for currency', 'ADMIN_CURRENCY_DECIMAL_PLACES', '2', 'No of decimal places allowed for entering prices in the admin app', '1', '27', 'integer(0,9), ', now());

# Add extra street address to various tables
ALTER TABLE address_book ADD COLUMN entry_street_address_1 varchar(64);
ALTER TABLE orders ADD COLUMN customers_street_address_1 varchar(64);
ALTER TABLE orders ADD COLUMN delivery_street_address_1 varchar(64);
ALTER TABLE orders ADD COLUMN billing_street_address_1 varchar(64);

# Config variable to decide whether to show 2nd street address
DELETE FROM configuration where configuration_key = 'ACCOUNT_STREET_ADDRESS_1';
INSERT INTO configuration (configuration_title, configuration_key, configuration_value, configuration_description, configuration_group_id, sort_order, set_function, date_added) VALUES ('Street Address 1', 'ACCOUNT_STREET_ADDRESS_1', 'false', 'Display 2nd street address in the customers account', '5', '4', 'choice(\'true\', \'false\')', now());

# Config variable to define min length of 2nd street address
DELETE FROM configuration where configuration_key = 'ENTRY_STREET_ADDRESS1_MIN_LENGTH';
INSERT INTO configuration (configuration_title, configuration_key, configuration_value, configuration_description, configuration_group_id, sort_order, set_function, date_added) VALUES ('Street Address 1', 'ENTRY_STREET_ADDRESS1_MIN_LENGTH', '5', 'Minimum length of street address 1', '2', '5', 'integer(0,null)', now());

# Addition of custom fields to products_attributes
ALTER TABLE products_attributes ADD COLUMN custom1 varchar(128);
ALTER TABLE products_attributes ADD COLUMN custom2 varchar(128);

# Addition of custom fields to products_options
ALTER TABLE products_options ADD COLUMN custom1 varchar(128);
ALTER TABLE products_options ADD COLUMN custom2 varchar(128);

# Addition of custom fields to products_options_values
ALTER TABLE products_options_values ADD COLUMN custom1 varchar(128);
ALTER TABLE products_options_values ADD COLUMN custom2 varchar(128);

# Config variable to issue warning for matching SKUs in Admin App
DELETE FROM configuration where configuration_key = 'ADMIN_APP_WARN_OF_DUPLICATE_SKUS';
INSERT INTO configuration (configuration_title, configuration_key, configuration_value, configuration_description, configuration_group_id, sort_order, set_function, date_added) VALUES ('Warn of Duplicate SKUs', 'ADMIN_APP_WARN_OF_DUPLICATE_SKUS', 'false', 'Issue warning in Admin App of duplicate SKUs', '21', '32', 'choice(\'true\', \'false\')', now());

# Move the Rich Text Editor Configuration Variable to the Admn App Configuration Panel
UPDATE configuration set configuration_group_id = 21, sort_order = 32 where configuration_key = 'RICH_TEXT_EDITOR' and configuration_group_id = 9;

#---------------  v5.2.0.0

# Add extra columns to the Zones table
ALTER TABLE zones ADD COLUMN zone_invisible int DEFAULT 0 NOT NULL;
ALTER TABLE zones ADD COLUMN zone_search varchar(64);
ALTER TABLE zones ADD KEY idx_zone_search (zone_search);

# New API call for checking Data Integrity
INSERT INTO kk_api_call (name, description, date_added) VALUES ('checkDataIntegrity','', now());

# Addition of custom fields to digital_downloads
ALTER TABLE kk_digital_download_1 ADD COLUMN custom1 varchar(128);
ALTER TABLE kk_digital_download_1 ADD COLUMN custom2 varchar(128);
ALTER TABLE kk_digital_download_1 ADD COLUMN custom3 varchar(128);

# Add an attribute to the orders table 
ALTER TABLE orders ADD COLUMN shipping_service_code varchar(128);

# Add custom field descriptions for Shipping Command on Order panels
UPDATE kk_role_to_panel SET custom3=0, custom3_desc='If set Export For Shipping button not shown' WHERE panel_id in (select panel_id from kk_panel WHERE code='kk_panel_customerOrders');
UPDATE kk_role_to_panel SET custom3=0, custom3_desc='If set Export For Shipping button not shown' WHERE panel_id in (select panel_id from kk_panel WHERE code='kk_panel_orders');

UPDATE kk_role_to_panel SET custom4=0, custom4_desc='If set Export button not shown' WHERE panel_id in (select panel_id from kk_panel WHERE code='kk_panel_customerOrders');
UPDATE kk_role_to_panel SET custom4=0, custom4_desc='If set Export button not shown' WHERE panel_id in (select panel_id from kk_panel WHERE code='kk_panel_orders');

# Config variable to define the location of the Shipping Orders
DELETE FROM configuration where configuration_key = 'EXPORT_ORDERS_BASE_DIRECTORY';
INSERT INTO configuration (configuration_title, configuration_key, configuration_value, configuration_description, configuration_group_id, sort_order, date_added) VALUES ('Exported Orders Directory', 'EXPORT_ORDERS_BASE_DIRECTORY', 'C:/Program Files/KonaKart/orders', 'Defines the root directory where the Orders are exported to', '7', '7', now());

# New exportOrder API call
INSERT INTO kk_api_call (name, description, date_added) VALUES ('exportOrder','', now());

# Add description field to category
ALTER TABLE categories_description ADD COLUMN description text;

# Move the Admin Currency Decimal Place Configuration Variable to the Admn App Configuration Panel
UPDATE configuration set configuration_group_id = 21, sort_order = 40 where configuration_key = 'ADMIN_CURRENCY_DECIMAL_PLACES' and configuration_group_id = 1;

# Move the Email From and Send Extra Emails Configuration Variable to the Email Configuration Panel
UPDATE configuration set configuration_group_id = 12, sort_order = 6 where configuration_key = 'EMAIL_FROM' and configuration_group_id = 1;
UPDATE configuration set configuration_group_id = 12, sort_order = 6 where configuration_key = 'SEND_EXTRA_EMAILS_TO' and configuration_group_id = 1;

# Config variable to define whether to allow wish lists for non logged in users
DELETE FROM configuration where configuration_key = 'ALLOW_WISHLIST_WHEN_NOT_LOGGED_IN';
INSERT INTO configuration (configuration_title, configuration_key, configuration_value, configuration_description, configuration_group_id, sort_order, set_function, date_added) VALUES ('Allow Wish List when not logged in', 'ALLOW_WISHLIST_WHEN_NOT_LOGGED_IN', 'false', 'Allow wish list functionality to be available for customers that have not logged in', '1', '25', 'choice(\'true\', \'false\')', now());

# Config variable to define the Address that Orders are shipped from
DELETE FROM configuration where configuration_key = 'SHIP_FROM_STREET_ADDRESS';
INSERT INTO configuration (configuration_title, configuration_key, configuration_value, configuration_description, configuration_group_id, sort_order, date_added) VALUES ('Ship From Street Address', 'SHIP_FROM_STREET_ADDRESS', '', 'Ship From Street Address - used by some of the Shipping Modules', '7', '2', now());

# Config variable to define the City that Orders are shipped from
DELETE FROM configuration where configuration_key = 'SHIP_FROM_CITY';
INSERT INTO configuration (configuration_title, configuration_key, configuration_value, configuration_description, configuration_group_id, sort_order, date_added) VALUES ('Ship From City', 'SHIP_FROM_CITY', '', 'Ship From City - used by some of the Shipping Modules', '7', '2', now());

# Add weight attribute to Orders Products table
ALTER TABLE orders_products ADD COLUMN weight decimal(10,2);

# Config variable to define the Product Types that are not shown in the droplist on the Edit Product Panel
DELETE FROM configuration where configuration_key = 'HIDDEN_PRODUCT_TYPES';
INSERT INTO configuration (configuration_title, configuration_key, configuration_value, configuration_description, configuration_group_id, sort_order, date_added) VALUES ('Hidden Product Types', 'HIDDEN_PRODUCT_TYPES', '', 'The Product Types that are not shown in the droplist on the Edit Product Panel', '21', '27', now());

# Set the default customer to be John Doe
UPDATE customers SET customers_type = 3 where customers_email_address = 'root@localhost';

# Product Quantity Table for different catalog ids
DROP TABLE IF EXISTS kk_catalog_quantity;
CREATE TABLE kk_catalog_quantity (
  store_id varchar(64),
  catalog_id varchar(32) NOT NULL,
  products_id int NOT NULL,
  products_options varchar(128) NOT NULL,
  products_quantity int NOT NULL,
  products_date_available datetime,
  PRIMARY KEY (catalog_id,products_id, products_options)
);

# Set the custom1 field of the Super User role to Administrator (for Liferay SSO example)
UPDATE kk_role SET custom1 = 'Administrator' where role_id = 1;

# Add new column to promotions table
ALTER TABLE promotion ADD COLUMN max_use int NOT NULL DEFAULT '-1';

# Tracks the number of times a promotion has been used
DROP TABLE IF EXISTS promotion_to_customer_use;
CREATE TABLE promotion_to_customer_use (
  store_id varchar(64),
  promotion_id int NOT NULL,
  customers_id int NOT NULL,
  times_used int NOT NULL DEFAULT '0',
  PRIMARY KEY (promotion_id,customers_id)
);

# Page links
DELETE FROM configuration where configuration_key = 'MAX_DISPLAY_PAGE_LINKS';
INSERT INTO configuration (configuration_title, configuration_key, configuration_value, configuration_description, configuration_group_id, sort_order, set_function, date_added) VALUES ('Search Result Page Links', 'MAX_DISPLAY_PAGE_LINKS', '5', 'Maximum number of links used for page-sets - must be odd number', '3', '3', 'integer(3,null)', now());

# Define the default state for reviews when written by a customer
DELETE FROM configuration where configuration_key = 'DEFAULT_REVIEW_STATE';
INSERT INTO configuration (configuration_title, configuration_key, configuration_value, configuration_description, configuration_group_id, sort_order, set_function, date_added) VALUES ('Default state for reviews', 'DEFAULT_REVIEW_STATE', '0', 'Allows you to make reviews visible only after approval if initial state is set to 1', '18', '10', 'integer(0,null)', now());

# Add state attribute to reviews table
ALTER TABLE reviews ADD state int DEFAULT 0 NOT NULL;

# Reviews Panel
INSERT INTO kk_panel (code, description, date_added) VALUES ('kk_panel_reviews', 'Maintain Product Reviews', now());
INSERT INTO kk_panel (code, description, date_added) VALUES ('kk_panel_prod_reviews', 'Product Reviews for Product', now());
INSERT INTO kk_panel (code, description, date_added) VALUES ('kk_panel_cust_reviews', 'Product Reviews for Customer', now());

# Add Reviews Panel access to all roles that can access the Product panel
INSERT INTO kk_role_to_panel (role_id, panel_id, can_edit, can_insert, can_delete, date_added, store_id) SELECT role_id, p2.panel_id, 1, 1, 1, now(), store_id FROM kk_role_to_panel rtp, kk_panel p, kk_panel p2 where rtp.panel_id=p.panel_id and p.code='kk_panel_products' and p2.code='kk_panel_reviews';
INSERT INTO kk_role_to_panel (role_id, panel_id, can_edit, can_insert, can_delete, date_added, store_id) SELECT role_id, p2.panel_id, 1, 1, 1, now(), store_id FROM kk_role_to_panel rtp, kk_panel p, kk_panel p2 where rtp.panel_id=p.panel_id and p.code='kk_panel_products' and p2.code='kk_panel_prod_reviews';
INSERT INTO kk_role_to_panel (role_id, panel_id, can_edit, can_insert, can_delete, date_added, store_id) SELECT role_id, p2.panel_id, 1, 1, 1, now(), store_id FROM kk_role_to_panel rtp, kk_panel p, kk_panel p2 where rtp.panel_id=p.panel_id and p.code='kk_panel_products' and p2.code='kk_panel_cust_reviews';

# getReviews API call
INSERT INTO kk_api_call (name, description, date_added) VALUES ('getReviews','', now());

# For storing all messages in the database
DROP TABLE IF EXISTS kk_msg;
CREATE TABLE kk_msg (
  msg_key varchar(100) NOT NULL,
  msg_locale varchar(10) NOT NULL,
  msg_type int NOT NULL,
  msg_value text,
  PRIMARY KEY (msg_key,msg_type,msg_locale)
);

# Add locale to languages table
ALTER TABLE languages ADD COLUMN locale varchar(10);
UPDATE languages SET locale = code;
UPDATE languages SET locale = 'en_GB' where code = 'en';
UPDATE languages SET locale = 'de_DE' where code = 'de';
UPDATE languages SET locale = 'es_ES' where code = 'es';
UPDATE languages SET locale = 'pt_BR' where code = 'pt';

# Messages Panel
INSERT INTO kk_panel (code, description, date_added) VALUES ('kk_panel_messages', 'Maintain Application Messages', now());

# Grant access to Messages Panel to the Super Admin and the Standard Admin Users
INSERT INTO kk_role_to_panel (role_id, panel_id, can_edit, can_insert, can_delete, date_added) SELECT 1, panel_id, 1,1,1, now() FROM kk_panel WHERE code = 'kk_panel_messages';
INSERT INTO kk_role_to_panel (role_id, panel_id, can_edit, can_insert, can_delete, date_added) SELECT 3, panel_id, 1,1,1, now() FROM kk_panel WHERE code = 'kk_panel_messages';

# Config variable to define the Messsage Types allowed in the System
DELETE FROM configuration where configuration_key = 'MESSAGE_TYPES';
INSERT INTO configuration (configuration_title, configuration_key, configuration_value, configuration_description, configuration_group_id, sort_order, date_added) VALUES ('Message Types', 'MESSAGE_TYPES', 'Application,AdminApp,AdminAppHelp', 'Used to populate the Message Types droplist in the Messages section', '21', '41', now());

# Config variable to define whether we use files (the default) or the database for storing system messages
DELETE FROM configuration where configuration_key = 'USE_DB_FOR_MESSAGES';
INSERT INTO configuration (configuration_title, configuration_key, configuration_value, configuration_description, configuration_group_id, sort_order, set_function, date_added) VALUES ('Use D/B For Messages', 'USE_DB_FOR_MESSAGES', 'false', 'If true use the Database for the system messsages, if false use file-based messages', '21', '40', 'choice(\'true\', \'false\')', now());

# New Messages APIs
INSERT INTO kk_api_call (name, description, date_added) VALUES ('searchMsg','', now());
INSERT INTO kk_api_call (name, description, date_added) VALUES ('getMsgValue','', now());
INSERT INTO kk_api_call (name, description, date_added) VALUES ('deleteMsg','', now());
INSERT INTO kk_api_call (name, description, date_added) VALUES ('insertMsg','', now());
INSERT INTO kk_api_call (name, description, date_added) VALUES ('updateMsg','', now());
INSERT INTO kk_api_call (name, description, date_added) VALUES ('importMsgs','', now());
INSERT INTO kk_api_call (name, description, date_added) VALUES ('exportMsgs','', now());
INSERT INTO kk_api_call (name, description, date_added) VALUES ('getLanguageById','', now());

# Add indexes on product table
ALTER TABLE products ADD KEY idx_manu_id (manufacturers_id);

# Add new attribute to address_book table
ALTER TABLE address_book ADD manufacturers_id int DEFAULT 0 NOT NULL;

# Address Panel
#INSERT INTO kk_panel (code, description, date_added) VALUES ('kk_panel_address', 'All Addresses', now());
INSERT INTO kk_panel (code, description, date_added) VALUES ('kk_panel_prod_address', 'Product Addresses', now());
INSERT INTO kk_panel (code, description, date_added) VALUES ('kk_panel_manu_address', 'Manufacturer Addresses', now());
INSERT INTO kk_panel (code, description, date_added) VALUES ('kk_panel_cust_address', 'Customer Addresses', now());

# Add Address Panel access to all roles that can access the Customer panel
INSERT INTO kk_role_to_panel (role_id, panel_id, can_edit, can_insert, can_delete, date_added, store_id) SELECT role_id, p2.panel_id, 1, 1, 1, now(), store_id FROM kk_role_to_panel rtp, kk_panel p, kk_panel p2 where rtp.panel_id=p.panel_id and p.code='kk_panel_customers' and p2.code='kk_panel_address';
INSERT INTO kk_role_to_panel (role_id, panel_id, can_edit, can_insert, can_delete, date_added, store_id) SELECT role_id, p2.panel_id, 1, 1, 1, now(), store_id FROM kk_role_to_panel rtp, kk_panel p, kk_panel p2 where rtp.panel_id=p.panel_id and p.code='kk_panel_customers' and p2.code='kk_panel_prod_address';
INSERT INTO kk_role_to_panel (role_id, panel_id, can_edit, can_insert, can_delete, date_added, store_id) SELECT role_id, p2.panel_id, 1, 1, 1, now(), store_id FROM kk_role_to_panel rtp, kk_panel p, kk_panel p2 where rtp.panel_id=p.panel_id and p.code='kk_panel_customers' and p2.code='kk_panel_manu_address';
INSERT INTO kk_role_to_panel (role_id, panel_id, can_edit, can_insert, can_delete, date_added, store_id) SELECT role_id, p2.panel_id, 1, 1, 1, now(), store_id FROM kk_role_to_panel rtp, kk_panel p, kk_panel p2 where rtp.panel_id=p.panel_id and p.code='kk_panel_customers' and p2.code='kk_panel_cust_address';

# Table to connect products to addresses
DROP TABLE IF EXISTS kk_addr_to_product;
CREATE TABLE kk_addr_to_product (
  store_id varchar(64),
  address_book_id int NOT NULL,
  products_id int NOT NULL,
  relation_type int NOT NULL DEFAULT 0,
  PRIMARY KEY (address_book_id,products_id)
);

# Configuration for address select panels in admin app
DELETE FROM configuration WHERE configuration_key = 'ADMIN_APP_ADDR_SEL_NUM_ADDRS';
INSERT INTO configuration (configuration_title, configuration_key, configuration_value, configuration_description, configuration_group_id, sort_order, date_added) VALUES ('Address Select Default Num Addrs', 'ADMIN_APP_ADDR_SEL_NUM_ADDRS', '50', 'Sets the default number of addresses displayed in the address select dialogs when opened', '21', '50', now());
DELETE FROM configuration WHERE configuration_key = 'ADMIN_APP_ADDR_SEL_MAX_NUM_ADDRS';
INSERT INTO configuration (configuration_title, configuration_key, configuration_value, configuration_description, configuration_group_id, sort_order, date_added) VALUES ('Address Select Max Num Addrs', 'ADMIN_APP_ADDR_SEL_MAX_NUM_ADDRS', '100', 'Sets the maximum number of addresses displayed in the address select dialogs after a search', '21', '51', now());
DELETE FROM configuration WHERE configuration_key = 'ADMIN_APP_SELECT_PROD_ADDR_FORMAT';
INSERT INTO configuration (configuration_title, configuration_key, configuration_value, configuration_description, configuration_group_id, sort_order, date_added) VALUES ('Addr Format for Prod Addr Sel', 'ADMIN_APP_SELECT_PROD_ADDR_FORMAT', '$company $street $street1 $suburb $city $state $country', 'How the address is formatted in the product select address panel', '21', '0', now());
DELETE FROM configuration WHERE configuration_key = 'ADMIN_APP_PROD_ADDR_FORMAT';
INSERT INTO configuration (configuration_title, configuration_key, configuration_value, configuration_description, configuration_group_id, sort_order, date_added) VALUES ('Addr Format for Prod Addr', 'ADMIN_APP_PROD_ADDR_FORMAT', '$company $street $street1 $suburb $city $state $country', 'How the address is formatted in the product address panel', '21', '0', now());
DELETE FROM configuration WHERE configuration_key = 'ADMIN_APP_CUST_ADDR_FORMAT';
INSERT INTO configuration (configuration_title, configuration_key, configuration_value, configuration_description, configuration_group_id, sort_order, date_added) VALUES ('Addr Format for Cust Addr', 'ADMIN_APP_CUST_ADDR_FORMAT', '$street $street1 $suburb $city $state $country', 'How the address is formatted in the customer address panel', '21', '0', now());
DELETE FROM configuration WHERE configuration_key = 'ADMIN_APP_MANU_ADDR_FORMAT';
INSERT INTO configuration (configuration_title, configuration_key, configuration_value, configuration_description, configuration_group_id, sort_order, date_added) VALUES ('Addr Format for Manu Addr', 'ADMIN_APP_MANU_ADDR_FORMAT', '$street $street1 $suburb $city $state $country', 'How the address is formatted in the manufacturer address panel', '21', '0', now());

# New address related API calls
INSERT INTO kk_api_call (name, description, date_added) VALUES ('addAddressesToProduct','', now());
INSERT INTO kk_api_call (name, description, date_added) VALUES ('removeAddressFromProduct','', now());
INSERT INTO kk_api_call (name, description, date_added) VALUES ('getProductCountPerAddress','', now());

# New Manufacturer API call
INSERT INTO kk_api_call (name, description, date_added) VALUES ('getManufacturers','', now());

# New Product Option API call
INSERT INTO kk_api_call (name, description, date_added) VALUES ('getProductOptions','', now());

# Configuration for manufacturer panels in admin app
DELETE FROM configuration WHERE configuration_key = 'ADMIN_APP_MANU_SEL_NUM_MANUS';
INSERT INTO configuration (configuration_title, configuration_key, configuration_value, configuration_description, configuration_group_id, sort_order, date_added) VALUES ('Manufacturer Panel Default Num Manus', 'ADMIN_APP_MANU_SEL_NUM_MANUS', '50', 'Sets the default number of manufacturers displayed in the manufacturer panels and dialogs when opened', '21', '52', now());
DELETE FROM configuration WHERE configuration_key = 'ADMIN_APP_MANU_SEL_MAX_NUM_MANUS';
INSERT INTO configuration (configuration_title, configuration_key, configuration_value, configuration_description, configuration_group_id, sort_order, date_added) VALUES ('Manufacturer Panel Max Num Manus', 'ADMIN_APP_MANU_SEL_MAX_NUM_MANUS', '100', 'Sets the maximum number of manufacturers displayed in the manufacturer panels and dialogs after a search', '21', '53', now());

# Configuration for product option panel in admin app
DELETE FROM configuration WHERE configuration_key = 'ADMIN_APP_PROD_OPT_SEL_NUM_PROD_OPTS';
INSERT INTO configuration (configuration_title, configuration_key, configuration_value, configuration_description, configuration_group_id, sort_order, date_added) VALUES ('Prod Option Panel Default Num Prod Opts', 'ADMIN_APP_PROD_OPT_SEL_NUM_PROD_OPTS', '50', 'Sets the default number of product options displayed in the prod option panel when opened', '21', '54', now());
DELETE FROM configuration WHERE configuration_key = 'ADMIN_APP_PROD_OPT_SEL_MAX_NUM_PROD_OPTS';
INSERT INTO configuration (configuration_title, configuration_key, configuration_value, configuration_description, configuration_group_id, sort_order, date_added) VALUES ('Prod Option Panel Max Num Prod Opts', 'ADMIN_APP_PROD_OPT_SEL_MAX_NUM_PROD_OPTS', '100', 'Sets the maximum number of product options displayed in the prod option panel after a search', '21', '55', now());

#---------------  v5.3.0.0

# Tables for Custom Product Attributes
DROP TABLE IF EXISTS kk_cust_attr;
CREATE TABLE kk_cust_attr (
   kk_cust_attr_id int NOT NULL auto_increment,
   store_id varchar(64),
   name varchar(64) NOT NULL,
   msg_cat_key varchar(128),
   attr_type integer DEFAULT '-1',
   template varchar(128),
   validation varchar(512),
   set_function varchar(512),
   custom1 varchar(128),
   custom2 varchar(128),
   custom3 varchar(128),
   date_added datetime NOT NULL,
   PRIMARY KEY (kk_cust_attr_id),
   KEY idx_nm_kk_cust_attr (name),
   KEY idx_st_id_kk_cust_attr (store_id)
   );
     
DROP TABLE IF EXISTS kk_cust_attr_tmpl;
CREATE TABLE kk_cust_attr_tmpl (
   kk_cust_attr_tmpl_id int NOT NULL auto_increment,
   store_id varchar(64),
   name varchar(64) NOT NULL,
   description varchar(255),
   custom1 varchar(128),
   custom2 varchar(128),
   custom3 varchar(128),
   date_added datetime NOT NULL,
   PRIMARY KEY (kk_cust_attr_tmpl_id),
   KEY idx_nm_kk_cust_attr_tmpl (name),
   KEY idx_st_kk_cust_attr_tmpl (store_id)
   );
   
DROP TABLE IF EXISTS kk_tmpl_to_cust_attr;
CREATE TABLE kk_tmpl_to_cust_attr (
   kk_cust_attr_tmpl_id int DEFAULT '0' NOT NULL,
   kk_cust_attr_id int DEFAULT '0' NOT NULL,
   store_id varchar(64),
   sort_order int DEFAULT '0' NOT NULL,
   PRIMARY KEY (kk_cust_attr_tmpl_id, kk_cust_attr_id),
   KEY idx_st_kk_tmpl_to_cust_attr (store_id)
);

# Custom product attribute panels
INSERT INTO kk_panel (code, description, date_added) VALUES ('kk_panel_prodAttrTemplates', 'Product Custom Attribute Templates', now());
INSERT INTO kk_panel (code, description, date_added) VALUES ('kk_panel_prodAttrDescs', 'Product Custom Attributes', now());

# Add Panel access to all roles that can access the Product maintenance panel
INSERT INTO kk_role_to_panel (role_id, panel_id, can_edit, can_insert, can_delete, date_added, store_id) SELECT role_id, p2.panel_id, 1, 1, 1, now(), store_id FROM kk_role_to_panel rtp, kk_panel p, kk_panel p2 where rtp.panel_id=p.panel_id and p.code='kk_panel_products' and p2.code='kk_panel_prodAttrTemplates';
INSERT INTO kk_role_to_panel (role_id, panel_id, can_edit, can_insert, can_delete, date_added, store_id) SELECT role_id, p2.panel_id, 1, 1, 1, now(), store_id FROM kk_role_to_panel rtp, kk_panel p, kk_panel p2 where rtp.panel_id=p.panel_id and p.code='kk_panel_products' and p2.code='kk_panel_prodAttrDescs';

# New Product Custom Attribute APIs
INSERT INTO kk_api_call (name, description, date_added) VALUES ('deleteProdAttrDesc','', now());
INSERT INTO kk_api_call (name, description, date_added) VALUES ('deleteProdAttrTemplate','', now());
INSERT INTO kk_api_call (name, description, date_added) VALUES ('getProdAttrDesc','', now());
INSERT INTO kk_api_call (name, description, date_added) VALUES ('getProdAttrTemplate','', now());
INSERT INTO kk_api_call (name, description, date_added) VALUES ('getProdAttrDescs','', now());
INSERT INTO kk_api_call (name, description, date_added) VALUES ('getProdAttrDescsForTemplate','', now());
INSERT INTO kk_api_call (name, description, date_added) VALUES ('getProdAttrTemplates','', now());
INSERT INTO kk_api_call (name, description, date_added) VALUES ('insertProdAttrDesc','', now());
INSERT INTO kk_api_call (name, description, date_added) VALUES ('insertProdAttrTemplate','', now());
INSERT INTO kk_api_call (name, description, date_added) VALUES ('updateProdAttrDesc','', now());
INSERT INTO kk_api_call (name, description, date_added) VALUES ('updateProdAttrTemplate','', now());
INSERT INTO kk_api_call (name, description, date_added) VALUES ('removeProdAttrDescsFromTemplate','', now());
INSERT INTO kk_api_call (name, description, date_added) VALUES ('addProdAttrDescsToTemplate','', now());
INSERT INTO kk_api_call (name, description, date_added) VALUES ('getTemplateCountPerProdAttrDesc','', now());

# Configuration for select product custom attr panels in admin app
DELETE FROM configuration WHERE configuration_key = 'ADMIN_APP_PROD_ATTR_SEL_NUM_PROD_ATTRS';
INSERT INTO configuration (configuration_title, configuration_key, configuration_value, configuration_description, configuration_group_id, sort_order, date_added) VALUES ('Prod Custom Attr Panel Default Num Attrs', 'ADMIN_APP_PROD_ATTR_SEL_NUM_PROD_ATTRS', '50', 'Sets the default number of product attributes displayed in the product attribute dialogs when opened', '21', '56', now());
DELETE FROM configuration WHERE configuration_key = 'ADMIN_APP_PROD_ATTR_SEL_MAX_NUM_PROD_ATTRS';
INSERT INTO configuration (configuration_title, configuration_key, configuration_value, configuration_description, configuration_group_id, sort_order, date_added) VALUES ('Prod Custom Attr Panel Max Num Attrs', 'ADMIN_APP_PROD_ATTR_SEL_MAX_NUM_PROD_ATTRS', '100', 'Sets the maximum number of product attributes displayed in the product attribute dialogs after a search', '21', '57', now());

# Configuration for select template panels in admin app
DELETE FROM configuration WHERE configuration_key = 'ADMIN_APP_TMPL_SEL_NUM_TMPLS';
INSERT INTO configuration (configuration_title, configuration_key, configuration_value, configuration_description, configuration_group_id, sort_order, date_added) VALUES ('Template Panel Default Num Templates', 'ADMIN_APP_TMPL_SEL_NUM_TMPLS', '50', 'Sets the default number of templates displayed in the select template dialogs when opened', '21', '58', now());
DELETE FROM configuration WHERE configuration_key = 'ADMIN_APP_TMPL_SEL_MAX_NUM_TMPLS';
INSERT INTO configuration (configuration_title, configuration_key, configuration_value, configuration_description, configuration_group_id, sort_order, date_added) VALUES ('Template Panel Max Num Templates', 'ADMIN_APP_TMPL_SEL_MAX_NUM_TMPLS', '100', 'Sets the maximum number of templatess displayed in the select template dialogs after a search', '21', '59', now());

# Add template / custom attribute attributes to product
ALTER TABLE products ADD COLUMN cust_attr_tmpl_id int DEFAULT -1;
ALTER TABLE products ADD COLUMN custom_attrs text;

# Demo data for Custom product attributes
INSERT INTO kk_cust_attr (name, msg_cat_key, attr_type, template, validation, set_function, date_added) VALUES ('radio', 'label.size', 0, null, null, 'choice(\'label.small\',\'label.medium\',\'label.large\')', now());
INSERT INTO kk_cust_attr (name, msg_cat_key, attr_type, template, validation, set_function, date_added) VALUES ('true-false', 'label.true.false', 4, null, 'true|false', null, now());
INSERT INTO kk_cust_attr (name, msg_cat_key, attr_type, template, validation, set_function, date_added) VALUES ('dropList', 'label.size', 0, null, null, 'option(s=label.small,m=label.medium,l=label.large)', now());
INSERT INTO kk_cust_attr (name, msg_cat_key, attr_type, template, validation, set_function, date_added) VALUES ('integer-1-to-10', null, 1, null, null, 'integer(1,10)', now());
INSERT INTO kk_cust_attr (name, msg_cat_key, attr_type, template, validation, set_function, date_added) VALUES ('any-int', null, 1, null, null, 'integer(null,null)', now());
INSERT INTO kk_cust_attr (name, msg_cat_key, attr_type, template, validation, set_function, date_added) VALUES ('decimal-1.5-to-2.3', null, 2, null, null, 'double(1.5,2.3)', now());
INSERT INTO kk_cust_attr (name, msg_cat_key, attr_type, template, validation, set_function, date_added) VALUES ('string-length-4', null, 0, null, null, 'string(4,4)', now());
INSERT INTO kk_cust_attr (name, msg_cat_key, attr_type, template, validation, set_function, date_added) VALUES ('date-dd/MM/yyyy', null, 3, 'dd/MM/yyyy', '^(((0[1-9]|[12]\\d|3[01])\\/(0[13578]|1[02])\\/((1[6-9]|[2-9]\\d)\\d{2}))|((0[1-9]|[12]\\d|30)\\/(0[13456789]|1[012])\\/((1[6-9]|[2-9]\\d)\\d{2}))|((0[1-9]|1\\d|2[0-8])\\/02\\/((1[6-9]|[2-9]\\d)\\d{2}))|(29\\/02\\/((1[6-9]|[2-9]\\d)(0[48]|[2468][048]|[13579][26])|((16|[2468][048]|[3579][26])00))))$', null, now());
INSERT INTO kk_cust_attr (name, msg_cat_key, attr_type, template, validation, set_function, custom1, custom2, custom3, date_added) VALUES ('any-string-use-custom', null, 0, null, null, null, 'c1', 'c2', 'c3', now()); 

# Configuration variable for defining the way searches are done - for Oracle CLOB support etc
DELETE FROM configuration WHERE configuration_key = 'FETCH_PRODUCT_DESCRIPTIONS_SEPARATELY';
INSERT INTO configuration (configuration_title, configuration_key, configuration_value, configuration_description, configuration_group_id, sort_order, set_function, date_added) VALUES ('Fetch Descriptions Separately', 'FETCH_PRODUCT_DESCRIPTIONS_SEPARATELY', 'false', 'Fetch Product Descriptions Separately', '9', '30', 'choice(\'true\', \'false\')', now());

# Customer tags for preferences
DELETE FROM kk_customer_tag WHERE name ='PROD_PAGE_SIZE';
INSERT INTO kk_customer_tag (name, description, tag_type, max_ints, date_added) VALUES ('PROD_PAGE_SIZE', 'The page size for product lists', 1, 0, now());
DELETE FROM kk_customer_tag WHERE name ='ORDER_PAGE_SIZE';
INSERT INTO kk_customer_tag (name, description, tag_type, max_ints, date_added) VALUES ('ORDER_PAGE_SIZE', 'The page size for order lists', 1, 0, now());
DELETE FROM kk_customer_tag WHERE name ='REVIEW_PAGE_SIZE';
INSERT INTO kk_customer_tag (name, description, tag_type, max_ints, date_added) VALUES ('REVIEW_PAGE_SIZE', 'The page size for review lists', 1, 0, now());

# Add a Message Catalog Key to the countries table to allow country names in multiple languages - default the value of this to 'CTRY.' + ISO-3 value
ALTER TABLE countries ADD COLUMN msgCatKey VARCHAR(32);
UPDATE countries set msgCatKey = CONCAT('CTRY.',countries_iso_code_3);

# Configuration variable for defining whether to look up country names in the message catalog or not
DELETE FROM configuration WHERE configuration_key = 'USE_MSG_CAT_FOR_COUNTRY_NAMES';
INSERT INTO configuration (configuration_title, configuration_key, configuration_value, configuration_description, configuration_group_id, sort_order,  set_function, date_added) VALUES ('Use Country Names in Msg Cat', 'USE_MSG_CAT_FOR_COUNTRY_NAMES', 'false', 'Use the Country Names in the Message Catalogues', '1', '29', 'choice(\'true\', \'false\')', now());

# Table for storing customer statistics data 
DROP TABLE IF EXISTS kk_cust_stats;
CREATE TABLE kk_cust_stats (
   cust_stats_id int NOT NULL auto_increment,
   store_id varchar(64),
   customers_id int DEFAULT 0,
   event_type int DEFAULT 0,
   data1Str varchar(128),
   data2Str varchar(128),
   data1Int int,
   data2Int int,
   data1Dec decimal(15,4),
   data2Dec decimal(15,4),
   date_added datetime NOT NULL,
   PRIMARY KEY (cust_stats_id)
   );

# Enable / Disable customer event functionality from application
DELETE FROM configuration WHERE configuration_key = 'ENABLE_CUSTOMER_EVENTS';
INSERT INTO configuration (configuration_title, configuration_key, configuration_value, configuration_description, configuration_group_id, sort_order, set_function, date_added) VALUES ('Enable Customer Event functionality', 'ENABLE_CUSTOMER_EVENTS', 'false', 'When set to true, the application inserts customer events. All event functionality is disabled when false.', '5', '9', 'choice(\'true\', \'false\')', now());

# Visibility of Customers - Customers are visible by default
ALTER TABLE customers ADD invisible int(1) NOT NULL DEFAULT 0;

# Virtual Customer 2 Panel
INSERT INTO kk_panel (code, description, date_added) VALUES ('kk_panel_customers_2', 'Customers 2', now());

# Add Panel access to all roles that can access the Customer panel - default to not allow access to invisible customers
INSERT INTO kk_role_to_panel (role_id, panel_id, can_edit, can_insert, can_delete, custom1, custom1_desc, date_added, store_id) SELECT role_id, p2.panel_id, 1, 1, 1, 0, 'Set to Access Invisible Customers', now(), store_id FROM kk_role_to_panel rtp, kk_panel p, kk_panel p2 where rtp.panel_id=p.panel_id and p.code='kk_panel_customers' and p2.code='kk_panel_customers_2';

# New Admin Payment Module API
INSERT INTO kk_api_call (name, description, date_added) VALUES ('callPaymentModule','', now());

#---------------  v5.4.0.0

# Delete the Rich Text selection configuration variable since no longer used
DELETE FROM configuration where configuration_key = 'RICH_TEXT_EDITOR';

# Extend the size of the products_name field 
ALTER TABLE products_description MODIFY products_name VARCHAR(255);

# For the New Google Shopping Interface
DELETE FROM configuration WHERE configuration_key = 'GOOGLE_DATA_ACCOUNT_ID';
INSERT INTO configuration (configuration_title, configuration_key, configuration_value, configuration_description, configuration_group_id, sort_order, date_added) VALUES ('Google Shopping Account Id', 'GOOGLE_DATA_ACCOUNT_ID', '', 'Account Id (obtain from Google) for populating Google Shopping with Product Information', '23', '3', now());

# Move the two Google Base configs to the end 
UPDATE configuration set sort_order = 100 where configuration_key = 'GOOGLE_API_KEY';
UPDATE configuration set sort_order = 101 where configuration_key = 'GOOGLE_DATA_LOCATION';

# For defining the height of the Custom Panels
DELETE FROM configuration WHERE configuration_key = 'ADMIN_APP_CUSTOM_PANEL_HEIGHT';
INSERT INTO configuration (configuration_title, configuration_key, configuration_value, configuration_description, configuration_group_id, sort_order, date_added) VALUES ('Custom Panel Height', 'ADMIN_APP_CUSTOM_PANEL_HEIGHT', '500px', 'Custom Panel Height eg. 100% or 700px etc', '22', '20',  now());

#Add tax code to tax_class table and order_product
ALTER TABLE tax_class ADD COLUMN tax_code VARCHAR(64);
ALTER TABLE orders_products ADD COLUMN tax_code VARCHAR(64);

#Add lifecycle_id to order table
ALTER TABLE orders ADD COLUMN lifecycle_id VARCHAR(128);

# Add custom fields to product to stores
ALTER TABLE kk_product_to_stores ADD COLUMN custom1 varchar(128);
ALTER TABLE kk_product_to_stores ADD COLUMN custom2 varchar(128);
ALTER TABLE kk_product_to_stores ADD COLUMN custom3 varchar(128);

# Add custom privileges for the Customer and CustomerForOrder panels - default to allow access to Reviews button
UPDATE kk_role_to_panel SET custom4=0, custom4_desc='If set reviews button is hidden' WHERE panel_id IN (SELECT panel_id FROM kk_panel where code='kk_panel_customers');
UPDATE kk_role_to_panel SET custom4=0, custom4_desc='If set reviews button is hidden' WHERE panel_id IN (SELECT panel_id FROM kk_panel where code='kk_panel_customerForOrder');
# Virtual CustomerForOrder 2 Panel
INSERT INTO kk_panel (code, description, date_added) VALUES ('kk_panel_customerForOrder_2', 'Customer For Order 2', now());

# Add Panel access to all roles that can access the CustomerForOrders panel - default to not allow access to invisible customers
INSERT INTO kk_role_to_panel (role_id, panel_id, can_edit, can_insert, can_delete, custom1, custom1_desc, date_added, store_id) SELECT role_id, p2.panel_id, 1, 1, 1, 0, 'Set to Access Invisible Customers', now(), store_id FROM kk_role_to_panel rtp, kk_panel p, kk_panel p2 where rtp.panel_id=p.panel_id and p.code='kk_panel_customerForOrder' and p2.code='kk_panel_customerForOrder_2';

# Add custom privileges for the Customer2 and CustomerForOrder2 panels - default to allow access to Reviews button
UPDATE kk_role_to_panel SET custom2=0, custom2_desc='If set reviews button is hidden' WHERE panel_id IN (SELECT panel_id FROM kk_panel where code='kk_panel_customers_2');
UPDATE kk_role_to_panel SET custom2=0, custom2_desc='If set reviews button is hidden' WHERE panel_id IN (SELECT panel_id FROM kk_panel where code='kk_panel_customerForOrder_2');

# Add custom privileges for the Customer and CustomerForOrder panels - default to allow access to login button
UPDATE kk_role_to_panel SET custom4=0, custom4_desc='If set login button is hidden' WHERE panel_id IN (SELECT panel_id FROM kk_panel where code='kk_panel_customers');
UPDATE kk_role_to_panel SET custom4=0, custom4_desc='If set login button is hidden' WHERE panel_id IN (SELECT panel_id FROM kk_panel where code='kk_panel_customerForOrder');

# Add custom privileges for the Customer and CustomerForOrder panels - default to allow access to Addresses button
UPDATE kk_role_to_panel SET custom5=0, custom5_desc='If set addresses button is hidden' WHERE panel_id IN (SELECT panel_id FROM kk_panel where code='kk_panel_customers');
UPDATE kk_role_to_panel SET custom5=0, custom5_desc='If set addresses button is hidden' WHERE panel_id IN (SELECT panel_id FROM kk_panel where code='kk_panel_customerForOrder');

# Add custom privileges for the CustomerOrders panel - default to allow access to Packing List and Invoice buttons
UPDATE kk_role_to_panel SET custom1=0, custom1_desc='If set packing list button not shown' WHERE panel_id IN (SELECT panel_id FROM kk_panel where code='kk_panel_customerOrders');
UPDATE kk_role_to_panel SET custom2=0, custom2_desc='If set invoice button not shown'      WHERE panel_id IN (SELECT panel_id FROM kk_panel where code='kk_panel_customerOrders');

# Add custom privileges for the Promotions panel - default to allow access to Coupons and Gift Certificates buttons
UPDATE kk_role_to_panel SET custom1=0, custom1_desc='If set coupons button not shown'           WHERE panel_id IN (SELECT panel_id FROM kk_panel where code='kk_panel_promotions');
UPDATE kk_role_to_panel SET custom2=0, custom2_desc='If set gift certificates button not shown' WHERE panel_id IN (SELECT panel_id FROM kk_panel where code='kk_panel_promotions');

# Add custom privileges for the Products panel - default to allow access to Reviews and Addresses buttons
UPDATE kk_role_to_panel SET custom1=0, custom1_desc='If set reviews button not shown'   WHERE panel_id IN (SELECT panel_id FROM kk_panel where code='kk_panel_products');
UPDATE kk_role_to_panel SET custom2=0, custom2_desc='If set addresses button not shown' WHERE panel_id IN (SELECT panel_id FROM kk_panel where code='kk_panel_products');

# For defining the number of suggested search terms to show
DELETE FROM configuration WHERE configuration_key = 'MAX_NUM_SUGGESTED_SEARCH_ITEMS';
INSERT INTO configuration (configuration_title, configuration_key, configuration_value, configuration_description, configuration_group_id, sort_order, set_function, date_added) VALUES ('Suggested Search Items','MAX_NUM_SUGGESTED_SEARCH_ITEMS','10','Max number of suggested search items to display','3', '3','integer(0,null)', now());

# Table for bookable products
DROP TABLE IF EXISTS kk_bookable_prod;
CREATE TABLE kk_bookable_prod (
   products_id int NOT NULL,  
   store_id varchar(64),
   start_date datetime NOT NULL, 
   end_date datetime NOT NULL, 
   max_num_bookings int DEFAULT -1,
   bookings_made int DEFAULT 0,
   monday varchar(128),
   tuesday varchar(128),
   wednesday varchar(128),
   thursday varchar(128),
   friday varchar(128),
   saturday varchar(128),
   sunday varchar(128),
   custom1 varchar(128),
   custom2 varchar(128),
   custom3 varchar(128),
   custom4 varchar(128),
   custom5 varchar(128),
   PRIMARY KEY (products_id)
);

# Table for bookings
DROP TABLE IF EXISTS kk_booking;
CREATE TABLE kk_booking (
   booking_id int NOT NULL auto_increment,
   store_id varchar(64),
   products_id int NOT NULL,  
   quantity int DEFAULT 0,  
   customers_id int DEFAULT 0, 
   orders_id int DEFAULT 0, 
   orders_products_id int DEFAULT 0, 
   firstname varchar(32),
   lastname varchar(32),
   custom1 varchar(128),
   custom2 varchar(128),
   custom3 varchar(128),
   date_added datetime,
   PRIMARY KEY (booking_id)
);


#---------------  v5.5.0.0

# New Bookings Panels
INSERT INTO kk_panel (code, description, date_added) VALUES ('kk_panel_bookingsForOrder', 'Bookings For Order', now());
# Add access to the Bookings Panel to all roles that can access the Orders panel  
INSERT INTO kk_role_to_panel (role_id, panel_id, can_edit, can_insert, can_delete, date_added, store_id) SELECT role_id, p2.panel_id, 1, 1, 1, now(), store_id FROM kk_role_to_panel rtp, kk_panel p, kk_panel p2 where rtp.panel_id=p.panel_id and p.code='kk_panel_orders' and p2.code='kk_panel_bookingsForOrder';

INSERT INTO kk_panel (code, description, date_added) VALUES ('kk_panel_bookingsForProduct', 'Bookings For Product', now());
# Add access to the Bookings Panel to all roles that can access the Products panel  
INSERT INTO kk_role_to_panel (role_id, panel_id, can_edit, can_insert, can_delete, date_added, store_id) SELECT role_id, p2.panel_id, 1, 1, 1, now(), store_id FROM kk_role_to_panel rtp, kk_panel p, kk_panel p2 where rtp.panel_id=p.panel_id and p.code='kk_panel_products' and p2.code='kk_panel_bookingsForProduct';

INSERT INTO kk_panel (code, description, date_added) VALUES ('kk_panel_bookingsForCustomer', 'Bookings For Customer', now());
# Add access to the Bookings Panel to all roles that can access the Customers panel  
INSERT INTO kk_role_to_panel (role_id, panel_id, can_edit, can_insert, can_delete, date_added, store_id) SELECT role_id, p2.panel_id, 1, 1, 1, now(), store_id FROM kk_role_to_panel rtp, kk_panel p, kk_panel p2 where rtp.panel_id=p.panel_id and p.code='kk_panel_customers' and p2.code='kk_panel_bookingsForCustomer';

# Add active flag on countries table
ALTER TABLE countries ADD active int DEFAULT 1 NOT NULL;
UPDATE countries SET active = 1;

# store address ids in order table
ALTER TABLE orders ADD COLUMN billing_addr_id int default '-1';
ALTER TABLE orders ADD COLUMN delivery_addr_id int default '-1';
ALTER TABLE orders ADD COLUMN customer_addr_id int default '-1';

# Table for catalogs
DROP TABLE IF EXISTS kk_catalog;
CREATE TABLE kk_catalog (
   catalog_id int NOT NULL auto_increment,
   store_id varchar(64),
   cat_name varchar(32) NOT NULL,
   description varchar(255),
   use_cat_prices int,
   use_cat_quantities int,
   PRIMARY KEY (catalog_id)
);

# New Product Catalog Definition Panel
INSERT INTO kk_panel (code, description, date_added) VALUES ('kk_panel_catalogs', 'Product Catalog Definitions', now());
# Add access to the Bookings Panel to all roles that can access the Products panel  
INSERT INTO kk_role_to_panel (role_id, panel_id, can_edit, can_insert, can_delete, date_added, store_id) SELECT role_id, p2.panel_id, 1, 1, 1, now(), store_id FROM kk_role_to_panel rtp, kk_panel p, kk_panel p2 where rtp.panel_id=p.panel_id and p.code='kk_panel_products' and p2.code='kk_panel_catalogs';

#---------------  v5.6.0.0

# New Other Modules Panel
INSERT INTO kk_panel (code, description, date_added) VALUES ('kk_panel_otherModules', 'Other Modules Configuration', now());
# Add access to the Other Modules Panel to all roles that can access the Payment Modules panel  
INSERT INTO kk_role_to_panel (role_id, panel_id, can_edit, can_insert, can_delete, date_added, store_id) SELECT role_id, p2.panel_id, 1, 1, 1, now(), store_id FROM kk_role_to_panel rtp, kk_panel p, kk_panel p2 where rtp.panel_id=p.panel_id and p.code='kk_panel_paymentModules' and p2.code='kk_panel_otherModules';

# For defining the list of Other modules installed
DELETE FROM configuration WHERE configuration_key = 'MODULE_OTHERS_INSTALLED';
INSERT INTO configuration (configuration_title, configuration_key, configuration_value, configuration_description, configuration_group_id, sort_order, date_added) VALUES ('Installed Other Modules','MODULE_OTHERS_INSTALLED','','List of Other modules separated by a semi-colon.  Automatically updated.  No need to edit.','6', '0', now());

#---------------  v5.7.0.0

# Add custom fields to Order Total
ALTER TABLE orders_total ADD COLUMN custom1 varchar(128);
ALTER TABLE orders_total ADD COLUMN custom2 varchar(128);
ALTER TABLE orders_total ADD COLUMN custom3 varchar(128);

# Add creator field to order
ALTER TABLE orders ADD COLUMN order_creator varchar(128);

#---------------  v5.7.5.0

# Configuration variable to define how to format the URLs for SEO
DELETE FROM configuration WHERE configuration_key = 'SEO_URL_FORMAT';
INSERT INTO configuration (configuration_title, configuration_key, configuration_value, configuration_description, configuration_group_id, sort_order, set_function, date_added) VALUES ('How to format the URLs for SEO', 'SEO_URL_FORMAT', '2', 'Decide the format of the URLs for SEO', '1', '30', 'option(0=OFF,1=SEO Parameters,2=SEO Directory Structure)', now());

# Configuration variables for defining-store front base paths
DELETE FROM configuration WHERE configuration_key = 'STORE_FRONT_BASE';
INSERT INTO configuration (configuration_title, configuration_key, configuration_value, configuration_description, configuration_group_id, sort_order, date_added) VALUES ('Store-Front base','STORE_FRONT_BASE','/konakart','Base directory used in JSPs for store-front application','4', '12', now());
DELETE FROM configuration WHERE configuration_key = 'STORE_FRONT_IMG_BASE';
INSERT INTO configuration (configuration_title, configuration_key, configuration_value, configuration_description, configuration_group_id, sort_order, date_added) VALUES ('Store-Front image base','STORE_FRONT_IMG_BASE','/konakart/images','Image base used in JSPs for store-front application','4', '13', now());
DELETE FROM configuration WHERE configuration_key = 'STORE_FRONT_SCRIPT_BASE';
INSERT INTO configuration (configuration_title, configuration_key, configuration_value, configuration_description, configuration_group_id, sort_order, date_added) VALUES ('Store-Front script base','STORE_FRONT_SCRIPT_BASE','/konakart/script','Script base used in JSPs for store-front application','4', '14', now());
DELETE FROM configuration WHERE configuration_key = 'STORE_FRONT_STYLE_BASE';
INSERT INTO configuration (configuration_title, configuration_key, configuration_value, configuration_description, configuration_group_id, sort_order, date_added) VALUES ('Store-Front style sheet base','STORE_FRONT_STYLE_BASE','/konakart/styles','Style sheet base used in JSPs for store-front application','4', '15', now());

# New doesProductExist Admin API
INSERT INTO kk_api_call (name, description, date_added) VALUES ('doesProductExist','', now());

# Extend the size of the categories_name field 
ALTER TABLE categories_description MODIFY categories_name VARCHAR(255);

#---------------  v5.8.0.0

# Extend the size of the products_name field 
ALTER TABLE orders_products MODIFY products_name VARCHAR(255);

# Table to facilitate SSO
DROP TABLE IF EXISTS kk_sso;
CREATE TABLE kk_sso (
   kk_sso_id int NOT NULL auto_increment,
   secret_key varchar(255) NOT NULL,
   customers_id int DEFAULT 0, 
   sesskey varchar(32),
   custom1 varchar(128),
   custom2 varchar(128),
   custom3 varchar(128),
   date_added datetime,
   PRIMARY KEY (kk_sso_id),
   KEY i_kk_sso_1 (secret_key)
);

# Add sort order to the kk_category_to_tag_group table
ALTER TABLE kk_category_to_tag_group ADD COLUMN sort_order int DEFAULT '0' NOT NULL;

# Add facet number to the kk_cust_attr table
ALTER TABLE kk_cust_attr ADD COLUMN facet_number int DEFAULT '0' NOT NULL;

# Add facet number to the kk_tag_group table
ALTER TABLE kk_tag_group ADD COLUMN facet_number int DEFAULT '0' NOT NULL;

# Table for Miscellaneous Item Types
DROP TABLE IF EXISTS kk_misc_item_type;
CREATE TABLE kk_misc_item_type (
   kk_misc_item_type_id int NOT NULL,
   language_id int NOT NULL,
   name varchar(128),
   description varchar(256),
   store_id varchar(64),
   date_added datetime,
   PRIMARY KEY (kk_misc_item_type_id, language_id)
);

# Table for Miscellaneous Item Type Associations
DROP TABLE IF EXISTS kk_misc_item;
CREATE TABLE kk_misc_item (
   kk_misc_item_id int NOT NULL auto_increment,
   kk_obj_id int NOT NULL,
   kk_obj_type_id int NOT NULL,
   kk_misc_item_type_id int NOT NULL,
   item_value varchar(512),
   custom1 varchar(128),
   custom2 varchar(128),
   custom3 varchar(128),
   store_id varchar(64),
   date_added datetime,
   PRIMARY KEY (kk_misc_item_id)
);

# New Admin API calls
INSERT INTO kk_api_call (name, description, date_added) VALUES ('getProductCountPerProdAttrDesc','', now());
INSERT INTO kk_api_call (name, description, date_added) VALUES ('updateProductsUsingProdAttrDesc','', now());
INSERT INTO kk_api_call (name, description, date_added) VALUES ('updateProductsUsingTemplates','', now());

# New Miscellaneous Item Types Panel
INSERT INTO kk_panel (code, description, date_added) VALUES ('kk_panel_miscItemTypes', 'Miscellaneous Item Types', now());
# Add access to the Miscellaneous Item Types Panel to all roles that can access the Products panel  
INSERT INTO kk_role_to_panel (role_id, panel_id, can_edit, can_insert, can_delete, date_added, store_id) SELECT role_id, p2.panel_id, 1, 1, 1, now(), store_id FROM kk_role_to_panel rtp, kk_panel p, kk_panel p2 where rtp.panel_id=p.panel_id and p.code='kk_panel_products' and p2.code='kk_panel_miscItemTypes';

# New Miscellaneous Items Panel
INSERT INTO kk_panel (code, description, date_added) VALUES ('kk_panel_miscItems', 'Miscellaneous Items', now());
# Add access to the Miscellaneous Items Panel to all roles that can access the Products panel  
INSERT INTO kk_role_to_panel (role_id, panel_id, can_edit, can_insert, can_delete, date_added, store_id) SELECT role_id, p2.panel_id, 1, 1, 1, now(), store_id FROM kk_role_to_panel rtp, kk_panel p, kk_panel p2 where rtp.panel_id=p.panel_id and p.code='kk_panel_products' and p2.code='kk_panel_miscItems';

# New Miscellaneous Items For Categories Panel
INSERT INTO kk_panel (code, description, date_added) VALUES ('kk_panel_cat_miscItems', 'Miscellaneous Category Items', now());
# Add access to the Miscellaneous Items for Categories Panel to all roles that can access the Products panel  
INSERT INTO kk_role_to_panel (role_id, panel_id, can_edit, can_insert, can_delete, date_added, store_id) SELECT role_id, p2.panel_id, 1, 1, 1, now(), store_id FROM kk_role_to_panel rtp, kk_panel p, kk_panel p2 where rtp.panel_id=p.panel_id and p.code='kk_panel_products' and p2.code='kk_panel_cat_miscItems';

# New Miscellaneous Items For Products Panel
INSERT INTO kk_panel (code, description, date_added) VALUES ('kk_panel_prod_miscItems', 'Miscellaneous Product Items', now());
# Add access to the Miscellaneous Items for Products Panel to all roles that can access the Products panel  
INSERT INTO kk_role_to_panel (role_id, panel_id, can_edit, can_insert, can_delete, date_added, store_id) SELECT role_id, p2.panel_id, 1, 1, 1, now(), store_id FROM kk_role_to_panel rtp, kk_panel p, kk_panel p2 where rtp.panel_id=p.panel_id and p.code='kk_panel_products' and p2.code='kk_panel_prod_miscItems';

# New Admin API calls
INSERT INTO kk_api_call (name, description, date_added) VALUES ('insertMiscItemType','', now());
INSERT INTO kk_api_call (name, description, date_added) VALUES ('updateMiscItemType','', now());
INSERT INTO kk_api_call (name, description, date_added) VALUES ('deleteMiscItemType','', now());
INSERT INTO kk_api_call (name, description, date_added) VALUES ('getMiscItemTypes','', now());
INSERT INTO kk_api_call (name, description, date_added) VALUES ('insertMiscItems','', now());
INSERT INTO kk_api_call (name, description, date_added) VALUES ('updateMiscItems','', now());
INSERT INTO kk_api_call (name, description, date_added) VALUES ('deleteMiscItem','', now());
INSERT INTO kk_api_call (name, description, date_added) VALUES ('getMiscItems','', now());

# Demo data for Rich Text custom attribute
INSERT INTO kk_cust_attr (name, msg_cat_key, attr_type, template, validation, set_function, date_added) VALUES ('RichText', null, 0, null, null, 'RichText(8)', now());

# Install Digital Download Shipping Module
INSERT INTO configuration (configuration_title, configuration_key, configuration_value, configuration_description, configuration_group_id, sort_order, set_function, date_added) VALUES ('Enable Digital Downloads', 'MODULE_SHIPPING_DD_STATUS', 'True', 'Set it to true if you sell digital downloads', '6', '0', 'choice(\'true\', \'false\')', now());
INSERT INTO configuration (configuration_title, configuration_key, configuration_value, configuration_description, configuration_group_id, sort_order, date_added) VALUES ('Sort Order', 'MODULE_SHIPPING_DD_SORT_ORDER', '0', 'Sort order of display.', '6', '0', now());
UPDATE configuration set configuration_value = 'DigitalDownload;flat.php' where configuration_key = 'MODULE_SHIPPING_INSTALLED';

#---------------  v6.0.0.0

# Add new attributes to ipn_history table
ALTER TABLE ipn_history ADD COLUMN transaction_type varchar(128);
ALTER TABLE ipn_history ADD COLUMN transaction_amount decimal(15,4);
ALTER TABLE ipn_history ADD COLUMN custom1 varchar(128);
ALTER TABLE ipn_history ADD COLUMN custom2 varchar(128);
ALTER TABLE ipn_history ADD COLUMN custom3 varchar(128);
ALTER TABLE ipn_history ADD COLUMN custom4 varchar(128);
ALTER TABLE ipn_history ADD COLUMN custom1Dec decimal(15,4);
ALTER TABLE ipn_history ADD COLUMN custom2Dec decimal(15,4);

# Extend the size of the product option and option value fields 
ALTER TABLE products_options MODIFY products_options_name VARCHAR(64);
ALTER TABLE orders_products_attributes MODIFY products_options VARCHAR(64);
ALTER TABLE orders_products_attributes MODIFY products_options_values VARCHAR(64);

# Add a new product option type
ALTER TABLE products_options ADD COLUMN option_type int DEFAULT '0' NOT NULL;
ALTER TABLE customers_basket_attributes ADD COLUMN attr_type int DEFAULT '0' NOT NULL;
ALTER TABLE customers_basket_attributes ADD COLUMN attr_quantity int DEFAULT '0';
ALTER TABLE customers_basket_attributes ADD COLUMN customers_basket_id int DEFAULT '0' NOT NULL;
ALTER TABLE orders_products_attributes ADD COLUMN attr_type int DEFAULT '0' NOT NULL;
ALTER TABLE orders_products_attributes ADD COLUMN attr_quantity int DEFAULT '0';

#---------------  v6.1.0.0

# Product attributes to manage catalog maintenance workflow
ALTER TABLE products ADD COLUMN product_uuid varchar(128) DEFAULT NULL;
ALTER TABLE products ADD COLUMN source_last_modified datetime DEFAULT NULL;
ALTER TABLE products ADD KEY idx_product_uuid (product_uuid);

# New Admin API calls
INSERT INTO kk_api_call (name, description, date_added) VALUES ('copyProductToStore','', now());
INSERT INTO kk_api_call (name, description, date_added) VALUES ('getProductsToSynchronize','', now());

# New Synchronize Products Panel
INSERT INTO kk_panel (code, description, date_added) VALUES ('kk_panel_syncProducts', 'Synchronize Products', now());
# Add access to the Synchronize Products Panel to all roles that can access the Products panel  
INSERT INTO kk_role_to_panel (role_id, panel_id, can_edit, can_insert, can_delete, date_added, store_id) SELECT role_id, p2.panel_id, 1, 1, 1, now(), store_id FROM kk_role_to_panel rtp, kk_panel p, kk_panel p2 where rtp.panel_id=p.panel_id and p.code='kk_panel_products' and p2.code='kk_panel_syncProducts';

# Add attribute to allow display only languages that are not used to define language variants for products etc
ALTER TABLE languages ADD COLUMN display_only int DEFAULT 0;
UPDATE languages SET display_only = 0;

# New Admin API call
INSERT INTO kk_api_call (name, description, date_added) VALUES ('getLanguageForLocale','', now());

#---------------  v6.2.0.0

# New View Logs Panel
INSERT INTO kk_panel (code, description, date_added) VALUES ('kk_panel_viewLogs', 'View Logs', now());
# Add access to the View Logs Panel to all roles that can access the Configuration Files panel  
INSERT INTO kk_role_to_panel (role_id, panel_id, can_edit, can_insert, can_delete, custom1, custom1_desc, date_added, store_id) SELECT role_id, p2.panel_id, 1, 1, 0, 0, 'Set to hide the View button', now(), store_id FROM kk_role_to_panel rtp, kk_panel p, kk_panel p2 where rtp.panel_id=p.panel_id and p.code='kk_panel_configFiles' and p2.code='kk_panel_viewLogs';

# Modify tag type of BIRTH_DATE to AGE_TYPE
DELETE FROM kk_customer_tag WHERE name ='BIRTH_DATE';
INSERT INTO kk_customer_tag (name, description, tag_type, max_ints, date_added) VALUES ('BIRTH_DATE', 'Age of Customer', 6, 5, now());
# Add last login date tag
DELETE FROM kk_customer_tag WHERE name ='LOGIN_DATE';
INSERT INTO kk_customer_tag (name, description, tag_type, max_ints, date_added) VALUES ('LOGIN_DATE', 'Time of Last Login', 6, 5, now());

# Allow null values for entry_firstname and entry_lastname on addresses (useful for Manufacturer addresses particularly)
ALTER TABLE address_book MODIFY entry_firstname VARCHAR(32) NULL;
ALTER TABLE address_book MODIFY entry_lastname VARCHAR(32) NULL;
#DB2 -- For DB2 Only - Required after setting field to nullable
#DB2 call SYSPROC.ADMIN_CMD ('REORG TABLE address_book');

# Table for KonaKart Config Values
DROP TABLE IF EXISTS kk_config;
CREATE TABLE kk_config (
   kk_config_id int NOT NULL auto_increment,
   kk_config_key varchar(16),
   kk_config_value varchar(256),
   date_added datetime,
   PRIMARY KEY (kk_config_id)
);

# New Admin API call
INSERT INTO kk_api_call (name, description, date_added) VALUES ('getConfigData','', now());

# Customer from Reviews Panel
INSERT INTO kk_panel (code, description, date_added) VALUES ('kk_panel_customerForReview', 'Customer From Reviews', now());

# Add access to the Customer from Reviews Panel to all roles that can access the Customers panel  
INSERT INTO kk_role_to_panel (role_id, panel_id, can_edit, can_insert, can_delete, date_added, store_id) SELECT role_id, p2.panel_id, 1, 1, 1, now(), store_id FROM kk_role_to_panel rtp, kk_panel p, kk_panel p2 where rtp.panel_id=p.panel_id and p.code='kk_panel_customers' and p2.code='kk_panel_customerForReview';
# Add "Updated By Customer Id" to the Orders Status History table to record who updated the order
ALTER TABLE orders_status_history ADD COLUMN updated_by_id int DEFAULT 0;

# New Admin API call
INSERT INTO kk_api_call (name, description, date_added) VALUES ('updateOrder','', now());

#---------------  v6.3.0.0

# New Admin API call - to get the version of the KonaKart Admin Engine
INSERT INTO kk_api_call (name, description, date_added) VALUES ('getKonaKartAdminVersion','', now());

# Add affiliate id field to order
ALTER TABLE orders ADD COLUMN affiliate_id varchar(128);

# For specifying whether or not to return configuration parameters in API calls
ALTER TABLE configuration ADD return_by_api int(1) NOT NULL DEFAULT 0;

# Set some defaults by configuration_group
UPDATE configuration set return_by_api = 1 where configuration_group_id in (1, 2, 3, 4, 5, 11, 19);
UPDATE configuration set return_by_api = 1 where configuration_key in ('ADMIN_CURRENCY_DECIMAL_PLACES', 'CLIENT_CONFIG_CACHE_CHECK_FLAG', 'DEFAULT_CURRENCY', 'DEFAULT_LANGUAGE');
UPDATE configuration set return_by_api = 1 where configuration_key in ('ALLOW_BASKET_PRICE', 'DEFAULT_REVIEW_STATE', 'ENABLE_ANALYTICS', 'ENABLE_SSL', 'SSL_BASE_URL');
UPDATE configuration set return_by_api = 1 where configuration_key in ('ENABLE_PDF_INVOICE_DOWNLOAD', 'ENABLE_REWARD_POINTS', 'SSL_PORT_NUMBER', 'STANDARD_PORT_NUMBER');
UPDATE configuration set return_by_api = 1 where configuration_key in ('SEND_EMAILS', 'SEND_ORDER_CONF_EMAIL', 'USE_DB_FOR_MESSAGES');
UPDATE configuration set return_by_api = 1 where configuration_key in ('STOCK_CHECK', 'STOCK_ALLOW_CHECKOUT', 'ALLOW_MULTIPLE_BASKET_ENTRIES');
UPDATE configuration set return_by_api = 1 where configuration_key in ('USE_SOLR_SEARCH');

# Extend the size of the city columns
ALTER TABLE address_book MODIFY entry_city VARCHAR(64) NOT NULL;
ALTER TABLE orders MODIFY customers_city VARCHAR(64) NOT NULL;
ALTER TABLE orders MODIFY delivery_city VARCHAR(64) NOT NULL;
ALTER TABLE orders MODIFY billing_city VARCHAR(64) NOT NULL;
ALTER TABLE kk_wishlist MODIFY customers_city VARCHAR(64);

# Regex for SOLR suggested search
DELETE FROM configuration WHERE configuration_key = 'SOLR_TERMS_PRE_REGEX';
INSERT INTO configuration (configuration_title, configuration_key, configuration_value, configuration_description, configuration_group_id, sort_order, date_added, return_by_api) VALUES ('Suggested Search prepend regex','SOLR_TERMS_PRE_REGEX','.*','Regex prepended to search string used for searching within SOLR term','24', '3', now(), '0');
DELETE FROM configuration WHERE configuration_key = 'SOLR_TERMS_POST_REGEX';
INSERT INTO configuration (configuration_title, configuration_key, configuration_value, configuration_description, configuration_group_id, sort_order, date_added, return_by_api) VALUES ('Suggested Search append regex','SOLR_TERMS_POST_REGEX','.*','Regex appended to search string used for searching within SOLR term','24', '4', now(), '0');
DELETE FROM configuration WHERE configuration_key = 'SOLR_DELETE_ON_COMMIT';
INSERT INTO configuration (configuration_title, configuration_key, configuration_value, configuration_description, configuration_group_id, sort_order, set_function, date_added, return_by_api) VALUES ('Delete from index on commit','SOLR_DELETE_ON_COMMIT','true','On commit, delete from index products marked for deletion','24', '5', 'choice(\'true\', \'false\')', now(), '0');

#---------------  v6.4.0.0

# Set some defaults by configuration_group
UPDATE configuration set return_by_api = 1 where configuration_group_id in (26);

# Return the STOCK_REORDER_LEVEL configuration variable
UPDATE configuration set return_by_api = 1 where configuration_key in ('STOCK_REORDER_LEVEL');

# Admin API calls
INSERT INTO kk_api_call (name, description, date_added) VALUES ('editProductWithOptions','', now());
INSERT INTO kk_api_call (name, description, date_added) VALUES ('insertProductWithOptions','', now());

# Save payment module sub-code information with the order
ALTER TABLE orders ADD COLUMN payment_module_subcode varchar(64);

# Add number of reviews to product table
ALTER TABLE products ADD number_reviews int DEFAULT '0';

# Change the email address for John Doe
UPDATE customers SET customers_email_address = 'doe@konakart.com' where customers_email_address = 'root@localhost';

# Change previous occurrences of root@localhost
UPDATE configuration SET configuration_value = 'admin@konakart.com' where configuration_value = 'root@localhost' and configuration_key = 'STORE_OWNER_EMAIL_ADDRESS';
UPDATE configuration SET configuration_value = 'admin@konakart.com' where configuration_value = 'KonaKart <root@localhost>' and configuration_key = 'EMAIL_FROM';

#---------------  v6.5.0.0
#---------------  v6.5.1.0

# Set database version information
INSERT INTO kk_config (kk_config_key, kk_config_value, date_added) VALUES ('HISTORY', '6.5.1.0 I', now());
INSERT INTO kk_config (kk_config_key, kk_config_value, date_added) VALUES ('VERSION', '6.5.1.0 MySQL', now());

# New Canon Printer
  
INSERT INTO products (products_id, products_model, products_image, products_price, products_weight, products_status, products_tax_class_id, manufacturers_id, products_quantity, products_ordered, products_date_added, products_date_available) VALUES (30, 'LBP7680CX', 'canon/lbp7680cx.jpg', 309.99, 44.00, 1, 1, 6, 100, 0, now(), now());

INSERT INTO products_description (products_id, language_id, products_name, products_description, products_url, products_viewed) VALUES (30, 1, 'Canon I-SENSYS LBP7680CX Printer','- Print Speed: Up to 20 ppm<br>- Max Resolution ( Colour ): 9600 dpi x 600 dpi<br>- Total Media Capacity: 300 sheets<br>- Interface: USB, Ethernet','http://www.canon.co.uk/For_Home/Product_Finder/Printers/Laser/',0);
INSERT INTO products_description (products_id, language_id, products_name, products_description, products_url, products_viewed) VALUES (30, 2, 'Canon I-SENSYS LBP7680CX Drucker','- Drucker Speed: Up to 20 ppm<br>- Max Resolution ( Colour ): 9600 dpi x 600 dpi<br>- Total Media Capacity: 300 sheets<br>- Interface: USB, Ethernet','http://www.canon.co.uk/For_Home/Product_Finder/Printers/Laser/',0);
INSERT INTO products_description (products_id, language_id, products_name, products_description, products_url, products_viewed) VALUES (30, 3, 'Canon I-SENSYS LBP7680CX Impresora','- Impresora Speed: Up to 20 ppm<br>- Max Resolution ( Colour ): 9600 dpi x 600 dpi<br>- Total Media Capacity: 300 sheets<br>- Interface: USB, Ethernet','http://www.canon.co.uk/For_Home/Product_Finder/Printers/Laser/',0);
INSERT INTO products_description (products_id, language_id, products_name, products_description, products_url, products_viewed) VALUES (30, 4, 'Canon I-SENSYS LBP7680CX Impressora','- Impressora Speed: Up to 20 ppm<br>- Max Resolution ( Colour ): 9600 dpi x 600 dpi<br>- Total Media Capacity: 300 sheets<br>- Interface: USB, Ethernet','http://www.canon.co.uk/For_Home/Product_Finder/Printers/Laser/',0);

INSERT INTO products_to_categories (products_id, categories_id) VALUES (30,5);

# Update Laserjet Printer

UPDATE products SET products_price=65.00, products_image='hewlett_packard/hp5510e.jpg' WHERE products_model='HPLJ1100XI';
UPDATE products_description set products_name='HP Photosmart 5510 e', products_url='http://www.shopping.hp.com/en_US/home-office/-/products/Printers/Printers', products_description='HP Photosmart 5510 e-All-in-One with Photo value pack<br>(English Version) Print, scan, copy and browse the Web with one convenient device<br>Enjoy speeds of up to 11 ppm black, 7.5 colour<br>Large 80-sheet input tray, 15-sheet output tray<br>Share with and print from multiple PCs via the integrated wireless' WHERE products_name='Hewlett Packard LaserJet 1100Xi' AND language_id=1;
UPDATE products_description set products_name='HP Photosmart 5510 e', products_url='http://www.shopping.hp.com/en_US/home-office/-/products/Printers/Printers', products_description='HP Photosmart 5510 e-All-in-One with Photo value pack<br>(Deutsch Version) Print, scan, copy and browse the Web with one convenient device<br>Enjoy speeds of up to 11 ppm black, 7.5 colour<br>Large 80-sheet input tray, 15-sheet output tray<br>Share with and print from multiple PCs via the integrated wireless' WHERE products_name='Hewlett Packard LaserJet 1100Xi' AND language_id=2;
UPDATE products_description set products_name='HP Photosmart 5510 e', products_url='http://www.shopping.hp.com/en_US/home-office/-/products/Printers/Printers', products_description='HP Photosmart 5510 e-All-in-One with Photo value pack<br>(Versión en Español) Print, scan, copy and browse the Web with one convenient device<br>Enjoy speeds of up to 11 ppm black, 7.5 colour<br>Large 80-sheet input tray, 15-sheet output tray<br>Share with and print from multiple PCs via the integrated wireless' WHERE products_name='Hewlett Packard LaserJet 1100Xi' AND language_id=3;
UPDATE products_description set products_name='HP Photosmart 5510 e', products_url='http://www.shopping.hp.com/en_US/home-office/-/products/Printers/Printers', products_description='HP Photosmart 5510 e-All-in-One with Photo value pack<br>(Versão em Português) Print, scan, copy and browse the Web with one convenient device<br>Enjoy speeds of up to 11 ppm black, 7.5 colour<br>Large 80-sheet input tray, 15-sheet output tray<br>Share with and print from multiple PCs via the integrated wireless' WHERE products_name='Hewlett Packard LaserJet 1100Xi' AND language_id=4;

# New Logitech Keyboard
  
INSERT INTO products (products_id, products_model, products_image, products_price, products_weight, products_status, products_tax_class_id, manufacturers_id, products_quantity, products_ordered, products_date_added, products_date_available) VALUES (31, 'LOGITECHIK', 'logitech/p800-0148872.jpg', 75.99, 6.00, 1, 1, 5, 100, 0, now(), now());

INSERT INTO products_description (products_id, language_id, products_name, products_description, products_url, products_viewed) VALUES (31, 1, 'Logitech Illuminated Keyboard','- Ultra Thin: 9.3 mm profile and transparent frame<br>- Bright, laser-etched, backlighted keys<br>- Sleek, minimalist design<br>- One-touch multimedia controls','http://www.logitech.com/en-gb/keyboards',0);
INSERT INTO products_description (products_id, language_id, products_name, products_description, products_url, products_viewed) VALUES (31, 2, '(DE) Logitech Illuminated Keyboard','- Ultra Thin: 9.3 mm profile and transparent frame<br>- Bright, laser-etched, backlighted keys<br>- Sleek, minimalist design<br>- One-touch multimedia controls','http://www.logitech.com/en-gb/keyboards',0);
INSERT INTO products_description (products_id, language_id, products_name, products_description, products_url, products_viewed) VALUES (31, 3, '(ES) Logitech Illuminated Keyboard','- Ultra Thin: 9.3 mm profile and transparent frame<br>- Bright, laser-etched, backlighted keys<br>- Sleek, minimalist design<br>- One-touch multimedia controls','http://www.logitech.com/en-gb/keyboards',0);
INSERT INTO products_description (products_id, language_id, products_name, products_description, products_url, products_viewed) VALUES (31, 4, '(PT) Logitech Illuminated Keyboard','- Ultra Thin: 9.3 mm profile and transparent frame<br>- Bright, laser-etched, backlighted keys<br>- Sleek, minimalist design<br>- One-touch multimedia controls','http://www.logitech.com/en-gb/keyboards',0);

INSERT INTO products_to_categories (products_id, categories_id) VALUES (31,8);

# Replace The Replacement Killers with Hunger Games - new Lionsgate Manufacturer

INSERT INTO manufacturers (manufacturers_id, manufacturers_name, manufacturers_image, date_added, last_modified) VALUES (11,'Lionsgate','manufacturer/lionsgate.jpg', now(), null);
INSERT INTO manufacturers_info (manufacturers_id, languages_id, manufacturers_url, url_clicked, date_last_click) VALUES (11, 1, 'http://www.lionsgate.com', 0, null);
INSERT INTO manufacturers_info (manufacturers_id, languages_id, manufacturers_url, url_clicked, date_last_click) VALUES (11, 2, 'http://www.lionsgate.com', 0, null);
INSERT INTO manufacturers_info (manufacturers_id, languages_id, manufacturers_url, url_clicked, date_last_click) VALUES (11, 3, 'http://www.lionsgate.com', 0, null);
INSERT INTO manufacturers_info (manufacturers_id, languages_id, manufacturers_url, url_clicked, date_last_click) VALUES (11, 4, 'http://www.lionsgate.com', 0, null);
UPDATE products SET products_price=24.99, manufacturers_id=11 WHERE products_model='DVD-RPMK';
UPDATE products_description SET products_name='The Hunger Games', products_url='http://www.scholastic.com/thehungergames/' WHERE products_id=4;

# Replace Courage Under Fire with Titanic 

UPDATE products_description set products_name='Titanic', products_url='http://www.titanicmovie.com/' WHERE products_id=16;

# Replace Beloved with Dark Knight

UPDATE products_description SET products_name='The Dark Knight', products_url='http://thedarkknight.warnerbros.com' WHERE products_id=20;

# Replace Fire Down Below with Harry Potter

UPDATE products_description SET products_name='Harry Potter - The Goblet of Fire', products_url='http://harrypotter.warnerbros.co.uk/gobletoffire/master/' WHERE products_id=11;

# For new Struts2 storefront

# Maximum number of special price products to cache in client engine
INSERT INTO configuration (configuration_title, configuration_key, configuration_value, configuration_description, configuration_group_id, sort_order, set_function, return_by_api, date_added) VALUES ('Special Price Products', 'MAX_DISPLAY_SPECIALS', '9', 'Maximum number of special price products to cache', '3', '5', 'integer(0,null)', '1', now());
INSERT INTO configuration (configuration_title, configuration_key, configuration_value, configuration_description, configuration_group_id, sort_order, set_function, return_by_api, date_added) VALUES ('Stock warn level', 'STOCK_WARN_LEVEL', '5', 'Warn customer when stock reaches this level', '9', '5', 'integer(null,null)', '1', now());

# Modify some configuration variables
UPDATE configuration SET configuration_value = '10', configuration_description = 'Maximum number of latest products to cache' WHERE configuration_key = 'MAX_DISPLAY_NEW_PRODUCTS';
UPDATE configuration SET configuration_value = '15' WHERE configuration_key = 'MAX_DISPLAY_MANUFACTURERS_IN_A_LIST';
UPDATE configuration SET configuration_title='KonaKart cache refresh check interval', configuration_description = 'Interval in seconds for checking to see whether to refresh the KonaKart caches' WHERE configuration_key = 'CLIENT_CONFIG_CACHE_CHECK_SECS';
UPDATE configuration SET configuration_description='This allows checkout without registration' WHERE configuration_key = 'ALLOW_CHECKOUT_WITHOUT_REGISTRATION';

# Add number of reviews to Something about mary
UPDATE products SET number_reviews = 1 WHERE products_id = 19 AND products_model = 'DVD-TSAB';

# Delete some config variables 
DELETE FROM configuration WHERE configuration_key = 'MAX_RANDOM_SELECT_NEW';
DELETE FROM configuration WHERE configuration_key = 'MAX_RANDOM_SELECT_SPECIALS';
DELETE FROM configuration WHERE configuration_key = 'MAX_RANDOM_SELECT_REVIEWS';
DELETE FROM configuration WHERE configuration_key = 'MAX_DISPLAY_PRODUCTS_IN_ORDER_HISTORY_BOX';
DELETE FROM configuration WHERE configuration_key = 'MAX_DISPLAY_CATEGORIES_PER_ROW';
DELETE FROM configuration WHERE configuration_key = 'HEADING_IMAGE_WIDTH';
DELETE FROM configuration WHERE configuration_key = 'HEADING_IMAGE_HEIGHT';
DELETE FROM configuration WHERE configuration_key = 'SUBCATEGORY_IMAGE_WIDTH';
DELETE FROM configuration WHERE configuration_key = 'SUBCATEGORY_IMAGE_HEIGHT';
DELETE FROM configuration WHERE configuration_key = 'ENTRY_DOB_MIN_LENGTH';
DELETE FROM configuration WHERE configuration_key = 'ENTRY_EMAIL_ADDRESS_MIN_LENGTH';
DELETE FROM configuration WHERE configuration_key = 'MAX_DISPLAY_BESTSELLERS';
DELETE FROM configuration WHERE configuration_key = 'CLIENT_CACHE_UPDATE_SECS';
DELETE FROM configuration WHERE configuration_key = 'ONE_PAGE_CHECKOUT';
DELETE FROM configuration WHERE configuration_key = 'SMALL_IMAGE_WIDTH';
DELETE FROM configuration WHERE configuration_key = 'SMALL_IMAGE_HEIGHT';
DELETE FROM configuration WHERE configuration_key = 'MAX_DISPLAY_MANUFACTURER_NAME_LEN';

# Add data to set up demo for faceted search using Solr. Only for struts2 store-front.
INSERT INTO kk_cust_attr (name, msg_cat_key, attr_type, template, validation, set_function, facet_number, date_added) VALUES ('DVD Format', null, 0, null, null, 'option(facet.blu.ray=Blu-ray,facet.hd.dvd=HD-DVD)' ,1, now());
INSERT INTO kk_cust_attr (name, msg_cat_key, attr_type, template, validation, set_function, facet_number, date_added) VALUES ('Movie Ratings', null, 0, null, null, 'option(facet.mpaa.g=General Audience: G,facet.mpaa.pg=Parental Guidance: PG,facet.mpaa.pg.13=Parents Cautioned: PG-13,facet.mpaa.r=Restricted: R,facet.mpaa.nc.17=Adults Only: NC-17)',2, now());
INSERT INTO kk_cust_attr_tmpl (name, description, date_added) VALUES ('Movie Template', 'Template for DVD Movies', now());
INSERT INTO kk_tmpl_to_cust_attr (kk_cust_attr_tmpl_id, kk_cust_attr_id, sort_order) VALUES (1, 11, 0);
INSERT INTO kk_tmpl_to_cust_attr (kk_cust_attr_tmpl_id, kk_cust_attr_id, sort_order) VALUES (1, 12, 1);
UPDATE products SET cust_attr_tmpl_id = 1, custom_attrs='<kk_d><kk_a><kk_v><![CDATA[facet.blu.ray]]></kk_v><kk_ty>0</kk_ty><kk_n><![CDATA[DVD Format]]></kk_n><kk_k><![CDATA[facet.dvd.format]]></kk_k><kk_f>1</kk_f></kk_a><kk_a><kk_v><![CDATA[facet.mpaa.g]]></kk_v><kk_ty>0</kk_ty><kk_n><![CDATA[Movie Ratings]]></kk_n><kk_k><![CDATA[facet.mpaa.movie.ratings]]></kk_k><kk_f>2</kk_f></kk_a></kk_d>' WHERE products_id = 4;
UPDATE products SET cust_attr_tmpl_id = 1, custom_attrs='<kk_d><kk_a><kk_v><![CDATA[facet.blu.ray]]></kk_v><kk_ty>0</kk_ty><kk_n><![CDATA[DVD Format]]></kk_n><kk_k><![CDATA[facet.dvd.format]]></kk_k><kk_f>1</kk_f></kk_a><kk_a><kk_v><![CDATA[facet.mpaa.g]]></kk_v><kk_ty>0</kk_ty><kk_n><![CDATA[Movie Ratings]]></kk_n><kk_k><![CDATA[facet.mpaa.movie.ratings]]></kk_k><kk_f>2</kk_f></kk_a></kk_d>' WHERE products_id = 6;
UPDATE products SET cust_attr_tmpl_id = 1, custom_attrs='<kk_d><kk_a><kk_v><![CDATA[facet.blu.ray]]></kk_v><kk_ty>0</kk_ty><kk_n><![CDATA[DVD Format]]></kk_n><kk_k><![CDATA[facet.dvd.format]]></kk_k><kk_f>1</kk_f></kk_a><kk_a><kk_v><![CDATA[facet.mpaa.pg]]></kk_v><kk_ty>0</kk_ty><kk_n><![CDATA[Movie Ratings]]></kk_n><kk_k><![CDATA[facet.mpaa.movie.ratings]]></kk_k><kk_f>2</kk_f></kk_a></kk_d>' WHERE products_id = 9;
UPDATE products SET cust_attr_tmpl_id = 1, custom_attrs='<kk_d><kk_a><kk_v><![CDATA[facet.blu.ray]]></kk_v><kk_ty>0</kk_ty><kk_n><![CDATA[DVD Format]]></kk_n><kk_k><![CDATA[facet.dvd.format]]></kk_k><kk_f>1</kk_f></kk_a><kk_a><kk_v><![CDATA[facet.mpaa.pg]]></kk_v><kk_ty>0</kk_ty><kk_n><![CDATA[Movie Ratings]]></kk_n><kk_k><![CDATA[facet.mpaa.movie.ratings]]></kk_k><kk_f>2</kk_f></kk_a></kk_d>' WHERE products_id = 10;
UPDATE products SET cust_attr_tmpl_id = 1, custom_attrs='<kk_d><kk_a><kk_v><![CDATA[facet.hd.dvd]]></kk_v><kk_ty>0</kk_ty><kk_n><![CDATA[DVD Format]]></kk_n><kk_k><![CDATA[facet.dvd.format]]></kk_k><kk_f>1</kk_f></kk_a><kk_a><kk_v><![CDATA[facet.mpaa.pg.13]]></kk_v><kk_ty>0</kk_ty><kk_n><![CDATA[Movie Ratings]]></kk_n><kk_k><![CDATA[facet.mpaa.movie.ratings]]></kk_k><kk_f>2</kk_f></kk_a></kk_d>' WHERE products_id = 11;
UPDATE products SET cust_attr_tmpl_id = 1, custom_attrs='<kk_d><kk_a><kk_v><![CDATA[facet.hd.dvd]]></kk_v><kk_ty>0</kk_ty><kk_n><![CDATA[DVD Format]]></kk_n><kk_k><![CDATA[facet.dvd.format]]></kk_k><kk_f>1</kk_f></kk_a><kk_a><kk_v><![CDATA[facet.mpaa.pg.13]]></kk_v><kk_ty>0</kk_ty><kk_n><![CDATA[Movie Ratings]]></kk_n><kk_k><![CDATA[facet.mpaa.movie.ratings]]></kk_k><kk_f>2</kk_f></kk_a></kk_d>' WHERE products_id = 12;
UPDATE products SET cust_attr_tmpl_id = 1, custom_attrs='<kk_d><kk_a><kk_v><![CDATA[facet.hd.dvd]]></kk_v><kk_ty>0</kk_ty><kk_n><![CDATA[DVD Format]]></kk_n><kk_k><![CDATA[facet.dvd.format]]></kk_k><kk_f>1</kk_f></kk_a><kk_a><kk_v><![CDATA[facet.mpaa.r]]></kk_v><kk_ty>0</kk_ty><kk_n><![CDATA[Movie Ratings]]></kk_n><kk_k><![CDATA[facet.mpaa.movie.ratings]]></kk_k><kk_f>2</kk_f></kk_a></kk_d>' WHERE products_id = 13;
UPDATE products SET cust_attr_tmpl_id = 1, custom_attrs='<kk_d><kk_a><kk_v><![CDATA[facet.hd.dvd]]></kk_v><kk_ty>0</kk_ty><kk_n><![CDATA[DVD Format]]></kk_n><kk_k><![CDATA[facet.dvd.format]]></kk_k><kk_f>1</kk_f></kk_a><kk_a><kk_v><![CDATA[facet.mpaa.r]]></kk_v><kk_ty>0</kk_ty><kk_n><![CDATA[Movie Ratings]]></kk_n><kk_k><![CDATA[facet.mpaa.movie.ratings]]></kk_k><kk_f>2</kk_f></kk_a></kk_d>' WHERE products_id = 17;
UPDATE products SET cust_attr_tmpl_id = 1, custom_attrs='<kk_d><kk_a><kk_v><![CDATA[facet.hd.dvd]]></kk_v><kk_ty>0</kk_ty><kk_n><![CDATA[DVD Format]]></kk_n><kk_k><![CDATA[facet.dvd.format]]></kk_k><kk_f>1</kk_f></kk_a><kk_a><kk_v><![CDATA[facet.mpaa.nc.17]]></kk_v><kk_ty>0</kk_ty><kk_n><![CDATA[Movie Ratings]]></kk_n><kk_k><![CDATA[facet.mpaa.movie.ratings]]></kk_k><kk_f>2</kk_f></kk_a></kk_d>' WHERE products_id = 18;
UPDATE kk_tag_group SET facet_number = 1 where tag_group_id = 2;
UPDATE kk_tag_group SET facet_number = 2 where tag_group_id = 1;

# Zone update
UPDATE zones SET zone_code='NL', zone_name='Newfoundland and Labrador' where zone_code='NF' and zone_name='Newfoundland' and zone_country_id in (select countries_id from countries WHERE countries_name='Canada');

# Address book entry updates
UPDATE configuration SET configuration_value = '10' WHERE configuration_key = 'MAX_ADDRESS_BOOK_ENTRIES';

# Solr faceted search
DELETE FROM configuration WHERE configuration_key = 'SOLR_DYNAMIC_FACETS';
INSERT INTO configuration (configuration_title, configuration_key, configuration_value, configuration_description, configuration_group_id, sort_order, set_function, date_added, return_by_api) VALUES ('Use Solr dynamic facets','SOLR_DYNAMIC_FACETS','false','When true, the displayed facets are valid for only the products returned by the search rather than for all the available products.','24', '6', 'choice(\'true\', \'false\')', now(), '1');
DELETE FROM configuration WHERE configuration_key = 'PRICE_FACETS_SLIDER';
INSERT INTO configuration (configuration_title, configuration_key, configuration_value, configuration_description, configuration_group_id, sort_order, set_function, date_added, return_by_api) VALUES ('Use Slider for price filter','PRICE_FACETS_SLIDER','true','When false, price facets are displayed instead of a slider for filtering a result set by price.','1', '31', 'choice(\'true\', \'false\')', now(), '1');

# Rename manufacturer images

UPDATE manufacturers SET manufacturers_image = 'manufacturer/matrox.gif'          WHERE manufacturers_image = 'manufacturer_matrox.gif';
UPDATE manufacturers SET manufacturers_image = 'manufacturer/microsoft.gif'       WHERE manufacturers_image = 'manufacturer_microsoft.gif';
UPDATE manufacturers SET manufacturers_image = 'manufacturer/warner.gif'          WHERE manufacturers_image = 'manufacturer_warner.gif';
UPDATE manufacturers SET manufacturers_image = 'manufacturer/fox.gif'             WHERE manufacturers_image = 'manufacturer_fox.gif';
UPDATE manufacturers SET manufacturers_image = 'manufacturer/logitech.gif'        WHERE manufacturers_image = 'manufacturer_logitech.gif';
UPDATE manufacturers SET manufacturers_image = 'manufacturer/canon.gif'           WHERE manufacturers_image = 'manufacturer_canon.gif';
UPDATE manufacturers SET manufacturers_image = 'manufacturer/sierra.gif'          WHERE manufacturers_image = 'manufacturer_sierra.gif';
UPDATE manufacturers SET manufacturers_image = 'manufacturer/gt_interactive.gif'  WHERE manufacturers_image = 'manufacturer_gt_interactive.gif';
UPDATE manufacturers SET manufacturers_image = 'manufacturer/hewlett_packard.gif' WHERE manufacturers_image = 'manufacturer_hewlett_packard.gif';
UPDATE manufacturers SET manufacturers_image = 'manufacturer/konakart.jpg'        WHERE manufacturers_image = 'konakart_tree_logo_60x60.jpg';

# Change Name of Software Catgeory to Games

UPDATE categories set categories_image = 'category_games.gif' where categories_id = 2;
UPDATE categories_description set categories_name = 'Games' where categories_id = 2 and language_id = 1;
UPDATE categories_description set categories_name = 'Games' where categories_id = 2 and language_id = 2;
UPDATE categories_description set categories_name = 'Juegos' where categories_id = 2 and language_id = 3;
UPDATE categories_description set categories_name = 'Jogos' where categories_id = 2 and language_id = 4;

# Change Name of Hardware Catgeory to Computer Peripherals

UPDATE categories_description set categories_name = 'Computer Peripherals' where categories_id = 1 and language_id = 1;
UPDATE categories_description set categories_name = 'Computer Peripherals' where categories_id = 1 and language_id = 2;
UPDATE categories_description set categories_name = 'Periféricos' where categories_id = 1 and language_id = 3;
UPDATE categories_description set categories_name = 'Periféricos' where categories_id = 1 and language_id = 4;

# New Software Catgeory

INSERT INTO categories (categories_id, categories_image, parent_id, sort_order, date_added, last_modified) VALUES (22, 'category_software.gif', '0', '3', now(), null);
INSERT INTO categories_description (categories_id, language_id, categories_name) VALUES (22, 1, 'Software');
INSERT INTO categories_description (categories_id, language_id, categories_name) VALUES (22, 2, 'Software');
INSERT INTO categories_description (categories_id, language_id, categories_name) VALUES (22, 3, 'Software');
INSERT INTO categories_description (categories_id, language_id, categories_name) VALUES (22, 4, 'Software');

# New Electronics Category

INSERT INTO categories (categories_id, categories_image, parent_id, sort_order, date_added, last_modified) VALUES (23, 'category_electronics.gif', '0', '3', now(), null);
INSERT INTO categories_description (categories_id, language_id, categories_name) VALUES (23, 1, 'Electronics');
INSERT INTO categories_description (categories_id, language_id, categories_name) VALUES (23, 2, 'Elektronik');
INSERT INTO categories_description (categories_id, language_id, categories_name) VALUES (23, 3, 'Electrónica');
INSERT INTO categories_description (categories_id, language_id, categories_name) VALUES (23, 4, 'Eletrônica');

# New Home & Garden Category

INSERT INTO categories (categories_id, categories_image, parent_id, sort_order, date_added, last_modified) VALUES (24, 'category_home_garden.gif', '0', '3', now(), null);
INSERT INTO categories_description (categories_id, language_id, categories_name) VALUES (24, 1, 'Home & Garden');
INSERT INTO categories_description (categories_id, language_id, categories_name) VALUES (24, 2, 'Home & Garden');
INSERT INTO categories_description (categories_id, language_id, categories_name) VALUES (24, 3, 'Casa y Jardín');
INSERT INTO categories_description (categories_id, language_id, categories_name) VALUES (24, 4, 'Casa e Jardim');

# New Cameras Sub-Category

INSERT INTO categories (categories_id, categories_image, parent_id, sort_order, date_added, last_modified) VALUES (25, 'subcategory_cameras.gif', 23, 5, now(), null);
INSERT INTO categories_description (categories_id, language_id, categories_name) VALUES (25, 1, 'Cameras');
INSERT INTO categories_description (categories_id, language_id, categories_name) VALUES (25, 2, 'Cameras');
INSERT INTO categories_description (categories_id, language_id, categories_name) VALUES (25, 3, 'Cameras');
INSERT INTO categories_description (categories_id, language_id, categories_name) VALUES (25, 4, 'Cameras');

# New Tablets Sub-Category

INSERT INTO categories (categories_id, categories_image, parent_id, sort_order, date_added, last_modified) VALUES (26, 'subcategory_tablets.gif', 23, 15, now(), null);
INSERT INTO categories_description (categories_id, language_id, categories_name) VALUES (26, 1, 'Tablets');
INSERT INTO categories_description (categories_id, language_id, categories_name) VALUES (26, 2, 'Tablets');
INSERT INTO categories_description (categories_id, language_id, categories_name) VALUES (26, 3, 'Tablets');
INSERT INTO categories_description (categories_id, language_id, categories_name) VALUES (26, 4, 'Tablets');

# New Phones Sub-Category

INSERT INTO categories (categories_id, categories_image, parent_id, sort_order, date_added, last_modified) VALUES (27, 'subcategory_phones.gif', 23, 10, now(), null);
INSERT INTO categories_description (categories_id, language_id, categories_name) VALUES (27, 1, 'Phones');
INSERT INTO categories_description (categories_id, language_id, categories_name) VALUES (27, 2, 'Phones');
INSERT INTO categories_description (categories_id, language_id, categories_name) VALUES (27, 3, 'Phones');
INSERT INTO categories_description (categories_id, language_id, categories_name) VALUES (27, 4, 'Phones');

# New Kitchen Sub-Category

INSERT INTO categories (categories_id, categories_image, parent_id, sort_order, date_added, last_modified) VALUES (28, 'subcategory_kitchen.gif', 24, 10, now(), null);
INSERT INTO categories_description (categories_id, language_id, categories_name) VALUES (28, 1, 'Kitchen');
INSERT INTO categories_description (categories_id, language_id, categories_name) VALUES (28, 2, 'Kitchen');
INSERT INTO categories_description (categories_id, language_id, categories_name) VALUES (28, 3, 'Kitchen');
INSERT INTO categories_description (categories_id, language_id, categories_name) VALUES (28, 4, 'Kitchen');

# New Clocks Sub-Category

INSERT INTO categories (categories_id, categories_image, parent_id, sort_order, date_added, last_modified) VALUES (29, 'subcategory_clocks.gif', 24, 5, now(), null);
INSERT INTO categories_description (categories_id, language_id, categories_name) VALUES (29, 1, 'Clocks');
INSERT INTO categories_description (categories_id, language_id, categories_name) VALUES (29, 2, 'Clocks');
INSERT INTO categories_description (categories_id, language_id, categories_name) VALUES (29, 3, 'Clocks');
INSERT INTO categories_description (categories_id, language_id, categories_name) VALUES (29, 4, 'Clocks');

# New Lawnmowers Sub-Category

INSERT INTO categories (categories_id, categories_image, parent_id, sort_order, date_added, last_modified) VALUES (30, 'subcategory_lawnmowers.gif', 24, 15, now(), null);
INSERT INTO categories_description (categories_id, language_id, categories_name) VALUES (30, 1, 'Lawnmowers');
INSERT INTO categories_description (categories_id, language_id, categories_name) VALUES (30, 2, 'Lawnmowers');
INSERT INTO categories_description (categories_id, language_id, categories_name) VALUES (30, 3, 'Lawnmowers');
INSERT INTO categories_description (categories_id, language_id, categories_name) VALUES (30, 4, 'Lawnmowers');

# New Windows8 Software
  
INSERT INTO products (products_id, products_model, products_price, products_weight, products_status, products_tax_class_id, manufacturers_id, products_quantity, products_ordered, products_date_added, products_date_available) VALUES (32, 'WIN8PRO', 79.99, 6, 1, 1, 2, 100, 0, now(), now());

INSERT INTO products_description (products_id, language_id, products_name, products_description, products_url, products_viewed) VALUES (32, 1, 'Windows 8', 'This product comes in 5 different box designs. The box design you receive may differ from that shown in the image above. The image to the right shows the different designs available.<br>If you currently have a personal computer running Windows 7, Windows XP or Windows Vista then you can upgrade to Windows 8 Pro (Professional). With Windows 8 Pro, you can connect and share your files. Windows 8 Pro also adds enhanced features if you need to connect to company networks, access remote files, encrypt sensitive data, and other more advanced tasks.<br>The new Windows 8 start screen is your personalized home for items you use the most and can be customized according to your user preferences. Windows 8 Live tiles provide real-time updates from your Facebook, Twitter, and e-mail accounts. Along with the new Start screen, the lock screen now includes e-mail, calendar, and clock widgets.','http://windows.microsoft.com/',0);
INSERT INTO products_description (products_id, language_id, products_name, products_description, products_url, products_viewed) VALUES (32, 2, 'Windows 8', 'This product comes in 5 different box designs. The box design you receive may differ from that shown in the image above. The image to the right shows the different designs available.<br>If you currently have a personal computer running Windows 7, Windows XP or Windows Vista then you can upgrade to Windows 8 Pro (Professional). With Windows 8 Pro, you can connect and share your files. Windows 8 Pro also adds enhanced features if you need to connect to company networks, access remote files, encrypt sensitive data, and other more advanced tasks.<br>The new Windows 8 start screen is your personalized home for items you use the most and can be customized according to your user preferences. Windows 8 Live tiles provide real-time updates from your Facebook, Twitter, and e-mail accounts. Along with the new Start screen, the lock screen now includes e-mail, calendar, and clock widgets.','http://windows.microsoft.com/',0);
INSERT INTO products_description (products_id, language_id, products_name, products_description, products_url, products_viewed) VALUES (32, 3, 'Windows 8', 'This product comes in 5 different box designs. The box design you receive may differ from that shown in the image above. The image to the right shows the different designs available.<br>If you currently have a personal computer running Windows 7, Windows XP or Windows Vista then you can upgrade to Windows 8 Pro (Professional). With Windows 8 Pro, you can connect and share your files. Windows 8 Pro also adds enhanced features if you need to connect to company networks, access remote files, encrypt sensitive data, and other more advanced tasks.<br>The new Windows 8 start screen is your personalized home for items you use the most and can be customized according to your user preferences. Windows 8 Live tiles provide real-time updates from your Facebook, Twitter, and e-mail accounts. Along with the new Start screen, the lock screen now includes e-mail, calendar, and clock widgets.','http://windows.microsoft.com/',0);
INSERT INTO products_description (products_id, language_id, products_name, products_description, products_url, products_viewed) VALUES (32, 4, 'Windows 8', 'This product comes in 5 different box designs. The box design you receive may differ from that shown in the image above. The image to the right shows the different designs available.<br>If you currently have a personal computer running Windows 7, Windows XP or Windows Vista then you can upgrade to Windows 8 Pro (Professional). With Windows 8 Pro, you can connect and share your files. Windows 8 Pro also adds enhanced features if you need to connect to company networks, access remote files, encrypt sensitive data, and other more advanced tasks.<br>The new Windows 8 start screen is your personalized home for items you use the most and can be customized according to your user preferences. Windows 8 Live tiles provide real-time updates from your Facebook, Twitter, and e-mail accounts. Along with the new Start screen, the lock screen now includes e-mail, calendar, and clock widgets.','http://windows.microsoft.com/',0);

INSERT INTO products_to_categories (products_id, categories_id) VALUES (32, 22);

# New DeLonghi Manufacturer

INSERT INTO manufacturers (manufacturers_id, manufacturers_name, manufacturers_image, date_added, last_modified) VALUES (12,'DeLonghi','manufacturer/delonghi.jpg', now(), null);
INSERT INTO manufacturers_info (manufacturers_id, languages_id, manufacturers_url, url_clicked, date_last_click) VALUES (12, 1, 'http://www.delonghi.com/us_en/agency/', 0, null);
INSERT INTO manufacturers_info (manufacturers_id, languages_id, manufacturers_url, url_clicked, date_last_click) VALUES (12, 2, 'http://www.delonghi.com/de_de/agency/', 0, null);
INSERT INTO manufacturers_info (manufacturers_id, languages_id, manufacturers_url, url_clicked, date_last_click) VALUES (12, 3, 'http://www.delonghi.com/es_es/agency/', 0, null);
INSERT INTO manufacturers_info (manufacturers_id, languages_id, manufacturers_url, url_clicked, date_last_click) VALUES (12, 4, 'http://www.delonghi.com/pt_pt/agency/', 0, null);

# DeLonghi Coffee Maker

INSERT INTO products (products_id, products_model, products_price, products_weight, products_status, products_tax_class_id, manufacturers_id, products_quantity, products_ordered, products_date_added, products_date_available) VALUES (33, 'DLBCO410', 159.99, 9, 1, 1, 12, 100, 0, now(), now());

INSERT INTO products_description (products_id, language_id, products_name, products_description, products_url, products_viewed) VALUES (33, 1, 'De''Longhi BCO 410', 'The De''Longhi BCO 410 is a 15 bar espresso/filter coffee machine that will ensure you get the perfect coffee experience, regardless of your tastes. Able to make 10 cups of filter coffee or individual espressos (either via ground coffee or with "Easy Serving Espresso" pods), the BCO 410 is a versatile and high-quality machine. The espresso portion of the machine comes complete with a crema filter holder, adjustable steam emission, removable water reservoir and cup holder. The filter coffee portion of the machine comes complete with a jug warmer to ensure the coffee remains hot after brewing, frontal loading to make the machine incredibly easy to refill (both water and coffee) and a water filtration system to make your coffee taste that much better.','http://www.delonghi.com/us_en/family/combi/',0);
INSERT INTO products_description (products_id, language_id, products_name, products_description, products_url, products_viewed) VALUES (33, 2, 'De''Longhi BCO 410', 'The De''Longhi BCO 410 is a 15 bar espresso/filter coffee machine that will ensure you get the perfect coffee experience, regardless of your tastes. Able to make 10 cups of filter coffee or individual espressos (either via ground coffee or with "Easy Serving Espresso" pods), the BCO 410 is a versatile and high-quality machine. The espresso portion of the machine comes complete with a crema filter holder, adjustable steam emission, removable water reservoir and cup holder. The filter coffee portion of the machine comes complete with a jug warmer to ensure the coffee remains hot after brewing, frontal loading to make the machine incredibly easy to refill (both water and coffee) and a water filtration system to make your coffee taste that much better.','http://www.delonghi.com/de_de/family/combi/',0);
INSERT INTO products_description (products_id, language_id, products_name, products_description, products_url, products_viewed) VALUES (33, 3, 'De''Longhi BCO 410', 'The De''Longhi BCO 410 is a 15 bar espresso/filter coffee machine that will ensure you get the perfect coffee experience, regardless of your tastes. Able to make 10 cups of filter coffee or individual espressos (either via ground coffee or with "Easy Serving Espresso" pods), the BCO 410 is a versatile and high-quality machine. The espresso portion of the machine comes complete with a crema filter holder, adjustable steam emission, removable water reservoir and cup holder. The filter coffee portion of the machine comes complete with a jug warmer to ensure the coffee remains hot after brewing, frontal loading to make the machine incredibly easy to refill (both water and coffee) and a water filtration system to make your coffee taste that much better.','http://www.delonghi.com/es_es/family/combi/',0);
INSERT INTO products_description (products_id, language_id, products_name, products_description, products_url, products_viewed) VALUES (33, 4, 'De''Longhi BCO 410', 'The De''Longhi BCO 410 is a 15 bar espresso/filter coffee machine that will ensure you get the perfect coffee experience, regardless of your tastes. Able to make 10 cups of filter coffee or individual espressos (either via ground coffee or with "Easy Serving Espresso" pods), the BCO 410 is a versatile and high-quality machine. The espresso portion of the machine comes complete with a crema filter holder, adjustable steam emission, removable water reservoir and cup holder. The filter coffee portion of the machine comes complete with a jug warmer to ensure the coffee remains hot after brewing, frontal loading to make the machine incredibly easy to refill (both water and coffee) and a water filtration system to make your coffee taste that much better.','http://www.delonghi.com/pt_pt/family/combi/',0);

INSERT INTO products_to_categories (products_id, categories_id) VALUES (33, 28);

# New Amazon Manufacturer

INSERT INTO manufacturers (manufacturers_id, manufacturers_name, manufacturers_image, date_added, last_modified) VALUES (13,'Amazon','manufacturer/amazon.jpg', now(), null);
INSERT INTO manufacturers_info (manufacturers_id, languages_id, manufacturers_url, url_clicked, date_last_click) VALUES (13, 1, 'http://www.amazon.com/', 0, null);
INSERT INTO manufacturers_info (manufacturers_id, languages_id, manufacturers_url, url_clicked, date_last_click) VALUES (13, 2, 'http://www.amazon.co.de/', 0, null);
INSERT INTO manufacturers_info (manufacturers_id, languages_id, manufacturers_url, url_clicked, date_last_click) VALUES (13, 3, 'http://www.amazon.co.de/', 0, null);
INSERT INTO manufacturers_info (manufacturers_id, languages_id, manufacturers_url, url_clicked, date_last_click) VALUES (13, 4, 'http://www.amazon.co.pt/', 0, null);

# New Kindle Fire HD

INSERT INTO products (products_id, products_model, products_price, products_weight, products_status, products_tax_class_id, manufacturers_id, products_quantity, products_ordered, products_date_added, products_date_available) VALUES (34, 'DLBCO410', 199.99, 3, 1, 1, 13, 100, 0, now(), now());

INSERT INTO products_description (products_id, language_id, products_name, products_description, products_url, products_viewed) VALUES (34, 1, 'Kindle Fire HD', 'World''s most advanced 7" tablet<br>1280x800 HD display with polarizing filter and anti-glare technology for rich color and deep contrast from any viewing angle<br>Exclusive Dolby audio and dual-driver stereo speakers for immersive, virtual surround sound<br>World''s first tablet with dual-band, dual-antenna Wi-Fi for 40% faster downloads and streaming (compared to iPad 3)<br>High performance 1.2 Ghz dual-core processor with Imagination PowerVR 3D graphics core for fast and fluid performance','http://www.amazon.com/Kindle-Fire-HD/',0);
INSERT INTO products_description (products_id, language_id, products_name, products_description, products_url, products_viewed) VALUES (34, 2, 'Kindle Fire HD', 'World''s most advanced 7" tablet<br>1280x800 HD display with polarizing filter and anti-glare technology for rich color and deep contrast from any viewing angle<br>Exclusive Dolby audio and dual-driver stereo speakers for immersive, virtual surround sound<br>World''s first tablet with dual-band, dual-antenna Wi-Fi for 40% faster downloads and streaming (compared to iPad 3)<br>High performance 1.2 Ghz dual-core processor with Imagination PowerVR 3D graphics core for fast and fluid performance','http://www.amazon.com/Kindle-Fire-HD/',0);
INSERT INTO products_description (products_id, language_id, products_name, products_description, products_url, products_viewed) VALUES (34, 3, 'Kindle Fire HD', 'World''s most advanced 7" tablet<br>1280x800 HD display with polarizing filter and anti-glare technology for rich color and deep contrast from any viewing angle<br>Exclusive Dolby audio and dual-driver stereo speakers for immersive, virtual surround sound<br>World''s first tablet with dual-band, dual-antenna Wi-Fi for 40% faster downloads and streaming (compared to iPad 3)<br>High performance 1.2 Ghz dual-core processor with Imagination PowerVR 3D graphics core for fast and fluid performance','http://www.amazon.com/Kindle-Fire-HD/',0);
INSERT INTO products_description (products_id, language_id, products_name, products_description, products_url, products_viewed) VALUES (34, 4, 'Kindle Fire HD', 'World''s most advanced 7" tablet<br>1280x800 HD display with polarizing filter and anti-glare technology for rich color and deep contrast from any viewing angle<br>Exclusive Dolby audio and dual-driver stereo speakers for immersive, virtual surround sound<br>World''s first tablet with dual-band, dual-antenna Wi-Fi for 40% faster downloads and streaming (compared to iPad 3)<br>High performance 1.2 Ghz dual-core processor with Imagination PowerVR 3D graphics core for fast and fluid performance','http://www.amazon.com/Kindle-Fire-HD/',0);

INSERT INTO products_to_categories (products_id, categories_id) VALUES (34, 26);

# New Apple Manufacturer

INSERT INTO manufacturers (manufacturers_id, manufacturers_name, manufacturers_image, date_added, last_modified) VALUES (14,'Apple','manufacturer/apple.jpg', now(), null);
INSERT INTO manufacturers_info (manufacturers_id, languages_id, manufacturers_url, url_clicked, date_last_click) VALUES (14, 1, 'http://www.apple.com/', 0, null);
INSERT INTO manufacturers_info (manufacturers_id, languages_id, manufacturers_url, url_clicked, date_last_click) VALUES (14, 2, 'http://www.apple.co.de/', 0, null);
INSERT INTO manufacturers_info (manufacturers_id, languages_id, manufacturers_url, url_clicked, date_last_click) VALUES (14, 3, 'http://www.apple.co.de/', 0, null);
INSERT INTO manufacturers_info (manufacturers_id, languages_id, manufacturers_url, url_clicked, date_last_click) VALUES (14, 4, 'http://www.apple.co.pt/', 0, null);

# New iPhone 5

INSERT INTO products (products_id, products_model, products_price, products_weight, products_status, products_tax_class_id, manufacturers_id, products_quantity, products_ordered, products_date_added, products_date_available) VALUES (35, 'DLBCO410', 999.99, 2, 1, 1, 14, 100, 0, now(), now());

INSERT INTO products_description (products_id, language_id, products_name, products_description, products_url, products_viewed) VALUES (35, 1, 'iPhone 5', 'Thin, sleek and very capable. It''s hard to believe a phone so thin could offer so many features: a larger display, a faster chip, the latest wireless technology, an 8MP iSight camera and more. All in a beautiful aluminium body designed and made with an unprecedented level of precision. iPhone 5 measures a mere 7.6 millimetres thin and weighs just 112 grams.1 That''s 18 per cent thinner and 20 per cent lighter than iPhone 4S. The only way to achieve a design like this is by relentlessly considering (and reconsidering) every single detail  including the details you don''t see.','http://www.apple.com/uk/iphone/features/',0);
INSERT INTO products_description (products_id, language_id, products_name, products_description, products_url, products_viewed) VALUES (35, 2, 'iPhone 5', 'Dünn, elegant und leistungsfähig. Kaum zu glauben, dass ein so dünnes Telefon so viel zu bieten hat: ein größeres Display, einen schnelleren Chip, die neuesten drahtlosen Technologien, eine 8-Megapixel iSight Kamera und mehr. Alles in einem eleganten Aluminiumgehäuse, das mit einer unglaublichen Präzision designt und gefertigt wurde. Das iPhone 5 ist gerade einmal 7,6mm dünn und wiegt nur 112g. Damit ist es 18% dünner und 20% leichter als das iPhone 4S. Ein solches Design kann man nur erreichen, indem man immer und immer wieder jedes einzelne Detail überdenkt. Und zwar auch die Details, die man gar nicht sieht.','http://www.apple.com/de/iphone/features/',0);
INSERT INTO products_description (products_id, language_id, products_name, products_description, products_url, products_viewed) VALUES (35, 3, 'iPhone 5', 'Fino, estilizado y capaz de cualquier cosa. Parece increíble que un teléfono tan fino pueda tener tantas cosas: una pantalla más grande, un chip más rápido, la última tecnología inalámbrica, una cámara de 8 megapíxeles... Y todo dentro de una espectacular carcasa de aluminio elaborada con un nivel de precisión sin precedentes. El iPhone 5 solo tiene 0,76 cm de grosor y 112 gramos de peso.1 O sea, es un 18% más fino y un 20% más ligero que el iPhone 4S. Solo hay una manera de conseguir algo así: analizando una y otra vez hasta el último detalle, incluso los que no se ven.','http://www.apple.com/es/iphone/features/',0);
INSERT INTO products_description (products_id, language_id, products_name, products_description, products_url, products_viewed) VALUES (35, 4, 'iPhone 5', 'Fino, elegante e muito potente. É difícil de acreditar que um telefone tão leve tenha tantas funcionalidades: um ecrã maior, um chip mais rápido, a mais recente tecnologia sem fios, uma câmara iSight de 8 megapíxeis e muito mais. Tudo numa elegante estrutura em alumínio, concebida e construída com um nível de precisão sem precedentes. O iPhone 5 tem apenas 7,6 milímetros de espessura e só pesa 112 gramas.1 O que significa que é 18% mais fino e 20% mais leve do que o iPhone 4S. A única forma de se conseguir este feito, é estudando e analisando exaustivamente cada detalhe, mesmo aqueles que não se veem.','http://www.apple.com/pt/iphone/features/',0);

INSERT INTO products_to_categories (products_id, categories_id) VALUES (35, 27);

# New Acctim Manufacturer

INSERT INTO manufacturers (manufacturers_id, manufacturers_name, manufacturers_image, date_added, last_modified) VALUES (15,'Acctim','manufacturer/actim.jpg', now(), null);
INSERT INTO manufacturers_info (manufacturers_id, languages_id, manufacturers_url, url_clicked, date_last_click) VALUES (15, 1, 'http://www.acctim.com/', 0, null);
INSERT INTO manufacturers_info (manufacturers_id, languages_id, manufacturers_url, url_clicked, date_last_click) VALUES (15, 2, 'http://www.acctim.co.de/', 0, null);
INSERT INTO manufacturers_info (manufacturers_id, languages_id, manufacturers_url, url_clicked, date_last_click) VALUES (15, 3, 'http://www.acctim.co.de/', 0, null);
INSERT INTO manufacturers_info (manufacturers_id, languages_id, manufacturers_url, url_clicked, date_last_click) VALUES (15, 4, 'http://www.acctim.co.pt/', 0, null);

# New Cadiz 74137 clock

INSERT INTO products (products_id, products_model, products_price, products_weight, products_status, products_tax_class_id, manufacturers_id, products_quantity, products_ordered, products_date_added, products_date_available) VALUES (36, 'CD74137', 19.99, 5, 1, 1, 15, 100, 0, now(), now());

INSERT INTO products_description (products_id, language_id, products_name, products_description, products_url, products_viewed) VALUES (36, 1, 'Cadiz Clock', 'MSF Radio Controlled<br>Split Second Accuracy<br>Black Numbers With Black Hand<br>Excellent Design & Quality<br>Dimensions: 255mm / 10" Colour: Silver','http://www.acctim.com/',0);
INSERT INTO products_description (products_id, language_id, products_name, products_description, products_url, products_viewed) VALUES (36, 2, 'Cadiz Clock', 'MSF Radio Controlled<br>Split Second Accuracy<br>Black Numbers With Black Hand<br>Excellent Design & Quality<br>Dimensions: 255mm / 10" Colour: Silver','http://www.acctim.com/',0);
INSERT INTO products_description (products_id, language_id, products_name, products_description, products_url, products_viewed) VALUES (36, 3, 'Cadiz Clock', 'MSF Radio Controlled<br>Split Second Accuracy<br>Black Numbers With Black Hand<br>Excellent Design & Quality<br>Dimensions: 255mm / 10" Colour: Silver','http://www.acctim.com/',0);
INSERT INTO products_description (products_id, language_id, products_name, products_description, products_url, products_viewed) VALUES (36, 4, 'Cadiz Clock', 'MSF Radio Controlled<br>Split Second Accuracy<br>Black Numbers With Black Hand<br>Excellent Design & Quality<br>Dimensions: 255mm / 10" Colour: Silver','http://www.acctim.com/',0);

INSERT INTO products_to_categories (products_id, categories_id) VALUES (36, 29);

# New Milan 93 clock

INSERT INTO products (products_id, products_model, products_price, products_weight, products_status, products_tax_class_id, manufacturers_id, products_quantity, products_ordered, products_date_added, products_date_available) VALUES (37, 'MI93', 12.99, 5, 1, 1, 15, 100, 0, now(), now());

INSERT INTO products_description (products_id, language_id, products_name, products_description, products_url, products_viewed) VALUES (37, 1, 'Milan 93 Clock', 'Radio Controlled for split second accuracy, automatically sets to correct time<br>255mm Diameter<br>12/24 hour dial<br>Plastic case and lens<br>Dimensions H.W.L 255mm x 255mm x 37mm','http://www.acctim.com/',0);
INSERT INTO products_description (products_id, language_id, products_name, products_description, products_url, products_viewed) VALUES (37, 2, 'Milan 93 Clock', 'Radio Controlled for split second accuracy, automatically sets to correct time<br>255mm Diameter<br>12/24 hour dial<br>Plastic case and lens<br>Dimensions H.W.L 255mm x 255mm x 37mm','http://www.acctim.com/',0);
INSERT INTO products_description (products_id, language_id, products_name, products_description, products_url, products_viewed) VALUES (37, 3, 'Milan 93 Clock', 'Radio Controlled for split second accuracy, automatically sets to correct time<br>255mm Diameter<br>12/24 hour dial<br>Plastic case and lens<br>Dimensions H.W.L 255mm x 255mm x 37mm','http://www.acctim.com/',0);
INSERT INTO products_description (products_id, language_id, products_name, products_description, products_url, products_viewed) VALUES (37, 4, 'Milan 93 Clock', 'Radio Controlled for split second accuracy, automatically sets to correct time<br>255mm Diameter<br>12/24 hour dial<br>Plastic case and lens<br>Dimensions H.W.L 255mm x 255mm x 37mm','http://www.acctim.com/',0);

INSERT INTO products_to_categories (products_id, categories_id) VALUES (37, 29);

# New Acctim Metal clock

INSERT INTO products (products_id, products_model, products_price, products_weight, products_status, products_tax_class_id, manufacturers_id, products_quantity, products_ordered, products_date_added, products_date_available) VALUES (38, 'B000H1QSJY', 21.99, 5, 1, 1, 15, 100, 0, now(), now());

INSERT INTO products_description (products_id, language_id, products_name, products_description, products_url, products_viewed) VALUES (38, 1, 'Acctim Metal Clock', 'Acctim wall clock<br>Radio controlled for split second accuracy<br>12/24 hour dial<br>Metal case<br>Diameter 300mm','http://www.acctim.com/',0);
INSERT INTO products_description (products_id, language_id, products_name, products_description, products_url, products_viewed) VALUES (38, 2, 'Acctim Metal Clock', 'Acctim wall clock<br>Radio controlled for split second accuracy<br>12/24 hour dial<br>Metal case<br>Diameter 300mm','http://www.acctim.com/',0);
INSERT INTO products_description (products_id, language_id, products_name, products_description, products_url, products_viewed) VALUES (38, 3, 'Acctim Metal Clock', 'Acctim wall clock<br>Radio controlled for split second accuracy<br>12/24 hour dial<br>Metal case<br>Diameter 300mm','http://www.acctim.com/',0);
INSERT INTO products_description (products_id, language_id, products_name, products_description, products_url, products_viewed) VALUES (38, 4, 'Acctim Metal Clock', 'Acctim wall clock<br>Radio controlled for split second accuracy<br>12/24 hour dial<br>Metal case<br>Diameter 300mm','http://www.acctim.com/',0);

INSERT INTO products_to_categories (products_id, categories_id) VALUES (38, 29);

# New Eddingtons Manufacturer

INSERT INTO manufacturers (manufacturers_id, manufacturers_name, manufacturers_image, date_added, last_modified) VALUES (16,'Eddingtons','manufacturer/eddingtons.jpg', now(), null);
INSERT INTO manufacturers_info (manufacturers_id, languages_id, manufacturers_url, url_clicked, date_last_click) VALUES (16, 1, 'http://www.eddingtons.co.uk/', 0, null);
INSERT INTO manufacturers_info (manufacturers_id, languages_id, manufacturers_url, url_clicked, date_last_click) VALUES (16, 2, 'http://www.eddingtons.co.uk/', 0, null);
INSERT INTO manufacturers_info (manufacturers_id, languages_id, manufacturers_url, url_clicked, date_last_click) VALUES (16, 3, 'http://www.eddingtons.co.uk/', 0, null);
INSERT INTO manufacturers_info (manufacturers_id, languages_id, manufacturers_url, url_clicked, date_last_click) VALUES (16, 4, 'http://www.eddingtons.co.uk/', 0, null);

# New Bosch Manufacturer

INSERT INTO manufacturers (manufacturers_id, manufacturers_name, manufacturers_image, date_added, last_modified) VALUES (17,'Bosch','manufacturer/bosch.jpg', now(), null);
INSERT INTO manufacturers_info (manufacturers_id, languages_id, manufacturers_url, url_clicked, date_last_click) VALUES (17, 1, 'http://www.bosch.com/', 0, null);
INSERT INTO manufacturers_info (manufacturers_id, languages_id, manufacturers_url, url_clicked, date_last_click) VALUES (17, 2, 'http://www.bosch.com/', 0, null);
INSERT INTO manufacturers_info (manufacturers_id, languages_id, manufacturers_url, url_clicked, date_last_click) VALUES (17, 3, 'http://www.bosch.com/', 0, null);
INSERT INTO manufacturers_info (manufacturers_id, languages_id, manufacturers_url, url_clicked, date_last_click) VALUES (17, 4, 'http://www.bosch.com/', 0, null);

# New Rotak 40 Ergoflex

INSERT INTO products (products_id, products_model, products_price, products_weight, products_status, products_tax_class_id, manufacturers_id, products_quantity, products_ordered, products_date_added, products_date_available) VALUES (39, 'B004GTMNXI', 159.99, 16, 1, 1, 17, 100, 0, now(), now());

INSERT INTO products_description (products_id, language_id, products_name, products_description, products_url, products_viewed) VALUES (39, 1, 'Rotak 40 Ergoflex', 'Ergoflex System. Ergonomically shaped and adjustable handles for a better body posture and reduced muscle strain when mowing<br>1700W Powerdrive motor ensures a reliable cut, even in the most difficult conditions<br>Light weight for easy handling<br>Folding handles for compact storage<br>Innovative grass combs. Cut close to the edge of walls, flower beds and lawns','http://www.bosch.com/',0);
INSERT INTO products_description (products_id, language_id, products_name, products_description, products_url, products_viewed) VALUES (39, 2, 'Rotak 40 Ergoflex', 'Ergoflex System. Ergonomically shaped and adjustable handles for a better body posture and reduced muscle strain when mowing<br>1700W Powerdrive motor ensures a reliable cut, even in the most difficult conditions<br>Light weight for easy handling<br>Folding handles for compact storage<br>Innovative grass combs. Cut close to the edge of walls, flower beds and lawns','http://www.bosch.com/',0);
INSERT INTO products_description (products_id, language_id, products_name, products_description, products_url, products_viewed) VALUES (39, 3, 'Rotak 40 Ergoflex', 'Ergoflex System. Ergonomically shaped and adjustable handles for a better body posture and reduced muscle strain when mowing<br>1700W Powerdrive motor ensures a reliable cut, even in the most difficult conditions<br>Light weight for easy handling<br>Folding handles for compact storage<br>Innovative grass combs. Cut close to the edge of walls, flower beds and lawns','http://www.bosch.com/',0);
INSERT INTO products_description (products_id, language_id, products_name, products_description, products_url, products_viewed) VALUES (39, 4, 'Rotak 40 Ergoflex', 'Ergoflex System. Ergonomically shaped and adjustable handles for a better body posture and reduced muscle strain when mowing<br>1700W Powerdrive motor ensures a reliable cut, even in the most difficult conditions<br>Light weight for easy handling<br>Folding handles for compact storage<br>Innovative grass combs. Cut close to the edge of walls, flower beds and lawns','http://www.bosch.com/',0);

INSERT INTO products_to_categories (products_id, categories_id) VALUES (39, 30);

# New Rotak 32

INSERT INTO products (products_id, products_model, products_price, products_weight, products_status, products_tax_class_id, manufacturers_id, products_quantity, products_ordered, products_date_added, products_date_available) VALUES (40, '0600885B71', 89.99, 7, 1, 1, 17, 100, 0, now(), now());

INSERT INTO products_description (products_id, language_id, products_name, products_description, products_url, products_viewed) VALUES (40, 1, 'Rotak 32', 'Ergonomic handle design for easy manoeuvrability<br>Lightweight and compact for convenient carrying and problem-free manoeuvrability<br>Powerdrive motor ensures a reliable cut, even under difficult circumstances<br>Innovative grass combs. Cut close to the edge of walls, flower beds and lawns<br>31-litre grass box for greater capacity and reduced need for emptying','http://www.bosch.com/',0);
INSERT INTO products_description (products_id, language_id, products_name, products_description, products_url, products_viewed) VALUES (40, 2, 'Rotak 32', 'Ergonomic handle design for easy manoeuvrability<br>Lightweight and compact for convenient carrying and problem-free manoeuvrability<br>Powerdrive motor ensures a reliable cut, even under difficult circumstances<br>Innovative grass combs. Cut close to the edge of walls, flower beds and lawns<br>31-litre grass box for greater capacity and reduced need for emptying','http://www.bosch.com/',0);
INSERT INTO products_description (products_id, language_id, products_name, products_description, products_url, products_viewed) VALUES (40, 3, 'Rotak 32', 'Ergonomic handle design for easy manoeuvrability<br>Lightweight and compact for convenient carrying and problem-free manoeuvrability<br>Powerdrive motor ensures a reliable cut, even under difficult circumstances<br>Innovative grass combs. Cut close to the edge of walls, flower beds and lawns<br>31-litre grass box for greater capacity and reduced need for emptying','http://www.bosch.com/',0);
INSERT INTO products_description (products_id, language_id, products_name, products_description, products_url, products_viewed) VALUES (40, 4, 'Rotak 32', 'Ergonomic handle design for easy manoeuvrability<br>Lightweight and compact for convenient carrying and problem-free manoeuvrability<br>Powerdrive motor ensures a reliable cut, even under difficult circumstances<br>Innovative grass combs. Cut close to the edge of walls, flower beds and lawns<br>31-litre grass box for greater capacity and reduced need for emptying','http://www.bosch.com/',0);

INSERT INTO products_to_categories (products_id, categories_id) VALUES (40, 30);

# New Flymo Manufacturer

INSERT INTO manufacturers (manufacturers_id, manufacturers_name, manufacturers_image, date_added, last_modified) VALUES (18,'Flymo','manufacturer/flymo.jpg', now(), null);
INSERT INTO manufacturers_info (manufacturers_id, languages_id, manufacturers_url, url_clicked, date_last_click) VALUES (18, 1, 'http://www.flymo.com/', 0, null);
INSERT INTO manufacturers_info (manufacturers_id, languages_id, manufacturers_url, url_clicked, date_last_click) VALUES (18, 2, 'http://www.flymo.com/', 0, null);
INSERT INTO manufacturers_info (manufacturers_id, languages_id, manufacturers_url, url_clicked, date_last_click) VALUES (18, 3, 'http://www.flymo.com/', 0, null);
INSERT INTO manufacturers_info (manufacturers_id, languages_id, manufacturers_url, url_clicked, date_last_click) VALUES (18, 4, 'http://www.flymo.com/', 0, null);

# New Flymo Chevron 34VC

INSERT INTO products (products_id, products_model, products_price, products_weight, products_status, products_tax_class_id, manufacturers_id, products_quantity, products_ordered, products_date_added, products_date_available) VALUES (41, 'CHEVRON34VC', 109.99, 7, 1, 1, 18, 100, 0, now(), now());

INSERT INTO products_description (products_id, language_id, products_name, products_description, products_url, products_viewed) VALUES (41, 1, 'Flymo Chevron 34VC', 'The Chevron 34VC from Flymo is a lightweight, easy to use electric wheeled mower with a rear roller that will give your lawn that classic striped finish.<br>1400 watt motor<br>5 heights of cut (20 - 60mm)<br>40 litre collection box<br>12 metre mains cable<br>34cm metal cutting blade','http://www.flymo.com/int/products/lawn-mowers/chevron-34vc/',0);
INSERT INTO products_description (products_id, language_id, products_name, products_description, products_url, products_viewed) VALUES (41, 2, 'Flymo Chevron 34VC', 'The Chevron 34VC from Flymo is a lightweight, easy to use electric wheeled mower with a rear roller that will give your lawn that classic striped finish.<br>1400 watt motor<br>5 heights of cut (20 - 60mm)<br>40 litre collection box<br>12 metre mains cable<br>34cm metal cutting blade','http://www.flymo.com/int/products/lawn-mowers/chevron-34vc/',0);
INSERT INTO products_description (products_id, language_id, products_name, products_description, products_url, products_viewed) VALUES (41, 3, 'Flymo Chevron 34VC', 'The Chevron 34VC from Flymo is a lightweight, easy to use electric wheeled mower with a rear roller that will give your lawn that classic striped finish.<br>1400 watt motor<br>5 heights of cut (20 - 60mm)<br>40 litre collection box<br>12 metre mains cable<br>34cm metal cutting blade','http://www.flymo.com/int/products/lawn-mowers/chevron-34vc/',0);
INSERT INTO products_description (products_id, language_id, products_name, products_description, products_url, products_viewed) VALUES (41, 4, 'Flymo Chevron 34VC', 'The Chevron 34VC from Flymo is a lightweight, easy to use electric wheeled mower with a rear roller that will give your lawn that classic striped finish.<br>1400 watt motor<br>5 heights of cut (20 - 60mm)<br>40 litre collection box<br>12 metre mains cable<br>34cm metal cutting blade','http://www.flymo.com/int/products/lawn-mowers/chevron-34vc/',0);

INSERT INTO products_to_categories (products_id, categories_id) VALUES (41, 30);

# New Bosch SHM 38G

INSERT INTO products (products_id, products_model, products_price, products_weight, products_status, products_tax_class_id, manufacturers_id, products_quantity, products_ordered, products_date_added, products_date_available) VALUES (42, '0600886102', 55.95, 7, 1, 1, 17, 100, 0, now(), now());

INSERT INTO products_description (products_id, language_id, products_name, products_description, products_url, products_viewed) VALUES (42, 1, 'Bosch SHM 38G', 'Cylinder cut system with 5 curved blades made from hardened steel<br>Variable height-of-cut adjustment and a cutting width of 38cm<br>Simple bottom blade adjustment with "click" locking system<br>Maintenance-free cutting cylinder on ball bearings<br>Easy-to-use bar for better ergonomics<br>Smooth-running wheels with special gear reduction for easy pushing','http://www.bosch.com/',0);
INSERT INTO products_description (products_id, language_id, products_name, products_description, products_url, products_viewed) VALUES (42, 2, 'Bosch SHM 38G', 'Cylinder cut system with 5 curved blades made from hardened steel<br>Variable height-of-cut adjustment and a cutting width of 38cm<br>Simple bottom blade adjustment with "click" locking system<br>Maintenance-free cutting cylinder on ball bearings<br>Easy-to-use bar for better ergonomics<br>Smooth-running wheels with special gear reduction for easy pushing','http://www.bosch.com/',0);
INSERT INTO products_description (products_id, language_id, products_name, products_description, products_url, products_viewed) VALUES (42, 3, 'Bosch SHM 38G', 'Cylinder cut system with 5 curved blades made from hardened steel<br>Variable height-of-cut adjustment and a cutting width of 38cm<br>Simple bottom blade adjustment with "click" locking system<br>Maintenance-free cutting cylinder on ball bearings<br>Easy-to-use bar for better ergonomics<br>Smooth-running wheels with special gear reduction for easy pushing','http://www.bosch.com/',0);
INSERT INTO products_description (products_id, language_id, products_name, products_description, products_url, products_viewed) VALUES (42, 4, 'Bosch SHM 38G', 'Cylinder cut system with 5 curved blades made from hardened steel<br>Variable height-of-cut adjustment and a cutting width of 38cm<br>Simple bottom blade adjustment with "click" locking system<br>Maintenance-free cutting cylinder on ball bearings<br>Easy-to-use bar for better ergonomics<br>Smooth-running wheels with special gear reduction for easy pushing','http://www.bosch.com/',0);

INSERT INTO products_to_categories (products_id, categories_id) VALUES (42, 30);

# New Brita Manufacturer

INSERT INTO manufacturers (manufacturers_id, manufacturers_name, manufacturers_image, date_added, last_modified) VALUES (19,'Brita','manufacturer/brita.jpg', now(), null);
INSERT INTO manufacturers_info (manufacturers_id, languages_id, manufacturers_url, url_clicked, date_last_click) VALUES (19, 1, 'http://www.brita.com/', 0, null);
INSERT INTO manufacturers_info (manufacturers_id, languages_id, manufacturers_url, url_clicked, date_last_click) VALUES (19, 2, 'http://www.brita.de/', 0, null);
INSERT INTO manufacturers_info (manufacturers_id, languages_id, manufacturers_url, url_clicked, date_last_click) VALUES (19, 3, 'http://www.brita.es/', 0, null);
INSERT INTO manufacturers_info (manufacturers_id, languages_id, manufacturers_url, url_clicked, date_last_click) VALUES (19, 4, 'http://www.brita.pt', 0, null);

# New Brita Marella XL Water Filter

INSERT INTO products (products_id, products_model, products_price, products_weight, products_status, products_tax_class_id, manufacturers_id, products_quantity, products_ordered, products_date_added, products_date_available) VALUES (43, '219185', 15.19, 1, 1, 1, 19, 100, 0, now(), now());

INSERT INTO products_description (products_id, language_id, products_name, products_description, products_url, products_viewed) VALUES (43, 1, 'Brita Marella XL Water Filter', 'Handy filling orifice in lid for easy filling<br>Electronic cartridge change display: BRITA MEMO<br>Dishwasher-safe up to 50°C (exception: lid)<br>XL version for larger demand, total volume: 3.5 L, filtered water: 2.0 L<br>Including 1x Maxtra cartridge','http://www.brita.com/',0);
INSERT INTO products_description (products_id, language_id, products_name, products_description, products_url, products_viewed) VALUES (43, 2, 'Brita Marella XL Water Filter', 'Handy filling orifice in lid for easy filling<br>Electronic cartridge change display: BRITA MEMO<br>Dishwasher-safe up to 50°C (exception: lid)<br>XL version for larger demand, total volume: 3.5 L, filtered water: 2.0 L<br>Including 1x Maxtra cartridge','http://www.brita.com/',0);
INSERT INTO products_description (products_id, language_id, products_name, products_description, products_url, products_viewed) VALUES (43, 3, 'Brita Marella XL Water Filter', 'Handy filling orifice in lid for easy filling<br>Electronic cartridge change display: BRITA MEMO<br>Dishwasher-safe up to 50°C (exception: lid)<br>XL version for larger demand, total volume: 3.5 L, filtered water: 2.0 L<br>Including 1x Maxtra cartridge','http://www.brita.com/',0);
INSERT INTO products_description (products_id, language_id, products_name, products_description, products_url, products_viewed) VALUES (43, 4, 'Brita Marella XL Water Filter', 'Handy filling orifice in lid for easy filling<br>Electronic cartridge change display: BRITA MEMO<br>Dishwasher-safe up to 50°C (exception: lid)<br>XL version for larger demand, total volume: 3.5 L, filtered water: 2.0 L<br>Including 1x Maxtra cartridge','http://www.brita.com/',0);

INSERT INTO products_to_categories (products_id, categories_id) VALUES (43, 28);

# New Brabantia Manufacturer

INSERT INTO manufacturers (manufacturers_id, manufacturers_name, manufacturers_image, date_added, last_modified) VALUES (20,'Brabantia','manufacturer/brabantia.jpg', now(), null);
INSERT INTO manufacturers_info (manufacturers_id, languages_id, manufacturers_url, url_clicked, date_last_click) VALUES (20, 1, 'http://www.brabantia.com/', 0, null);
INSERT INTO manufacturers_info (manufacturers_id, languages_id, manufacturers_url, url_clicked, date_last_click) VALUES (20, 2, 'http://www.brabantia.de/', 0, null);
INSERT INTO manufacturers_info (manufacturers_id, languages_id, manufacturers_url, url_clicked, date_last_click) VALUES (20, 3, 'http://www.brabantia.es/', 0, null);
INSERT INTO manufacturers_info (manufacturers_id, languages_id, manufacturers_url, url_clicked, date_last_click) VALUES (20, 4, 'http://www.brabantia.pt', 0, null);

# New Brabantia Touch Bin

INSERT INTO products (products_id, products_model, products_price, products_weight, products_status, products_tax_class_id, manufacturers_id, products_quantity, products_ordered, products_date_added, products_date_available) VALUES (44, '424625', 149.49, 7, 1, 1, 20, 100, 0, now(), now());

INSERT INTO products_description (products_id, language_id, products_name, products_description, products_url, products_viewed) VALUES (44, 1, 'Brabantia Touch Bin', 'Brabantia Soft-Touch closure - easy and light operation<br>Unique hinge design - lid opens silently<br>Matching Brabantia bin liners available with tie-tape (size L) - perfect fit and no ugly over wrap<br>Dimensions: height 75.5cm, diameter 37cm, capacity 45 litres<br>10 year guarantee','http://www.brabantia.com/',0);
INSERT INTO products_description (products_id, language_id, products_name, products_description, products_url, products_viewed) VALUES (44, 2, 'Brabantia Touch Bin', 'Brabantia Soft-Touch closure - easy and light operation<br>Unique hinge design - lid opens silently<br>Matching Brabantia bin liners available with tie-tape (size L) - perfect fit and no ugly over wrap<br>Dimensions: height 75.5cm, diameter 37cm, capacity 45 litres<br>10 year guarantee','http://www.brabantia.com/',0);
INSERT INTO products_description (products_id, language_id, products_name, products_description, products_url, products_viewed) VALUES (44, 3, 'Brabantia Touch Bin', 'Brabantia Soft-Touch closure - easy and light operation<br>Unique hinge design - lid opens silently<br>Matching Brabantia bin liners available with tie-tape (size L) - perfect fit and no ugly over wrap<br>Dimensions: height 75.5cm, diameter 37cm, capacity 45 litres<br>10 year guarantee','http://www.brabantia.com/',0);
INSERT INTO products_description (products_id, language_id, products_name, products_description, products_url, products_viewed) VALUES (44, 4, 'Brabantia Touch Bin', 'Brabantia Soft-Touch closure - easy and light operation<br>Unique hinge design - lid opens silently<br>Matching Brabantia bin liners available with tie-tape (size L) - perfect fit and no ugly over wrap<br>Dimensions: height 75.5cm, diameter 37cm, capacity 45 litres<br>10 year guarantee','http://www.brabantia.com/',0);

INSERT INTO products_to_categories (products_id, categories_id) VALUES (44, 28);

# New Samsung Manufacturer

INSERT INTO manufacturers (manufacturers_id, manufacturers_name, manufacturers_image, date_added, last_modified) VALUES (21,'Samsung','manufacturer/samsung.jpg', now(), null);
INSERT INTO manufacturers_info (manufacturers_id, languages_id, manufacturers_url, url_clicked, date_last_click) VALUES (21, 1, 'http://www.samsung.com/', 0, null);
INSERT INTO manufacturers_info (manufacturers_id, languages_id, manufacturers_url, url_clicked, date_last_click) VALUES (21, 2, 'http://www.samsung.de/', 0, null);
INSERT INTO manufacturers_info (manufacturers_id, languages_id, manufacturers_url, url_clicked, date_last_click) VALUES (21, 3, 'http://www.samsung.es/', 0, null);
INSERT INTO manufacturers_info (manufacturers_id, languages_id, manufacturers_url, url_clicked, date_last_click) VALUES (21, 4, 'http://www.samsung.pt', 0, null);

# New Samsung Galaxy S III

INSERT INTO products (products_id, products_model, products_price, products_weight, products_status, products_tax_class_id, manufacturers_id, products_quantity, products_ordered, products_date_added, products_date_available) VALUES (45, 'GALAXYSIII', 589.99, 2, 1, 1, 21, 100, 0, now(), now());

INSERT INTO products_description (products_id, language_id, products_name, products_description, products_url, products_viewed) VALUES (45, 1, 'Galaxy S III', 'Designed for humans<br>Samsung GALAXY S III just gets us. Little things, like staying awake when you look at it and keeping track of loved ones. Designed for humans, it goes beyond smart and fulfills your needs by thinking as you think, acting as you act','http://www.samsung.com/uk/consumer/mobile-devices/smartphones/android/GT-I9300MBDBTU',0);
INSERT INTO products_description (products_id, language_id, products_name, products_description, products_url, products_viewed) VALUES (45, 2, 'Galaxy S III', 'Designed for humans<br>Samsung GALAXY S III just gets us. Little things, like staying awake when you look at it and keeping track of loved ones. Designed for humans, it goes beyond smart and fulfills your needs by thinking as you think, acting as you act','http://www.samsung.com/uk/consumer/mobile-devices/smartphones/android/GT-I9300MBDBTU',0);
INSERT INTO products_description (products_id, language_id, products_name, products_description, products_url, products_viewed) VALUES (45, 3, 'Galaxy S III', 'Designed for humans<br>Samsung GALAXY S III just gets us. Little things, like staying awake when you look at it and keeping track of loved ones. Designed for humans, it goes beyond smart and fulfills your needs by thinking as you think, acting as you act','http://www.samsung.com/uk/consumer/mobile-devices/smartphones/android/GT-I9300MBDBTU',0);
INSERT INTO products_description (products_id, language_id, products_name, products_description, products_url, products_viewed) VALUES (45, 4, 'Galaxy S III', 'Designed for humans<br>Samsung GALAXY S III just gets us. Little things, like staying awake when you look at it and keeping track of loved ones. Designed for humans, it goes beyond smart and fulfills your needs by thinking as you think, acting as you act','http://www.samsung.com/uk/consumer/mobile-devices/smartphones/android/GT-I9300MBDBTU',0);

INSERT INTO products_to_categories (products_id, categories_id) VALUES (45, 27);

# New Samsung Galaxy Ace Plus

INSERT INTO products (products_id, products_model, products_price, products_weight, products_status, products_tax_class_id, manufacturers_id, products_quantity, products_ordered, products_date_added, products_date_available) VALUES (46, 'GT-S7500ABABTU', 289.99, 2, 1, 1, 21, 100, 0, now(), now());

INSERT INTO products_description (products_id, language_id, products_name, products_description, products_url, products_viewed) VALUES (46, 1, 'Galaxy Ace Plus', 'A stylishly designed smartphone contained in a modern and minimalist casing with HVGA display<br>Complete with Samsung''s Social Hub, Music Hub and ChatON services<br>2Gb shared storage capacity for multimedia content and up to 1 Gb of direct storage for applications - more than any smartphone in its category','http://www.samsung.com/uk/consumer/mobile-devices/smartphones/android/GT-S7500ABABTU',0);
INSERT INTO products_description (products_id, language_id, products_name, products_description, products_url, products_viewed) VALUES (46, 2, 'Galaxy Ace Plus', 'A stylishly designed smartphone contained in a modern and minimalist casing with HVGA display<br>Complete with Samsung''s Social Hub, Music Hub and ChatON services<br>2Gb shared storage capacity for multimedia content and up to 1 Gb of direct storage for applications - more than any smartphone in its category','http://www.samsung.com/uk/consumer/mobile-devices/smartphones/android/GT-S7500ABABTU',0);
INSERT INTO products_description (products_id, language_id, products_name, products_description, products_url, products_viewed) VALUES (46, 3, 'Galaxy Ace Plus', 'A stylishly designed smartphone contained in a modern and minimalist casing with HVGA display<br>Complete with Samsung''s Social Hub, Music Hub and ChatON services<br>2Gb shared storage capacity for multimedia content and up to 1 Gb of direct storage for applications - more than any smartphone in its category','http://www.samsung.com/uk/consumer/mobile-devices/smartphones/android/GT-S7500ABABTU',0);
INSERT INTO products_description (products_id, language_id, products_name, products_description, products_url, products_viewed) VALUES (46, 4, 'Galaxy Ace Plus', 'A stylishly designed smartphone contained in a modern and minimalist casing with HVGA display<br>Complete with Samsung''s Social Hub, Music Hub and ChatON services<br>2Gb shared storage capacity for multimedia content and up to 1 Gb of direct storage for applications - more than any smartphone in its category','http://www.samsung.com/uk/consumer/mobile-devices/smartphones/android/GT-S7500ABABTU',0);

INSERT INTO products_to_categories (products_id, categories_id) VALUES (46, 27);

# New iPhone 4S

INSERT INTO products (products_id, products_model, products_price, products_weight, products_status, products_tax_class_id, manufacturers_id, products_quantity, products_ordered, products_date_added, products_date_available) VALUES (47, 'MD242B/A', 899.99, 3, 1, 1, 14, 100, 0, now(), now());

INSERT INTO products_description (products_id, language_id, products_name, products_description, products_url, products_viewed) VALUES (47, 1, 'iPhone 4S', 'Dual-core A5 chip. All-new 8MP camera and optics. iOS 5 and iCloud. Retina 3.5-inch (diagonal) widescreen Multi-Touch display. Fingerprint-resistant oleophobic coating on front and back. It was the most amazing iPhone before the iPhone 5, but still great.','http://www.apple.com/iphone/iphone-4s/specs.html',0);
INSERT INTO products_description (products_id, language_id, products_name, products_description, products_url, products_viewed) VALUES (47, 2, 'iPhone 4S', 'Dual-Core A5 Chip. Alle neuen 8MP Kamera und Optik. iOS 5 und iCloud. Retina 3,5-Zoll (Diagonale) im Breitbildformat Multi-Touch-Display. Fettabweisende Beschichtung auf Vorder-und Rückseite. Es war das schönste iPhone vor dem iPhone 5, aber immer noch groß.','http://www.apple.com/de/iphone/iphone-4s/specs.html',0);
INSERT INTO products_description (products_id, language_id, products_name, products_description, products_url, products_viewed) VALUES (47, 3, 'iPhone 4S', 'Dual-core A5 chip. Todo nueva cámara de 8 megapíxeles y la óptica. iOS 5 y iCloud. Retina de 3,5 pulgadas (en diagonal) widescreen Multi-Touch. Resistente a huellas dactilares Cubierta oleófuga en la parte delantera y trasera. Fue el iPhone más asombroso antes de que el iPhone 5, pero sigue estando fenomenal.','http://www.apple.com/es/iphone/iphone-4s/specs.html',0);
INSERT INTO products_description (products_id, language_id, products_name, products_description, products_url, products_viewed) VALUES (47, 4, 'iPhone 4S', 'Dual-core chip A5. Todos nova câmera de 8MP e óptica. iOS 5 e iCloud. Retina de 3,5 polegadas (diagonal) com tecnologia Multi-Touch widescreen. Fingerprint revestimento resistente oleophobic na frente e atrás. Foi o iPhone mais incrível antes de o iPhone 5, mas ainda grande.','http://www.apple.com/pt/iphone/iphone-4s/specs.html',0);

INSERT INTO products_to_categories (products_id, categories_id) VALUES (47, 27);

# New Sony Manufacturer

INSERT INTO manufacturers (manufacturers_id, manufacturers_name, manufacturers_image, date_added, last_modified) VALUES (22,'Sony','manufacturer/sony.jpg', now(), null);
INSERT INTO manufacturers_info (manufacturers_id, languages_id, manufacturers_url, url_clicked, date_last_click) VALUES (22, 1, 'http://www.sony.com/', 0, null);
INSERT INTO manufacturers_info (manufacturers_id, languages_id, manufacturers_url, url_clicked, date_last_click) VALUES (22, 2, 'http://www.sony.de/', 0, null);
INSERT INTO manufacturers_info (manufacturers_id, languages_id, manufacturers_url, url_clicked, date_last_click) VALUES (22, 3, 'http://www.sony.es/', 0, null);
INSERT INTO manufacturers_info (manufacturers_id, languages_id, manufacturers_url, url_clicked, date_last_click) VALUES (22, 4, 'http://www.sony.pt', 0, null);

# New XPERIA S

INSERT INTO products (products_id, products_model, products_price, products_weight, products_status, products_tax_class_id, manufacturers_id, products_quantity, products_ordered, products_date_added, products_date_available) VALUES (48, '1257-3114', 459.99, 1, 1, 1, 22, 100, 0, now(), now());

INSERT INTO products_description (products_id, language_id, products_name, products_description, products_url, products_viewed) VALUES (48, 1, 'Sony XPERIA S', 'See movies and photos in crisp, clear HD on the large Reality Display with Mobile BRAVIA Engine. The full HD video recording and fast 12MP camera lets you shoot everything in sharp detail, even in low light, and view it on your TV via an HDMI cable. Xperia S is PlayStation Certified, so you can play the perfect game. And you can enjoy millions of songs from Music Unlimited. Or download hit movies from Video Unlimited.','http://www.sonymobile.com/gb/products/phones/xperia-s',0);
INSERT INTO products_description (products_id, language_id, products_name, products_description, products_url, products_viewed) VALUES (48, 2, 'Sony XPERIA S', 'Sehen Sie Filme und Fotos in gestochen scharfe, klare HD auf dem großen Reality Display mit Mobile BRAVIA Engine. Die Full-HD-Video-Aufzeichnung und schnelle 12MP Kamera können Sie schießen alles in scharfe Details, auch bei schwachem Licht, und zeigen Sie sie auf dem Fernseher über ein HDMI-Kabel. Xperia S PlayStation Certified, so können Sie das perfekte Spiel zu spielen. Und Sie können Millionen von Songs aus Music Unlimited genießen. Oder laden Sie hit Filme von Video Unlimited.','http://www.sonymobile.com/gb/products/phones/xperia-s',0);
INSERT INTO products_description (products_id, language_id, products_name, products_description, products_url, products_viewed) VALUES (48, 3, 'Sony XPERIA S', 'Ver películas y fotografías en claro y nítido de alta definición en la pantalla grande Reality con Mobile BRAVIA Engine. La plena grabación de vídeo HD y cámara de 12MP rápido le permite tomar todo con todo detalle, incluso en condiciones de poca luz, y verla en la TV mediante un cable HDMI. Xperia S es PlayStation Certified, para que pueda jugar el juego perfecto. Y usted puede disfrutar de millones de canciones de Music Unlimited. O descargar películas de éxito de Video Unlimited.','http://www.sonymobile.com/gb/products/phones/xperia-s',0);
INSERT INTO products_description (products_id, language_id, products_name, products_description, products_url, products_viewed) VALUES (48, 4, 'Sony XPERIA S', 'Ver filmes e fotos em nítido, HD claro no visor Reality grande com o Mobile BRAVIA Engine. A gravação de vídeo Full HD e câmera de 12MP rápido permite gravar tudo em detalhes nítidos, mesmo em condições de pouca luz, e vê-lo na sua TV através de um cabo HDMI. Xperia S é PlayStation Certified, de modo que você pode jogar o jogo perfeito. E você pode desfrutar de milhões de músicas do Music Unlimited. Ou fazer o download de filmes de sucesso Video Unlimited.','http://www.sonymobile.com/gb/products/phones/xperia-s',0);

INSERT INTO products_to_categories (products_id, categories_id) VALUES (48, 27);

# New Canon Powershot G15

INSERT INTO products (products_id, products_model, products_price, products_weight, products_status, products_tax_class_id, manufacturers_id, products_quantity, products_ordered, products_date_added, products_date_available) VALUES (49, '6350B009', 829.99, 1, 1, 1, 6, 100, 0, now(), now());

INSERT INTO products_description (products_id, language_id, products_name, products_description, products_url, products_viewed) VALUES (49, 1, 'Canon PowerShot G15', 'The fast, bright expert compact<br><br>Equipped for serious photography, the compact PowerShot G15 boasts a bright f/1.8-2.8, 5x zoom lens, fast AF and a high-sensitivity Canon CMOS sensor for capturing superior photos and Full HD movies.','http://www.canon.co.uk/For_Home/Product_Finder/Cameras/Digital_Camera/PowerShot/PowerShot_G15/',0);
INSERT INTO products_description (products_id, language_id, products_name, products_description, products_url, products_viewed) VALUES (49, 2, 'Canon PowerShot G15', 'The fast, bright expert compact<br><br>Equipped for serious photography, the compact PowerShot G15 boasts a bright f/1.8-2.8, 5x zoom lens, fast AF and a high-sensitivity Canon CMOS sensor for capturing superior photos and Full HD movies.','http://www.canon.co.uk/For_Home/Product_Finder/Cameras/Digital_Camera/PowerShot/PowerShot_G15/',0);
INSERT INTO products_description (products_id, language_id, products_name, products_description, products_url, products_viewed) VALUES (49, 3, 'Canon PowerShot G15', 'The fast, bright expert compact<br><br>Equipped for serious photography, the compact PowerShot G15 boasts a bright f/1.8-2.8, 5x zoom lens, fast AF and a high-sensitivity Canon CMOS sensor for capturing superior photos and Full HD movies.','http://www.canon.co.uk/For_Home/Product_Finder/Cameras/Digital_Camera/PowerShot/PowerShot_G15/',0);
INSERT INTO products_description (products_id, language_id, products_name, products_description, products_url, products_viewed) VALUES (49, 4, 'Canon PowerShot G15', 'The fast, bright expert compact<br><br>Equipped for serious photography, the compact PowerShot G15 boasts a bright f/1.8-2.8, 5x zoom lens, fast AF and a high-sensitivity Canon CMOS sensor for capturing superior photos and Full HD movies.','http://www.canon.co.uk/For_Home/Product_Finder/Cameras/Digital_Camera/PowerShot/PowerShot_G15/',0);

INSERT INTO products_to_categories (products_id, categories_id) VALUES (49, 25);

# New Samsung MV800

INSERT INTO products (products_id, products_model, products_price, products_weight, products_status, products_tax_class_id, manufacturers_id, products_quantity, products_ordered, products_date_added, products_date_available) VALUES (50, '6350B009', 189.99, 1, 1, 1, 21, 100, 0, now(), now());

INSERT INTO products_description (products_id, language_id, products_name, products_description, products_url, products_viewed) VALUES (50, 1, 'Samsung MV800 Digital Camera', 'The Flip-out Display - Life, from all angles<br><br>Easily capture your unique perspective. The MV800s 3.0" Display flips up and down so you can frame shots at any angle without having to twist your body or bend your back. Snap a high-angle shot over a crowd to effortlessly capture a street performance, or get waist-level candids of your dog. Take low angle shots without getting on the ground, or spin the display all the way around for dazzling self-portraits.The LCD lets you stand the camera so everyone can enjoy from a comfortable position. Lifes more fun when you can cover all the angles.','http://www.samsung.com/uk/consumer/camera-camcorder/cameras/compact/EC-MV800ZBPBGB',0);
INSERT INTO products_description (products_id, language_id, products_name, products_description, products_url, products_viewed) VALUES (50, 2, 'Samsung MV800 Digital Camera', 'The Flip-out Display - Life, from all angles<br><br>Easily capture your unique perspective. The MV800s 3.0" Display flips up and down so you can frame shots at any angle without having to twist your body or bend your back. Snap a high-angle shot over a crowd to effortlessly capture a street performance, or get waist-level candids of your dog. Take low angle shots without getting on the ground, or spin the display all the way around for dazzling self-portraits.The LCD lets you stand the camera so everyone can enjoy from a comfortable position. Lifes more fun when you can cover all the angles.','http://www.samsung.com/uk/consumer/camera-camcorder/cameras/compact/EC-MV800ZBPBGB',0);
INSERT INTO products_description (products_id, language_id, products_name, products_description, products_url, products_viewed) VALUES (50, 3, 'Samsung MV800 Digital Camera', 'The Flip-out Display - Life, from all angles<br><br>Easily capture your unique perspective. The MV800s 3.0" Display flips up and down so you can frame shots at any angle without having to twist your body or bend your back. Snap a high-angle shot over a crowd to effortlessly capture a street performance, or get waist-level candids of your dog. Take low angle shots without getting on the ground, or spin the display all the way around for dazzling self-portraits.The LCD lets you stand the camera so everyone can enjoy from a comfortable position. Lifes more fun when you can cover all the angles.','http://www.samsung.com/uk/consumer/camera-camcorder/cameras/compact/EC-MV800ZBPBGB',0);
INSERT INTO products_description (products_id, language_id, products_name, products_description, products_url, products_viewed) VALUES (50, 4, 'Samsung MV800 Digital Camera', 'The Flip-out Display - Life, from all angles<br><br>Easily capture your unique perspective. The MV800s 3.0" Display flips up and down so you can frame shots at any angle without having to twist your body or bend your back. Snap a high-angle shot over a crowd to effortlessly capture a street performance, or get waist-level candids of your dog. Take low angle shots without getting on the ground, or spin the display all the way around for dazzling self-portraits.The LCD lets you stand the camera so everyone can enjoy from a comfortable position. Lifes more fun when you can cover all the angles.','http://www.samsung.com/uk/consumer/camera-camcorder/cameras/compact/EC-MV800ZBPBGB',0);

INSERT INTO products_to_categories (products_id, categories_id) VALUES (50, 25);

# New Canon Powershot SX40

INSERT INTO products (products_id, products_model, products_price, products_weight, products_status, products_tax_class_id, manufacturers_id, products_quantity, products_ordered, products_date_added, products_date_available) VALUES (51, '5251B011AA', 439.99, 1, 1, 1, 6, 100, 0, now(), now());

INSERT INTO products_description (products_id, language_id, products_name, products_description, products_url, products_viewed) VALUES (51, 1, 'Canon PowerShot SX40', 'Go far, get closer with 35x zoom<br><br>Get closer with the PowerShot SX40 HS. An ultra-wide 35x optical zoom, great low light results of the HS System, Full HD and high-speed shooting make this the travel powerhouse for those who want it all.<br>35x ultra wide-angle zoom with USM<br>Image Stabilizer (4.5-stop). Intelligent IS<br>HS System (12.1 MP) with DIGIC 5<br>Full HD, HDMI','http://www.canon.co.uk/For_Home/Product_Finder/Cameras/Digital_Camera/PowerShot/PowerShot_SX40_HS/',0);
INSERT INTO products_description (products_id, language_id, products_name, products_description, products_url, products_viewed) VALUES (51, 2, 'Canon PowerShot SX40', 'Go far, get closer with 35x zoom<br><br>Get closer with the PowerShot SX40 HS. An ultra-wide 35x optical zoom, great low light results of the HS System, Full HD and high-speed shooting make this the travel powerhouse for those who want it all.<br>35x ultra wide-angle zoom with USM<br>Image Stabilizer (4.5-stop). Intelligent IS<br>HS System (12.1 MP) with DIGIC 5<br>Full HD, HDMI','http://www.canon.co.uk/For_Home/Product_Finder/Cameras/Digital_Camera/PowerShot/PowerShot_SX40_HS/',0);
INSERT INTO products_description (products_id, language_id, products_name, products_description, products_url, products_viewed) VALUES (51, 3, 'Canon PowerShot SX40', 'Go far, get closer with 35x zoom<br><br>Get closer with the PowerShot SX40 HS. An ultra-wide 35x optical zoom, great low light results of the HS System, Full HD and high-speed shooting make this the travel powerhouse for those who want it all.<br>35x ultra wide-angle zoom with USM<br>Image Stabilizer (4.5-stop). Intelligent IS<br>HS System (12.1 MP) with DIGIC 5<br>Full HD, HDMI','http://www.canon.co.uk/For_Home/Product_Finder/Cameras/Digital_Camera/PowerShot/PowerShot_SX40_HS/',0);
INSERT INTO products_description (products_id, language_id, products_name, products_description, products_url, products_viewed) VALUES (51, 4, 'Canon PowerShot SX40', 'Go far, get closer with 35x zoom<br><br>Get closer with the PowerShot SX40 HS. An ultra-wide 35x optical zoom, great low light results of the HS System, Full HD and high-speed shooting make this the travel powerhouse for those who want it all.<br>35x ultra wide-angle zoom with USM<br>Image Stabilizer (4.5-stop). Intelligent IS<br>HS System (12.1 MP) with DIGIC 5<br>Full HD, HDMI','http://www.canon.co.uk/For_Home/Product_Finder/Cameras/Digital_Camera/PowerShot/PowerShot_SX40_HS/',0);

INSERT INTO products_to_categories (products_id, categories_id) VALUES (51, 25);

# New Nikon Manufacturer

INSERT INTO manufacturers (manufacturers_id, manufacturers_name, manufacturers_image, date_added, last_modified) VALUES (23, 'Nikon', 'manufacturer/nikon.jpg', now(), null);
INSERT INTO manufacturers_info (manufacturers_id, languages_id, manufacturers_url, url_clicked, date_last_click) VALUES (23, 1, 'http://www.nikon.com/', 0, null);
INSERT INTO manufacturers_info (manufacturers_id, languages_id, manufacturers_url, url_clicked, date_last_click) VALUES (23, 2, 'http://www.nikon.de/', 0, null);
INSERT INTO manufacturers_info (manufacturers_id, languages_id, manufacturers_url, url_clicked, date_last_click) VALUES (23, 3, 'http://www.nikon.es/', 0, null);
INSERT INTO manufacturers_info (manufacturers_id, languages_id, manufacturers_url, url_clicked, date_last_click) VALUES (23, 4, 'http://www.nikon.pt', 0, null);

# New Nikon COOLPIX L810

INSERT INTO products (products_id, products_model, products_price, products_weight, products_status, products_tax_class_id, manufacturers_id, products_quantity, products_ordered, products_date_added, products_date_available) VALUES (52, 'L810', 279.99, 1, 1, 1, 23, 100, 0, now(), now());

INSERT INTO products_description (products_id, language_id, products_name, products_description, products_url, products_viewed) VALUES (52, 1, 'Nikon COOLPIX L810', 'The Nikon COOLPIX L810 - Stabilised 26x zoom, compact and user-friendly<br><br>This compact camera lets curious photographers get up close from anywhere with the incredible Nikon COOLPIX NIKKOR 26x optical zoom lens (22.5mm  585mm). Taking the perfect picture is made simple with Easy Auto mode which takes care of all the camera settings. For super-sharp shots it has Nikon''s clever anti-blur technology and a side zoom lever to help keep a steady hand.','http://www.nikonusa.com/en/Nikon-Products/Product/Compact-Digital-Cameras/26294/COOLPIX-L810.html',0);
INSERT INTO products_description (products_id, language_id, products_name, products_description, products_url, products_viewed) VALUES (52, 2, 'Nikon COOLPIX L810', 'The Nikon COOLPIX L810 - Stabilised 26x zoom, compact and user-friendly<br><br>This compact camera lets curious photographers get up close from anywhere with the incredible Nikon COOLPIX NIKKOR 26x optical zoom lens (22.5mm  585mm). Taking the perfect picture is made simple with Easy Auto mode which takes care of all the camera settings. For super-sharp shots it has Nikon''s clever anti-blur technology and a side zoom lever to help keep a steady hand.','http://www.nikonusa.com/en/Nikon-Products/Product/Compact-Digital-Cameras/26294/COOLPIX-L810.html',0);
INSERT INTO products_description (products_id, language_id, products_name, products_description, products_url, products_viewed) VALUES (52, 3, 'Nikon COOLPIX L810', 'The Nikon COOLPIX L810 - Stabilised 26x zoom, compact and user-friendly<br><br>This compact camera lets curious photographers get up close from anywhere with the incredible Nikon COOLPIX NIKKOR 26x optical zoom lens (22.5mm  585mm). Taking the perfect picture is made simple with Easy Auto mode which takes care of all the camera settings. For super-sharp shots it has Nikon''s clever anti-blur technology and a side zoom lever to help keep a steady hand.','http://www.nikonusa.com/en/Nikon-Products/Product/Compact-Digital-Cameras/26294/COOLPIX-L810.html',0);
INSERT INTO products_description (products_id, language_id, products_name, products_description, products_url, products_viewed) VALUES (52, 4, 'Nikon COOLPIX L810', 'The Nikon COOLPIX L810 - Stabilised 26x zoom, compact and user-friendly<br><br>This compact camera lets curious photographers get up close from anywhere with the incredible Nikon COOLPIX NIKKOR 26x optical zoom lens (22.5mm  585mm). Taking the perfect picture is made simple with Easy Auto mode which takes care of all the camera settings. For super-sharp shots it has Nikon''s clever anti-blur technology and a side zoom lever to help keep a steady hand.','http://www.nikonusa.com/en/Nikon-Products/Product/Compact-Digital-Cameras/26294/COOLPIX-L810.html',0);

INSERT INTO products_to_categories (products_id, categories_id) VALUES (52, 25);

# New Nikon D5100 Digital SLR

INSERT INTO products (products_id, products_model, products_price, products_weight, products_status, products_tax_class_id, manufacturers_id, products_quantity, products_ordered, products_date_added, products_date_available) VALUES (53, '25478', 849.99, 1, 1, 1, 23, 100, 0, now(), now());

INSERT INTO products_description (products_id, language_id, products_name, products_description, products_url, products_viewed) VALUES (53, 1, 'Nikon D5100 SLR', 'The Nikon D5100 and its included AF-S 18-55mm VR lens offer a host of new photographic and video tools including a 16.2 MP DX-format CMOS sensor, 4 fps continuous shooting and breathtaking Full 1080p HD Movies with full time autofocus.','http://www.nikonusa.com/en/Nikon-Products/Product/Digital-SLR-Cameras/25478/D5100.html',0);
INSERT INTO products_description (products_id, language_id, products_name, products_description, products_url, products_viewed) VALUES (53, 2, 'Nikon D5100 SLR', 'The Nikon D5100 and its included AF-S 18-55mm VR lens offer a host of new photographic and video tools including a 16.2 MP DX-format CMOS sensor, 4 fps continuous shooting and breathtaking Full 1080p HD Movies with full time autofocus.','http://www.nikonusa.com/en/Nikon-Products/Product/Digital-SLR-Cameras/25478/D5100.html',0);
INSERT INTO products_description (products_id, language_id, products_name, products_description, products_url, products_viewed) VALUES (53, 3, 'Nikon D5100 SLR', 'The Nikon D5100 and its included AF-S 18-55mm VR lens offer a host of new photographic and video tools including a 16.2 MP DX-format CMOS sensor, 4 fps continuous shooting and breathtaking Full 1080p HD Movies with full time autofocus.','http://www.nikonusa.com/en/Nikon-Products/Product/Digital-SLR-Cameras/25478/D5100.html',0);
INSERT INTO products_description (products_id, language_id, products_name, products_description, products_url, products_viewed) VALUES (53, 4, 'Nikon D5100 SLR', 'The Nikon D5100 and its included AF-S 18-55mm VR lens offer a host of new photographic and video tools including a 16.2 MP DX-format CMOS sensor, 4 fps continuous shooting and breathtaking Full 1080p HD Movies with full time autofocus.','http://www.nikonusa.com/en/Nikon-Products/Product/Digital-SLR-Cameras/25478/D5100.html',0);

INSERT INTO products_to_categories (products_id, categories_id) VALUES (53, 25);

# New Nikon 1 J2 Compact

INSERT INTO products (products_id, products_model, products_price, products_weight, products_status, products_tax_class_id, manufacturers_id, products_quantity, products_ordered, products_date_added, products_date_available) VALUES (54, '27577', 549.95, 1, 1, 1, 23, 100, 0, now(), now());

INSERT INTO products_description (products_id, language_id, products_name, products_description, products_url, products_viewed) VALUES (54, 1, 'Nikon 1 J2 Compact', 'Create your most exciting photos and HD videos yet.<br><br>Capture all the wonderful moments of your life in the brilliance they deserve. The Nikon 1 J2 will inspire your creativity to new heights with fun, artistic in-camera effects, an ultra-high-resolution display for framing and sharing your shots, enhanced controls and the remarkable speed, precision, low-light performance and stylish, compact design that has made the Nikon 1 system so popular. Discover a new passion for creative photography.','http://www.nikonusa.com/en/Nikon-Products/Product/Nikon1/V27573.27573/Nikon-1-J2.html',0);
INSERT INTO products_description (products_id, language_id, products_name, products_description, products_url, products_viewed) VALUES (54, 2, 'Nikon 1 J2 Compact', 'Create your most exciting photos and HD videos yet.<br><br>Capture all the wonderful moments of your life in the brilliance they deserve. The Nikon 1 J2 will inspire your creativity to new heights with fun, artistic in-camera effects, an ultra-high-resolution display for framing and sharing your shots, enhanced controls and the remarkable speed, precision, low-light performance and stylish, compact design that has made the Nikon 1 system so popular. Discover a new passion for creative photography.','http://www.nikonusa.com/en/Nikon-Products/Product/Nikon1/V27573.27573/Nikon-1-J2.html',0);
INSERT INTO products_description (products_id, language_id, products_name, products_description, products_url, products_viewed) VALUES (54, 3, 'Nikon 1 J2 Compact', 'Create your most exciting photos and HD videos yet.<br><br>Capture all the wonderful moments of your life in the brilliance they deserve. The Nikon 1 J2 will inspire your creativity to new heights with fun, artistic in-camera effects, an ultra-high-resolution display for framing and sharing your shots, enhanced controls and the remarkable speed, precision, low-light performance and stylish, compact design that has made the Nikon 1 system so popular. Discover a new passion for creative photography.','http://www.nikonusa.com/en/Nikon-Products/Product/Nikon1/V27573.27573/Nikon-1-J2.html',0);
INSERT INTO products_description (products_id, language_id, products_name, products_description, products_url, products_viewed) VALUES (54, 4, 'Nikon 1 J2 Compact', 'Create your most exciting photos and HD videos yet.<br><br>Capture all the wonderful moments of your life in the brilliance they deserve. The Nikon 1 J2 will inspire your creativity to new heights with fun, artistic in-camera effects, an ultra-high-resolution display for framing and sharing your shots, enhanced controls and the remarkable speed, precision, low-light performance and stylish, compact design that has made the Nikon 1 system so popular. Discover a new passion for creative photography.','http://www.nikonusa.com/en/Nikon-Products/Product/Nikon1/V27573.27573/Nikon-1-J2.html',0);

INSERT INTO products_to_categories (products_id, categories_id) VALUES (54, 25);

# New Newgate Manufacturer

INSERT INTO manufacturers (manufacturers_id, manufacturers_name, manufacturers_image, date_added, last_modified) VALUES (24,'Newgate','manufacturer/newgate.jpg', now(), null);
INSERT INTO manufacturers_info (manufacturers_id, languages_id, manufacturers_url, url_clicked, date_last_click) VALUES (24, 1, 'http://www.newgateclocks.com/', 0, null);
INSERT INTO manufacturers_info (manufacturers_id, languages_id, manufacturers_url, url_clicked, date_last_click) VALUES (24, 2, 'http://www.newgateclocks.com/', 0, null);
INSERT INTO manufacturers_info (manufacturers_id, languages_id, manufacturers_url, url_clicked, date_last_click) VALUES (24, 3, 'http://www.newgateclocks.com/', 0, null);
INSERT INTO manufacturers_info (manufacturers_id, languages_id, manufacturers_url, url_clicked, date_last_click) VALUES (24, 4, 'http://www.newgateclocks.com/', 0, null);

# New Newgate Ministry Clock

INSERT INTO products (products_id, products_model, products_price, products_weight, products_status, products_tax_class_id, manufacturers_id, products_quantity, products_ordered, products_date_added, products_date_available) VALUES (55, 'MINISTRY', 83.99, 2, 1, 1, 24, 100, 0, now(), now());

INSERT INTO products_description (products_id, language_id, products_name, products_description, products_url, products_viewed) VALUES (55, 1, 'Ministry Clock', 'Inspiration for this design came from the vintage enamel signage that was once found in stations and shops, but are now only found in flea markets.','http://www.newgateclocks.com/store/Wall-Clocks/min203ar.asp?sn=1',0);
INSERT INTO products_description (products_id, language_id, products_name, products_description, products_url, products_viewed) VALUES (55, 2, 'Ministry Clock', 'Inspiration for this design came from the vintage enamel signage that was once found in stations and shops, but are now only found in flea markets.','http://www.newgateclocks.com/store/Wall-Clocks/min203ar.asp?sn=1',0);
INSERT INTO products_description (products_id, language_id, products_name, products_description, products_url, products_viewed) VALUES (55, 3, 'Ministry Clock', 'Inspiration for this design came from the vintage enamel signage that was once found in stations and shops, but are now only found in flea markets.','http://www.newgateclocks.com/store/Wall-Clocks/min203ar.asp?sn=1',0);
INSERT INTO products_description (products_id, language_id, products_name, products_description, products_url, products_viewed) VALUES (55, 4, 'Ministry Clock', 'Inspiration for this design came from the vintage enamel signage that was once found in stations and shops, but are now only found in flea markets.','http://www.newgateclocks.com/store/Wall-Clocks/min203ar.asp?sn=1',0);

INSERT INTO products_to_categories (products_id, categories_id) VALUES (55, 29);

# New Newgate 60s Starburst Clock

INSERT INTO products (products_id, products_model, products_price, products_weight, products_status, products_tax_class_id, manufacturers_id, products_quantity, products_ordered, products_date_added, products_date_available) VALUES (56, 'PLUTOG', 133.99, 2, 1, 1, 24, 100, 0, now(), now());

INSERT INTO products_description (products_id, language_id, products_name, products_description, products_url, products_viewed) VALUES (56, 1, '60s Pluto Starburst Clock', 'You can have sun shine in your room 24/7 with our eye-catching Pluto Starburst Clock. It has been a few decades since the originals first made an appearance but our nostalgic Pluto is still going strong and as popular as ever!','http://www.newgateclocks.com/store/Wall-Clocks/plutog.asp?sn=2',0);
INSERT INTO products_description (products_id, language_id, products_name, products_description, products_url, products_viewed) VALUES (56, 2, '60s Pluto Starburst Clock', 'You can have sun shine in your room 24/7 with our eye-catching Pluto Starburst Clock. It has been a few decades since the originals first made an appearance but our nostalgic Pluto is still going strong and as popular as ever!','http://www.newgateclocks.com/store/Wall-Clocks/plutog.asp?sn=2',0);
INSERT INTO products_description (products_id, language_id, products_name, products_description, products_url, products_viewed) VALUES (56, 3, '60s Pluto Starburst Clock', 'You can have sun shine in your room 24/7 with our eye-catching Pluto Starburst Clock. It has been a few decades since the originals first made an appearance but our nostalgic Pluto is still going strong and as popular as ever!','http://www.newgateclocks.com/store/Wall-Clocks/plutog.asp?sn=2',0);
INSERT INTO products_description (products_id, language_id, products_name, products_description, products_url, products_viewed) VALUES (56, 4, '60s Pluto Starburst Clock', 'You can have sun shine in your room 24/7 with our eye-catching Pluto Starburst Clock. It has been a few decades since the originals first made an appearance but our nostalgic Pluto is still going strong and as popular as ever!','http://www.newgateclocks.com/store/Wall-Clocks/plutog.asp?sn=2',0);

INSERT INTO products_to_categories (products_id, categories_id) VALUES (56, 29);

# New Newgate Vision Clock

INSERT INTO products (products_id, products_model, products_price, products_weight, products_status, products_tax_class_id, manufacturers_id, products_quantity, products_ordered, products_date_added, products_date_available) VALUES (57, 'PLUTOG', 79.99, 2, 1, 1, 24, 100, 0, now(), now());

INSERT INTO products_description (products_id, language_id, products_name, products_description, products_url, products_viewed) VALUES (57, 1, 'Vision Clock', 'You can''t miss this clock when its in pride of place on the wall. Its striking bold acrylic numbers, chrome spokes and bold metal hands, make The Vision a vintage, retro, iconic and contemporary timepiece all rolled into one!','http://www.newgateclocks.com/store/Wall-Clocks/visionk.asp?sn=1',0);
INSERT INTO products_description (products_id, language_id, products_name, products_description, products_url, products_viewed) VALUES (57, 2, 'Vision Clock', 'You can''t miss this clock when its in pride of place on the wall. Its striking bold acrylic numbers, chrome spokes and bold metal hands, make The Vision a vintage, retro, iconic and contemporary timepiece all rolled into one!','http://www.newgateclocks.com/store/Wall-Clocks/visionk.asp?sn=1',0);
INSERT INTO products_description (products_id, language_id, products_name, products_description, products_url, products_viewed) VALUES (57, 3, 'Vision Clock', 'You can''t miss this clock when its in pride of place on the wall. Its striking bold acrylic numbers, chrome spokes and bold metal hands, make The Vision a vintage, retro, iconic and contemporary timepiece all rolled into one!','http://www.newgateclocks.com/store/Wall-Clocks/visionk.asp?sn=1',0);
INSERT INTO products_description (products_id, language_id, products_name, products_description, products_url, products_viewed) VALUES (57, 4, 'Vision Clock', 'You can''t miss this clock when its in pride of place on the wall. Its striking bold acrylic numbers, chrome spokes and bold metal hands, make The Vision a vintage, retro, iconic and contemporary timepiece all rolled into one!','http://www.newgateclocks.com/store/Wall-Clocks/visionk.asp?sn=1',0);

INSERT INTO products_to_categories (products_id, categories_id) VALUES (57, 29);

# New Office 2010 Software
  
INSERT INTO products (products_id, products_model, products_price, products_weight, products_status, products_tax_class_id, manufacturers_id, products_quantity, products_ordered, products_date_added, products_date_available) VALUES (58, 'OFFHOMESTUD', 159.99, 6, 1, 1, 2, 100, 0, now(), now());

INSERT INTO products_description (products_id, language_id, products_name, products_description, products_url, products_viewed) VALUES (58, 1, 'Office Home and Student 2010', 'With Microsoft Office Home and Student 2010, you and your kids can create great schoolwork and home projects from multi-page bibliographies to multimedia presentations. Capture ideas and set them apart with video-editing features and dynamic text effects. Then easily collaborate with classmates without being face-to-face thanks to new Web Apps tools. The results go well beyond expectations with a little inspiration, a lot of creativity and Office Home and Student 2010.','http://windows.microsoft.com/',0);
INSERT INTO products_description (products_id, language_id, products_name, products_description, products_url, products_viewed) VALUES (58, 2, 'Office Home and Student 2010', 'With Microsoft Office Home and Student 2010, you and your kids can create great schoolwork and home projects from multi-page bibliographies to multimedia presentations. Capture ideas and set them apart with video-editing features and dynamic text effects. Then easily collaborate with classmates without being face-to-face thanks to new Web Apps tools. The results go well beyond expectations with a little inspiration, a lot of creativity and Office Home and Student 2010.','http://windows.microsoft.com/',0);
INSERT INTO products_description (products_id, language_id, products_name, products_description, products_url, products_viewed) VALUES (58, 3, 'Office Home and Student 2010', 'With Microsoft Office Home and Student 2010, you and your kids can create great schoolwork and home projects from multi-page bibliographies to multimedia presentations. Capture ideas and set them apart with video-editing features and dynamic text effects. Then easily collaborate with classmates without being face-to-face thanks to new Web Apps tools. The results go well beyond expectations with a little inspiration, a lot of creativity and Office Home and Student 2010.','http://windows.microsoft.com/',0);
INSERT INTO products_description (products_id, language_id, products_name, products_description, products_url, products_viewed) VALUES (58, 4, 'Office Home and Student 2010', 'With Microsoft Office Home and Student 2010, you and your kids can create great schoolwork and home projects from multi-page bibliographies to multimedia presentations. Capture ideas and set them apart with video-editing features and dynamic text effects. Then easily collaborate with classmates without being face-to-face thanks to new Web Apps tools. The results go well beyond expectations with a little inspiration, a lot of creativity and Office Home and Student 2010.','http://windows.microsoft.com/',0);

INSERT INTO products_to_categories (products_id, categories_id) VALUES (58, 22);

# New Bosch MUM48R1 Food Processor

INSERT INTO products (products_id, products_model, products_price, products_weight, products_status, products_tax_class_id, manufacturers_id, products_quantity, products_ordered, products_date_added, products_date_available) VALUES (59, 'SL500', 199.49, 5, 1, 1, 17, 100, 0, now(), now());

INSERT INTO products_description (products_id, language_id, products_name, products_description, products_url, products_viewed) VALUES (59, 1, 'MUM48R1 Food Processor', 'The Bosch MUM48R1 is an irreplaceable kitchen appliance with a clever product design and great range of accessories. The appliance can handle everything from kneading, mixing, slicing, grating as well as a whole host of other tasks that any home chef could need! The 600W power can be set to 4 different levels depending on the specific food or recipe. A food processor is the ideal solution for saving space in the kitchen, and the Bosch MUM48R1 is perfect for performing a wide variety of tasks in a very limited space. The appliance can be easily cleaned after use.','http://www.bosch-home.co.uk/store/category/food_preparation/food_preparation_food_mixers',0);
INSERT INTO products_description (products_id, language_id, products_name, products_description, products_url, products_viewed) VALUES (59, 2, 'MUM48R1 Food Processor', 'The Bosch MUM48R1 is an irreplaceable kitchen appliance with a clever product design and great range of accessories. The appliance can handle everything from kneading, mixing, slicing, grating as well as a whole host of other tasks that any home chef could need! The 600W power can be set to 4 different levels depending on the specific food or recipe. A food processor is the ideal solution for saving space in the kitchen, and the Bosch MUM48R1 is perfect for performing a wide variety of tasks in a very limited space. The appliance can be easily cleaned after use.','http://www.bosch-home.co.uk/store/category/food_preparation/food_preparation_food_mixers',0);
INSERT INTO products_description (products_id, language_id, products_name, products_description, products_url, products_viewed) VALUES (59, 3, 'MUM48R1 Food Processor', 'The Bosch MUM48R1 is an irreplaceable kitchen appliance with a clever product design and great range of accessories. The appliance can handle everything from kneading, mixing, slicing, grating as well as a whole host of other tasks that any home chef could need! The 600W power can be set to 4 different levels depending on the specific food or recipe. A food processor is the ideal solution for saving space in the kitchen, and the Bosch MUM48R1 is perfect for performing a wide variety of tasks in a very limited space. The appliance can be easily cleaned after use.','http://www.bosch-home.co.uk/store/category/food_preparation/food_preparation_food_mixers',0);
INSERT INTO products_description (products_id, language_id, products_name, products_description, products_url, products_viewed) VALUES (59, 4, 'MUM48R1 Food Processor', 'The Bosch MUM48R1 is an irreplaceable kitchen appliance with a clever product design and great range of accessories. The appliance can handle everything from kneading, mixing, slicing, grating as well as a whole host of other tasks that any home chef could need! The 600W power can be set to 4 different levels depending on the specific food or recipe. A food processor is the ideal solution for saving space in the kitchen, and the Bosch MUM48R1 is perfect for performing a wide variety of tasks in a very limited space. The appliance can be easily cleaned after use.','http://www.bosch-home.co.uk/store/category/food_preparation/food_preparation_food_mixers',0);

INSERT INTO products_to_categories (products_id, categories_id) VALUES (59, 28);

# New Apple iPad with Retina Display

INSERT INTO products (products_id, products_model, products_price, products_weight, products_status, products_tax_class_id, manufacturers_id, products_quantity, products_ordered, products_date_added, products_date_available) VALUES (60, 'IPADRET', 599.99, 2, 1, 1, 14, 100, 0, now(), now());

INSERT INTO products_description (products_id, language_id, products_name, products_description, products_url, products_viewed) VALUES (60, 1, 'iPad', 'Pick up the iPad with Retina display and suddenly, it''s clear. You''re actually touching your photos, reading a book, playing the piano. Nothing comes between you and what you love. That''s because the fundamental elements of iPad  the display, the processor, the cameras, the wireless connection  all work together to create the best possible experience. And they make iPad capable of so much more than you ever imagined.', 'http://www.apple.com/uk/ipad/features/',0);
INSERT INTO products_description (products_id, language_id, products_name, products_description, products_url, products_viewed) VALUES (60, 2, 'iPad', 'Pick up the iPad with Retina display and suddenly, it''s clear. You''re actually touching your photos, reading a book, playing the piano. Nothing comes between you and what you love. That''s because the fundamental elements of iPad  the display, the processor, the cameras, the wireless connection  all work together to create the best possible experience. And they make iPad capable of so much more than you ever imagined.', 'http://www.apple.com/uk/ipad/features/',0);
INSERT INTO products_description (products_id, language_id, products_name, products_description, products_url, products_viewed) VALUES (60, 3, 'iPad', 'Pick up the iPad with Retina display and suddenly, it''s clear. You''re actually touching your photos, reading a book, playing the piano. Nothing comes between you and what you love. That''s because the fundamental elements of iPad  the display, the processor, the cameras, the wireless connection  all work together to create the best possible experience. And they make iPad capable of so much more than you ever imagined.', 'http://www.apple.com/uk/ipad/features/',0);
INSERT INTO products_description (products_id, language_id, products_name, products_description, products_url, products_viewed) VALUES (60, 4, 'iPad', 'Pick up the iPad with Retina display and suddenly, it''s clear. You''re actually touching your photos, reading a book, playing the piano. Nothing comes between you and what you love. That''s because the fundamental elements of iPad  the display, the processor, the cameras, the wireless connection  all work together to create the best possible experience. And they make iPad capable of so much more than you ever imagined.', 'http://www.apple.com/uk/ipad/features/',0);

INSERT INTO products_to_categories (products_id, categories_id) VALUES (60, 26);

# New Samsung Galaxy Tab 2

INSERT INTO products (products_id, products_model, products_price, products_weight, products_status, products_tax_class_id, manufacturers_id, products_quantity, products_ordered, products_date_added, products_date_available) VALUES (61, 'GALTAB2', 549.99, 2, 1, 1, 21, 100, 0, now(), now());

INSERT INTO products_description (products_id, language_id, products_name, products_description, products_url, products_viewed) VALUES (61, 1, 'Galaxy Tab 2', 'Experience more possibilities on the go with the Samsung Galaxy Tab 10.1. Light and thin and packed with a powerful performance. Supported by the latest Android 4.0 Ice Cream Sandwich operating system, which has been designed specifically for tablet use, everything from the 3D graphics to the latest apps will capture your imagination. It also features Touch Wiz 4.0 for effortless and intuitive multitasking.', 'http://www.samsung.com/global/microsite/galaxytab2/',0);
INSERT INTO products_description (products_id, language_id, products_name, products_description, products_url, products_viewed) VALUES (61, 2, 'Galaxy Tab 2', 'Experience more possibilities on the go with the Samsung Galaxy Tab 10.1. Light and thin and packed with a powerful performance. Supported by the latest Android 4.0 Ice Cream Sandwich operating system, which has been designed specifically for tablet use, everything from the 3D graphics to the latest apps will capture your imagination. It also features Touch Wiz 4.0 for effortless and intuitive multitasking.', 'http://www.samsung.com/global/microsite/galaxytab2/',0);
INSERT INTO products_description (products_id, language_id, products_name, products_description, products_url, products_viewed) VALUES (61, 3, 'Galaxy Tab 2', 'Experience more possibilities on the go with the Samsung Galaxy Tab 10.1. Light and thin and packed with a powerful performance. Supported by the latest Android 4.0 Ice Cream Sandwich operating system, which has been designed specifically for tablet use, everything from the 3D graphics to the latest apps will capture your imagination. It also features Touch Wiz 4.0 for effortless and intuitive multitasking.', 'http://www.samsung.com/global/microsite/galaxytab2/',0);
INSERT INTO products_description (products_id, language_id, products_name, products_description, products_url, products_viewed) VALUES (61, 4, 'Galaxy Tab 2', 'Experience more possibilities on the go with the Samsung Galaxy Tab 10.1. Light and thin and packed with a powerful performance. Supported by the latest Android 4.0 Ice Cream Sandwich operating system, which has been designed specifically for tablet use, everything from the 3D graphics to the latest apps will capture your imagination. It also features Touch Wiz 4.0 for effortless and intuitive multitasking.', 'http://www.samsung.com/global/microsite/galaxytab2/',0);

INSERT INTO products_to_categories (products_id, categories_id) VALUES (61, 26);

# New Weather Station clock

INSERT INTO products (products_id, products_model, products_price, products_weight, products_status, products_tax_class_id, manufacturers_id, products_quantity, products_ordered, products_date_added, products_date_available) VALUES (62, 'B000H1QSJY', 21.99, 5, 1, 1, 16, 100, 0, now(), now());

INSERT INTO products_description (products_id, language_id, products_name, products_description, products_url, products_viewed) VALUES (62, 1, 'Weather Station Clock', 'Stylish clock featuring hygrometer (humidity) and thermometer dials and sweeping second hand. Aluminium rim. 30.5cm diameter. Retail box.','http://www.eddingtons.co.uk/',0);
INSERT INTO products_description (products_id, language_id, products_name, products_description, products_url, products_viewed) VALUES (62, 2, 'Weather Station Clock', 'Stylish clock featuring hygrometer (humidity) and thermometer dials and sweeping second hand. Aluminium rim. 30.5cm diameter. Retail box.','http://www.eddingtons.co.uk/',0);
INSERT INTO products_description (products_id, language_id, products_name, products_description, products_url, products_viewed) VALUES (62, 3, 'Weather Station Clock', 'Stylish clock featuring hygrometer (humidity) and thermometer dials and sweeping second hand. Aluminium rim. 30.5cm diameter. Retail box.','http://www.eddingtons.co.uk/',0);
INSERT INTO products_description (products_id, language_id, products_name, products_description, products_url, products_viewed) VALUES (62, 4, 'Weather Station Clock', 'Stylish clock featuring hygrometer (humidity) and thermometer dials and sweeping second hand. Aluminium rim. 30.5cm diameter. Retail box.','http://www.eddingtons.co.uk/',0);

INSERT INTO products_to_categories (products_id, categories_id) VALUES (62, 29);

# Add index to coupon table
ALTER TABLE coupon ADD KEY idx_coupon_code (coupon_code);

# Mouse had wrong manufacturer
UPDATE products SET manufacturers_id = 2 where products_id = 3 and products_model = 'MSIMPRO' and manufacturers_id = 3;

# Panel for Licensing
INSERT INTO kk_panel (code, description, date_added) VALUES ('kk_panel_license','Licensing', now());

# Add access to the Licensing Panel to all roles that can access the Configuration panel  
INSERT INTO kk_role_to_panel (role_id, panel_id, can_edit, can_insert, can_delete, date_added, store_id) SELECT role_id, p2.panel_id, 1, 1, 1, now(), store_id FROM kk_role_to_panel rtp, kk_panel p, kk_panel p2 where rtp.panel_id=p.panel_id and p.code='kk_panel_storeConfiguration' and p2.code='kk_panel_license';

# ConfigData API calls
INSERT INTO kk_api_call (name, description, date_added) VALUES ('insertConfigData','', now());
INSERT INTO kk_api_call (name, description, date_added) VALUES ('updateConfigData','', now());
INSERT INTO kk_api_call (name, description, date_added) VALUES ('removeConfigData','', now());

# Add Euro currency symbol
UPDATE currencies set symbol_left = '', symbol_right = '' where currencies_id = 2;

# Google Data Feed - Google Product Link 
DELETE FROM configuration WHERE configuration_key = 'GOOGLE_PRODUCT_LINK';
INSERT INTO configuration (configuration_title, configuration_key, configuration_value, configuration_description, configuration_group_id, sort_order, date_added) VALUES ('Google Product Link', 'GOOGLE_PRODUCT_LINK', 'SelectProd.action?prodId=', 'Added to the KonaKart base URL to form a link to a product that is sent to Google.  The ProductId is appended at the end.', '23', '105', now());

# Image APIs
INSERT INTO kk_api_call (name, description, date_added) VALUES ('scaleImage','', now());

# Add extra fields to products table
ALTER TABLE products ADD product_image_dir varchar(64);
ALTER TABLE products ADD product_depth int NOT NULL DEFAULT 0;
ALTER TABLE products ADD product_width int NOT NULL DEFAULT 0;
ALTER TABLE products ADD product_length int NOT NULL DEFAULT 0;
ALTER TABLE products MODIFY products_weight DECIMAL(15,2) DEFAULT 0.00;

#DB2 -- For DB2 Only - Required after modification
#DB2 call SYSPROC.ADMIN_CMD ('REORG TABLE products');

# New Activision Manufacturer

INSERT INTO manufacturers (manufacturers_id, manufacturers_name, manufacturers_image, date_added, last_modified) VALUES (25,'Activision','manufacturer/activision.jpg', now(), null);
INSERT INTO manufacturers_info (manufacturers_id, languages_id, manufacturers_url, url_clicked, date_last_click) VALUES (25, 1, 'http://www.activision.com/', 0, null);
INSERT INTO manufacturers_info (manufacturers_id, languages_id, manufacturers_url, url_clicked, date_last_click) VALUES (25, 2, 'http://www.activision.com/', 0, null);
INSERT INTO manufacturers_info (manufacturers_id, languages_id, manufacturers_url, url_clicked, date_last_click) VALUES (25, 3, 'http://www.activision.com/', 0, null);
INSERT INTO manufacturers_info (manufacturers_id, languages_id, manufacturers_url, url_clicked, date_last_click) VALUES (25, 4, 'http://www.activision.com/', 0, null);

# New Black Ops Game

INSERT INTO products (products_id, products_model, products_price, products_weight, products_status, products_tax_class_id, manufacturers_id, products_quantity, products_ordered, products_date_added, products_date_available) VALUES (63, 'BLACKOPS2', 39.99, 1, 1, 1, 25, 200, 0, now(), now());

INSERT INTO products_description (products_id, language_id, products_name, products_description, products_url, products_viewed) VALUES (63, 1, 'Call Of Duty', 'Call Of Duty - Black Ops2 - Stunning but Violent','http://www.callofduty.com/blackops2',0);
INSERT INTO products_description (products_id, language_id, products_name, products_description, products_url, products_viewed) VALUES (63, 2, 'Call Of Duty', 'Call Of Duty - Black Ops2 - Stunning but Violent','http://www.callofduty.com/blackops2',0);
INSERT INTO products_description (products_id, language_id, products_name, products_description, products_url, products_viewed) VALUES (63, 3, 'Call Of Duty', 'Call Of Duty - Black Ops2 - Stunning but Violent','http://www.callofduty.com/blackops2',0);
INSERT INTO products_description (products_id, language_id, products_name, products_description, products_url, products_viewed) VALUES (63, 4, 'Call Of Duty', 'Call Of Duty - Black Ops2 - Stunning but Violent','http://www.callofduty.com/blackops2',0);

INSERT INTO products_to_categories (products_id, categories_id) VALUES (63, 19);

# Set new locations for product images
UPDATE products SET products_image = '/prod/9/5/9/9/95992CDB-33D0-46BE-A6EF-4C973B3221B5_1_big.jpg', product_image_dir = '/prod/9/5/9/9/', product_uuid = '95992CDB-33D0-46BE-A6EF-4C973B3221B5' WHERE products_id = 1;
UPDATE products SET products_image = '/prod/7/8/5/7/7857D709-61C6-44C1-A5D4-52E463CBEAA9_1_big.jpg', product_image_dir = '/prod/7/8/5/7/', product_uuid = '7857D709-61C6-44C1-A5D4-52E463CBEAA9' WHERE products_id = 2;
UPDATE products SET products_image = '/prod/1/8/5/3/18536902-5B5C-4FF2-859B-A927EE8F38AF_1_big.jpg', product_image_dir = '/prod/1/8/5/3/', product_uuid = '18536902-5B5C-4FF2-859B-A927EE8F38AF' WHERE products_id = 3;
UPDATE products SET products_image = '/prod/9/3/E/E/93EE9E10-709E-4517-9041-D07C577AFBC9_1_big.jpg', product_image_dir = '/prod/9/3/E/E/', product_uuid = '93EE9E10-709E-4517-9041-D07C577AFBC9' WHERE products_id = 4;
UPDATE products SET products_image = '/prod/8/3/7/7/8377214C-C4A5-41C5-93A5-3A580132C55A_1_big.jpg', product_image_dir = '/prod/8/3/7/7/', product_uuid = '8377214C-C4A5-41C5-93A5-3A580132C55A' WHERE products_id = 5;
UPDATE products SET products_image = '/prod/9/5/2/1/95214187-5DF3-403B-BFEF-16DECA237BF6_1_big.jpg', product_image_dir = '/prod/9/5/2/1/', product_uuid = '95214187-5DF3-403B-BFEF-16DECA237BF6' WHERE products_id = 6;
UPDATE products SET products_image = '/prod/9/2/9/3/92937B41-BC5C-4CB8-92E3-4380A933F6E2_1_big.jpg', product_image_dir = '/prod/9/2/9/3/', product_uuid = '92937B41-BC5C-4CB8-92E3-4380A933F6E2' WHERE products_id = 7;
UPDATE products SET products_image = '/prod/0/6/D/A/06DAD86E-0FA8-4B42-9184-CE1B3F3CE4A6_1_big.jpg', product_image_dir = '/prod/0/6/D/A/', product_uuid = '06DAD86E-0FA8-4B42-9184-CE1B3F3CE4A6' WHERE products_id = 8;
UPDATE products SET products_image = '/prod/A/E/C/2/AEC246F9-F629-4657-B563-15B10F644CC8_1_big.jpg', product_image_dir = '/prod/A/E/C/2/', product_uuid = 'AEC246F9-F629-4657-B563-15B10F644CC8' WHERE products_id = 9;
UPDATE products SET products_image = '/prod/9/6/3/9/9639041E-710D-472A-B87C-85E59C435D82_1_big.jpg', product_image_dir = '/prod/9/6/3/9/', product_uuid = '9639041E-710D-472A-B87C-85E59C435D82' WHERE products_id = 10;
UPDATE products SET products_image = '/prod/3/F/D/D/3FDD11D0-C6F2-45D0-B906-7DDFDA015594_1_big.jpg', product_image_dir = '/prod/3/F/D/D/', product_uuid = '3FDD11D0-C6F2-45D0-B906-7DDFDA015594' WHERE products_id = 11;
UPDATE products SET products_image = '/prod/F/7/E/6/F7E61CE3-5778-4790-A705-EE2D9980E979_1_big.jpg', product_image_dir = '/prod/F/7/E/6/', product_uuid = 'F7E61CE3-5778-4790-A705-EE2D9980E979' WHERE products_id = 12;
UPDATE products SET products_image = '/prod/6/7/7/E/677E32E4-1DB2-44AD-A5BF-3CE389A25D3F_1_big.jpg', product_image_dir = '/prod/6/7/7/E/', product_uuid = '677E32E4-1DB2-44AD-A5BF-3CE389A25D3F' WHERE products_id = 13;
UPDATE products SET products_image = '/prod/F/3/1/8/F3186F6D-20DB-49A8-84F8-3F98BE3BA076_1_big.jpg', product_image_dir = '/prod/F/3/1/8/', product_uuid = 'F3186F6D-20DB-49A8-84F8-3F98BE3BA076' WHERE products_id = 14;
UPDATE products SET products_image = '/prod/E/6/A/B/E6AB1135-5B32-4FD1-BF28-12C5CD256CD9_1_big.jpg', product_image_dir = '/prod/E/6/A/B/', product_uuid = 'E6AB1135-5B32-4FD1-BF28-12C5CD256CD9' WHERE products_id = 15;
UPDATE products SET products_image = '/prod/2/1/E/0/21E0683C-62A7-4282-A36F-E0D6BC9AE8A2_1_big.jpg', product_image_dir = '/prod/2/1/E/0/', product_uuid = '21E0683C-62A7-4282-A36F-E0D6BC9AE8A2' WHERE products_id = 16;
UPDATE products SET products_image = '/prod/8/C/7/A/8C7A57B8-A6B5-48A5-A965-87A7D728F1BE_1_big.jpg', product_image_dir = '/prod/8/C/7/A/', product_uuid = '8C7A57B8-A6B5-48A5-A965-87A7D728F1BE' WHERE products_id = 17;
UPDATE products SET products_image = '/prod/C/5/1/A/C51A6C94-27CC-4159-89CF-D8EEFDBB2928_1_big.jpg', product_image_dir = '/prod/C/5/1/A/', product_uuid = 'C51A6C94-27CC-4159-89CF-D8EEFDBB2928' WHERE products_id = 18;
UPDATE products SET products_image = '/prod/C/1/9/2/C1929825-BD7C-4FE3-8AE8-DFEA73A230F0_1_big.jpg', product_image_dir = '/prod/C/1/9/2/', product_uuid = 'C1929825-BD7C-4FE3-8AE8-DFEA73A230F0' WHERE products_id = 19;
UPDATE products SET products_image = '/prod/6/8/9/6/68965D51-F873-4D1B-8A37-92A340E5B913_1_big.jpg', product_image_dir = '/prod/6/8/9/6/', product_uuid = '68965D51-F873-4D1B-8A37-92A340E5B913' WHERE products_id = 20;
UPDATE products SET products_image = '/prod/C/4/9/4/C4941395-021B-4C97-B46C-A4491AD3D620_1_big.jpg', product_image_dir = '/prod/C/4/9/4/', product_uuid = 'C4941395-021B-4C97-B46C-A4491AD3D620' WHERE products_id = 21;
UPDATE products SET products_image = '/prod/5/7/D/3/57D32457-0C8A-4387-9680-1B4861AE6178_1_big.jpg', product_image_dir = '/prod/5/7/D/3/', product_uuid = '57D32457-0C8A-4387-9680-1B4861AE6178' WHERE products_id = 22;
UPDATE products SET products_image = '/prod/F/9/8/F/F98FF9EA-110B-4096-AD22-1423E0E78C36_1_big.jpg', product_image_dir = '/prod/F/9/8/F/', product_uuid = 'F98FF9EA-110B-4096-AD22-1423E0E78C36' WHERE products_id = 23;
UPDATE products SET products_image = '/prod/3/8/3/B/383B8D87-B3EA-4AAF-B0AB-9614C17463F3_1_big.jpg', product_image_dir = '/prod/3/8/3/B/', product_uuid = '383B8D87-B3EA-4AAF-B0AB-9614C17463F3' WHERE products_id = 24;
UPDATE products SET products_image = '/prod/0/0/1/F/001F1EAA-2910-440E-BB8D-C714E0E859B4_1_big.jpg', product_image_dir = '/prod/0/0/1/F/', product_uuid = '001F1EAA-2910-440E-BB8D-C714E0E859B4' WHERE products_id = 25;
UPDATE products SET products_image = '/prod/F/E/F/2/FEF2DB86-728E-4C6A-A3FA-4F4B099D28E6_1_big.jpg', product_image_dir = '/prod/F/E/F/2/', product_uuid = 'FEF2DB86-728E-4C6A-A3FA-4F4B099D28E6' WHERE products_id = 26;
UPDATE products SET products_image = '/prod/5/1/B/7/51B73EC2-0845-4837-B125-EC8041C0EA76_1_big.jpg', product_image_dir = '/prod/5/1/B/7/', product_uuid = '51B73EC2-0845-4837-B125-EC8041C0EA76' WHERE products_id = 27;
UPDATE products SET products_image = '/prod/E/3/8/4/E384D77F-69C0-4DA9-97DE-32F042B437DB_1_big.jpg', product_image_dir = '/prod/E/3/8/4/', product_uuid = 'E384D77F-69C0-4DA9-97DE-32F042B437DB' WHERE products_id = 28;
UPDATE products SET products_image = '/prod/E/D/7/0/ED709A75-1C44-4983-ADB5-B42E963452C3_1_big.jpg', product_image_dir = '/prod/E/D/7/0/', product_uuid = 'ED709A75-1C44-4983-ADB5-B42E963452C3' WHERE products_id = 29;
UPDATE products SET products_image = '/prod/D/A/1/A/DA1A02B1-B200-4125-BBFA-22EE7D01963A_1_big.jpg', product_image_dir = '/prod/D/A/1/A/', product_uuid = 'DA1A02B1-B200-4125-BBFA-22EE7D01963A' WHERE products_id = 30;
UPDATE products SET products_image = '/prod/B/9/9/0/B990FBA5-CCFF-467D-A6ED-230298BB609E_1_big.jpg', product_image_dir = '/prod/B/9/9/0/', product_uuid = 'B990FBA5-CCFF-467D-A6ED-230298BB609E' WHERE products_id = 31;
UPDATE products SET products_image = '/prod/D/D/D/4/DDD4F497-9212-4E73-BD2E-2B56428E51A2_1_big.jpg', product_image_dir = '/prod/D/D/D/4/', product_uuid = 'DDD4F497-9212-4E73-BD2E-2B56428E51A2' WHERE products_id = 32;
UPDATE products SET products_image = '/prod/F/9/8/F/F98F155B-2D6D-41C0-897F-3071B6354AD8_1_big.jpg', product_image_dir = '/prod/F/9/8/F/', product_uuid = 'F98F155B-2D6D-41C0-897F-3071B6354AD8' WHERE products_id = 33;
UPDATE products SET products_image = '/prod/5/A/A/C/5AAC7490-1BB8-4980-BA0A-F49B25ADBA71_1_big.jpg', product_image_dir = '/prod/5/A/A/C/', product_uuid = '5AAC7490-1BB8-4980-BA0A-F49B25ADBA71' WHERE products_id = 34;
UPDATE products SET products_image = '/prod/3/7/4/F/374F4985-53E5-49FF-A277-4A8AEE40FE0D_1_big.jpg', product_image_dir = '/prod/3/7/4/F/', product_uuid = '374F4985-53E5-49FF-A277-4A8AEE40FE0D' WHERE products_id = 35;
UPDATE products SET products_image = '/prod/A/F/0/E/AF0E40B3-70C4-4A12-9026-5784BBD23C06_1_big.jpg', product_image_dir = '/prod/A/F/0/E/', product_uuid = 'AF0E40B3-70C4-4A12-9026-5784BBD23C06' WHERE products_id = 36;
UPDATE products SET products_image = '/prod/A/5/9/6/A5966A16-B912-47C8-980C-60B7CDFC9177_1_big.jpg', product_image_dir = '/prod/A/5/9/6/', product_uuid = 'A5966A16-B912-47C8-980C-60B7CDFC9177' WHERE products_id = 37;
UPDATE products SET products_image = '/prod/B/1/8/1/B181BD28-2701-4703-A30F-5056517A55C7_1_big.jpg', product_image_dir = '/prod/B/1/8/1/', product_uuid = 'B181BD28-2701-4703-A30F-5056517A55C7' WHERE products_id = 38;
UPDATE products SET products_image = '/prod/1/5/F/8/15F8FBB1-13DA-4A47-B3D2-0F1E7BECAE7C_1_big.jpg', product_image_dir = '/prod/1/5/F/8/', product_uuid = '15F8FBB1-13DA-4A47-B3D2-0F1E7BECAE7C' WHERE products_id = 39;
UPDATE products SET products_image = '/prod/4/A/6/B/4A6B2621-4689-41D7-9BB6-9C2A4200F39E_1_big.jpg', product_image_dir = '/prod/4/A/6/B/', product_uuid = '4A6B2621-4689-41D7-9BB6-9C2A4200F39E' WHERE products_id = 40;
UPDATE products SET products_image = '/prod/9/5/7/8/95782936-65F3-448F-BF8E-A0F5409B5048_1_big.jpg', product_image_dir = '/prod/9/5/7/8/', product_uuid = '95782936-65F3-448F-BF8E-A0F5409B5048' WHERE products_id = 41;
UPDATE products SET products_image = '/prod/1/1/B/C/11BC0D25-1B08-4141-BABB-1B1E633CB382_1_big.jpg', product_image_dir = '/prod/1/1/B/C/', product_uuid = '11BC0D25-1B08-4141-BABB-1B1E633CB382' WHERE products_id = 42;
UPDATE products SET products_image = '/prod/A/2/1/C/A21CA25F-645B-4D88-9539-1407737EC790_1_big.jpg', product_image_dir = '/prod/A/2/1/C/', product_uuid = 'A21CA25F-645B-4D88-9539-1407737EC790' WHERE products_id = 43;
UPDATE products SET products_image = '/prod/9/4/C/A/94CA0B48-0BCA-4696-A688-93C626E120F0_1_big.jpg', product_image_dir = '/prod/9/4/C/A/', product_uuid = '94CA0B48-0BCA-4696-A688-93C626E120F0' WHERE products_id = 44;
UPDATE products SET products_image = '/prod/4/0/4/1/4041A0F2-D827-4E55-ACAB-A1FDC48E423A_1_big.jpg', product_image_dir = '/prod/4/0/4/1/', product_uuid = '4041A0F2-D827-4E55-ACAB-A1FDC48E423A' WHERE products_id = 45;
UPDATE products SET products_image = '/prod/9/0/D/6/90D61688-734D-47CE-B98E-D4AAD5C5AA81_1_big.jpg', product_image_dir = '/prod/9/0/D/6/', product_uuid = '90D61688-734D-47CE-B98E-D4AAD5C5AA81' WHERE products_id = 46;
UPDATE products SET products_image = '/prod/6/D/F/6/6DF6E083-1AFA-4ADB-B91D-8C82D2CB3013_1_big.jpg', product_image_dir = '/prod/6/D/F/6/', product_uuid = '6DF6E083-1AFA-4ADB-B91D-8C82D2CB3013' WHERE products_id = 47;
UPDATE products SET products_image = '/prod/A/3/8/B/A38BC2F7-4BC2-4602-ABC1-053ABF1664DB_1_big.jpg', product_image_dir = '/prod/A/3/8/B/', product_uuid = 'A38BC2F7-4BC2-4602-ABC1-053ABF1664DB' WHERE products_id = 48;
UPDATE products SET products_image = '/prod/2/D/F/3/2DF3A010-69FC-4C33-B412-CC9921D162FB_1_big.jpg', product_image_dir = '/prod/2/D/F/3/', product_uuid = '2DF3A010-69FC-4C33-B412-CC9921D162FB' WHERE products_id = 49;
UPDATE products SET products_image = '/prod/9/6/A/2/96A22190-8D96-430E-8D29-F1B203994759_1_big.jpg', product_image_dir = '/prod/9/6/A/2/', product_uuid = '96A22190-8D96-430E-8D29-F1B203994759' WHERE products_id = 50;
UPDATE products SET products_image = '/prod/B/0/C/B/B0CBFAA6-C865-4DDC-9451-3ABEC85FB2D2_1_big.jpg', product_image_dir = '/prod/B/0/C/B/', product_uuid = 'B0CBFAA6-C865-4DDC-9451-3ABEC85FB2D2' WHERE products_id = 51;
UPDATE products SET products_image = '/prod/7/0/2/6/70261953-3F55-4999-A644-5EC19A321886_1_big.jpg', product_image_dir = '/prod/7/0/2/6/', product_uuid = '70261953-3F55-4999-A644-5EC19A321886' WHERE products_id = 52;
UPDATE products SET products_image = '/prod/1/B/3/F/1B3F5FA1-469D-4B95-8EE1-42A5856961BC_1_big.jpg', product_image_dir = '/prod/1/B/3/F/', product_uuid = '1B3F5FA1-469D-4B95-8EE1-42A5856961BC' WHERE products_id = 53;
UPDATE products SET products_image = '/prod/E/C/D/2/ECD283D0-BFFD-4639-8B08-965C3470B895_1_big.jpg', product_image_dir = '/prod/E/C/D/2/', product_uuid = 'ECD283D0-BFFD-4639-8B08-965C3470B895' WHERE products_id = 54;
UPDATE products SET products_image = '/prod/5/E/8/9/5E89B135-269C-4094-81F1-A71C98D1412A_1_big.jpg', product_image_dir = '/prod/5/E/8/9/', product_uuid = '5E89B135-269C-4094-81F1-A71C98D1412A' WHERE products_id = 55;
UPDATE products SET products_image = '/prod/A/8/6/C/A86C794E-5C00-4F5D-8D01-121C01E6A470_1_big.jpg', product_image_dir = '/prod/A/8/6/C/', product_uuid = 'A86C794E-5C00-4F5D-8D01-121C01E6A470' WHERE products_id = 56;
UPDATE products SET products_image = '/prod/1/0/3/0/10301426-3620-418E-AF4D-4319F708E564_1_big.jpg', product_image_dir = '/prod/1/0/3/0/', product_uuid = '10301426-3620-418E-AF4D-4319F708E564' WHERE products_id = 57;
UPDATE products SET products_image = '/prod/F/F/0/6/FF06923B-46B1-4F4B-9A6F-A68276A56FE5_1_big.jpg', product_image_dir = '/prod/F/F/0/6/', product_uuid = 'FF06923B-46B1-4F4B-9A6F-A68276A56FE5' WHERE products_id = 58;
UPDATE products SET products_image = '/prod/E/7/B/8/E7B8896B-3199-4C4A-966D-9CCD3EFAA33C_1_big.jpg', product_image_dir = '/prod/E/7/B/8/', product_uuid = 'E7B8896B-3199-4C4A-966D-9CCD3EFAA33C' WHERE products_id = 59;
UPDATE products SET products_image = '/prod/5/4/F/D/54FDD302-5B74-4075-8C2E-B9E11A0EEF2E_1_big.jpg', product_image_dir = '/prod/5/4/F/D/', product_uuid = '54FDD302-5B74-4075-8C2E-B9E11A0EEF2E' WHERE products_id = 60;
UPDATE products SET products_image = '/prod/3/1/1/1/3111B14C-0BC1-45E4-A4F9-968DAD99B6F2_1_big.jpg', product_image_dir = '/prod/3/1/1/1/', product_uuid = '3111B14C-0BC1-45E4-A4F9-968DAD99B6F2' WHERE products_id = 61;
UPDATE products SET products_image = '/prod/C/0/2/C/C02C89ED-CB73-4150-BB41-0726DEE2E5A1_1_big.jpg', product_image_dir = '/prod/C/0/2/C/', product_uuid = 'C02C89ED-CB73-4150-BB41-0726DEE2E5A1' WHERE products_id = 62;
UPDATE products SET products_image = '/prod/8/6/D/7/86D70649-28A3-492D-A18E-B6BB0934EB7C_1_big.jpg', product_image_dir = '/prod/8/6/D/7/', product_uuid = '86D70649-28A3-492D-A18E-B6BB0934EB7C' WHERE products_id = 63;

# Reset Login base URL for new storefront
UPDATE configuration SET configuration_value='https://localhost:8783/konakart/AdminLoginSubmit.action' WHERE configuration_key='ADMIN_APP_LOGIN_BASE_URL';

# Misc Items types
INSERT INTO kk_misc_item_type (kk_misc_item_type_id, language_id, name, description) VALUES (1, 1, 'Banner_1', 'Top banner');
INSERT INTO kk_misc_item_type (kk_misc_item_type_id, language_id, name, description) VALUES (1, 2, 'Banner_1', 'Top banner');
INSERT INTO kk_misc_item_type (kk_misc_item_type_id, language_id, name, description) VALUES (1, 3, 'Banner_1', 'Top banner');
INSERT INTO kk_misc_item_type (kk_misc_item_type_id, language_id, name, description) VALUES (1, 4, 'Banner_1', 'Top banner');
INSERT INTO kk_misc_item_type (kk_misc_item_type_id, language_id, name, description) VALUES (2, 1, 'Banner_2', '2nd banner');
INSERT INTO kk_misc_item_type (kk_misc_item_type_id, language_id, name, description) VALUES (2, 2, 'Banner_2', '2nd banner');
INSERT INTO kk_misc_item_type (kk_misc_item_type_id, language_id, name, description) VALUES (2, 3, 'Banner_2', '2nd banner');
INSERT INTO kk_misc_item_type (kk_misc_item_type_id, language_id, name, description) VALUES (2, 4, 'Banner_2', '2nd banner');
INSERT INTO kk_misc_item_type (kk_misc_item_type_id, language_id, name, description) VALUES (3, 1, 'Banner_3', '3rd banner');
INSERT INTO kk_misc_item_type (kk_misc_item_type_id, language_id, name, description) VALUES (3, 2, 'Banner_3', '3rd banner');
INSERT INTO kk_misc_item_type (kk_misc_item_type_id, language_id, name, description) VALUES (3, 3, 'Banner_3', '3rd banner');
INSERT INTO kk_misc_item_type (kk_misc_item_type_id, language_id, name, description) VALUES (3, 4, 'Banner_3', '3rd banner');

# Misc Items for categories
#cat 1 Computer Peripherals
INSERT INTO kk_misc_item (kk_misc_item_id, kk_obj_id, kk_obj_type_id, kk_misc_item_type_id, item_value, custom1) VALUES (1, 1, 2, 1, 'images/banners/computer-peripherals/logitech-keyboard.jpg', 'SelectProd.action?prodId=31' );
INSERT INTO kk_misc_item (kk_misc_item_id, kk_obj_id, kk_obj_type_id, kk_misc_item_type_id, item_value, custom1) VALUES (2, 1, 2, 2, 'images/banners/computer-peripherals/hp-photosmart.jpg','SelectProd.action?prodId=27' );
INSERT INTO kk_misc_item (kk_misc_item_id, kk_obj_id, kk_obj_type_id, kk_misc_item_type_id, item_value, custom1) VALUES (3, 1, 2, 3, 'images/banners/computer-peripherals/deals-of-the-week.jpg', '' );
#cat 2 Games
INSERT INTO kk_misc_item (kk_misc_item_id, kk_obj_id, kk_obj_type_id, kk_misc_item_type_id, item_value, custom1) VALUES (4, 2, 2, 1, 'images/banners/games/black-ops-2.jpg', 'SelectProd.action?prodId=63' );
INSERT INTO kk_misc_item (kk_misc_item_id, kk_obj_id, kk_obj_type_id, kk_misc_item_type_id, item_value, custom1) VALUES (5, 2, 2, 2, 'images/banners/games/swat3.jpg','SelectProd.action?prodId=21' );
INSERT INTO kk_misc_item (kk_misc_item_id, kk_obj_id, kk_obj_type_id, kk_misc_item_type_id, item_value, custom1) VALUES (6, 2, 2, 3, 'images/banners/games/winter-deals.jpg', '' );
#cat 3 DVD Movies
INSERT INTO kk_misc_item (kk_misc_item_id, kk_obj_id, kk_obj_type_id, kk_misc_item_type_id, item_value, custom1) VALUES (7, 3, 2, 1, 'images/banners/movies/dark-knight.jpg', 'SelectProd.action?prodId=20' );
INSERT INTO kk_misc_item (kk_misc_item_id, kk_obj_id, kk_obj_type_id, kk_misc_item_type_id, item_value, custom1) VALUES (8, 3, 2, 2, 'images/banners/movies/harry-potter.jpg','SelectProd.action?prodId=11' );
INSERT INTO kk_misc_item (kk_misc_item_id, kk_obj_id, kk_obj_type_id, kk_misc_item_type_id, item_value, custom1) VALUES (9, 3, 2, 3, 'images/banners/movies/movie-deals.jpg', '' );
#cat 23 Electronics
INSERT INTO kk_misc_item (kk_misc_item_id, kk_obj_id, kk_obj_type_id, kk_misc_item_type_id, item_value, custom1) VALUES (10, 23, 2, 1, 'images/banners/electronics/kindle-fire-hd.jpg', 'SelectProd.action?prodId=34' );
INSERT INTO kk_misc_item (kk_misc_item_id, kk_obj_id, kk_obj_type_id, kk_misc_item_type_id, item_value, custom1) VALUES (11, 23, 2, 2, 'images/banners/electronics/canon-powershot.jpg','SelectProd.action?prodId=49' );
INSERT INTO kk_misc_item (kk_misc_item_id, kk_obj_id, kk_obj_type_id, kk_misc_item_type_id, item_value, custom1) VALUES (12, 23, 2, 3, 'images/banners/electronics/electronics-sale.jpg', '' );
#cat 24 Home and Garden
INSERT INTO kk_misc_item (kk_misc_item_id, kk_obj_id, kk_obj_type_id, kk_misc_item_type_id, item_value, custom1) VALUES (13, 24, 2, 1, 'images/banners/home-and-garden/delonghi.jpg', 'SelectProd.action?prodId=33' );
INSERT INTO kk_misc_item (kk_misc_item_id, kk_obj_id, kk_obj_type_id, kk_misc_item_type_id, item_value, custom1) VALUES (14, 24, 2, 2, 'images/banners/home-and-garden/rotak-40.jpg','SelectProd.action?prodId=39' );
INSERT INTO kk_misc_item (kk_misc_item_id, kk_obj_id, kk_obj_type_id, kk_misc_item_type_id, item_value, custom1) VALUES (15, 24, 2, 3, 'images/banners/home-and-garden/gifts-for-the-home.jpg', '' );

# Assign somw featured products
UPDATE products SET custom1 = 'featured' where products_id = 39;
UPDATE products SET custom1 = 'featured' where products_id = 40;
UPDATE products SET custom1 = 'featured' where products_id = 41;
UPDATE products SET custom1 = 'featured' where products_id = 42;
UPDATE products SET custom1 = 'featured' where products_id = 33;
UPDATE products SET custom1 = 'featured' where products_id = 43;
UPDATE products SET custom1 = 'featured' where products_id = 44;
UPDATE products SET custom1 = 'featured' where products_id = 59;
